source_account,owner_account,date,post_url,is_ad,caption_first_line
knewnew.official,knewnew.trend,2026-08-18,https://www.instagram.com/p/DcLPdnNpzBn/,N,💘 빠져들 수 밖에 없는 엔하이픈 입덕 직캠 🎥
knewnew.official,knewnew.official,2026-08-18,https://www.instagram.com/p/DcLL_xvkTcm/,N,🌿 가끔은 혼자 떠나는 하루도 필요하니까.
knewnew.official,knewnew.official,2026-08-18,https://www.instagram.com/p/DcLFDYYkfo6/,N,🏫 서울에도 영감을 얻기 좋은 공간이 가득해.
knewnew.official,knewnew.official,2026-08-18,https://www.instagram.com/p/DcK60PpkUJB/,Y,#광고 흔적 없는 깨끗한 피부 비결?
knewnew.official,knewnew.life,2026-08-18,https://www.instagram.com/p/DcKz-saEUNQ/,N,"🪽 어머, 조명 하나 바꿨더니 방이 달라졌네?"
knewnew.official,knewnew.life,2026-08-18,https://www.instagram.com/p/DcKmPQskmlb/,N,🏠 미노항에서 탐나는 아이템만 모아 <컵>
knewnew.official,knewnew.official,2026-08-18,https://www.instagram.com/p/DcKfWlck9Uf/,Y,"#광고 팀 자취생 주목, 자취방 공기 관리는 이걸로 끝! 🌿"
knewnew.official,knewnew.official,2026-08-18,https://www.instagram.com/p/DcKYap8k1b7/,N,🤨 구움과자까지 마스터해야 진짜 빵순이.
knewnew.official,knewnew.official,2026-08-17,https://www.instagram.com/p/DcI4WSWE37W/,N,🪩 요즘 핫걸들 다 이태원에서 놀던데?
knewnew.official,knewnew.official,2026-08-17,https://www.instagram.com/p/DcI03JAk0fA/,N,🫛 콩국수 먹고 콩물화채 먹으면 고소함 2배.
knewnew.official,knewnew.official,2026-08-17,https://www.instagram.com/p/DcIqmcxRW-S/,Y,"#광고 💜 엔하이픈의 팬 사랑, 비결은 리스테린?"
knewnew.official,knewnew.official,2026-08-17,https://www.instagram.com/p/DcInF4lkfho/,N,🤝 언니랑 취향이 잘 맞아서 부산여행 참 즐거웠어.
knewnew.official,knewnew.style,2026-08-17,https://www.instagram.com/p/DcIEjxTgQd9/,N,#뉴뉴출근룩 📋 8월 2주 차 보고
knewnew.style,knewnew.style,2026-08-17,https://www.instagram.com/p/DcIEjxTgQd9/,N,#뉴뉴출근룩 📋 8월 2주 차 보고
knewnew.official,knewnew.life,2026-08-17,https://www.instagram.com/p/DcICHCskr2A/,N,"🥄 엄마가 몰라서 그렇지, 요즘 애들은 다 이거 써요..."
knewnew.official,knewnew.official,2026-08-17,https://www.instagram.com/p/DcHzlVjk4Pk/,N,😋 나 이거 먹으려고 청계천 가는 거 맞아.
knewnew.official,knewnew.trend,2026-08-17,https://www.instagram.com/p/DcHs1jJE2hS/,N,#뉴가가질래 댓글 이벤트 콘래드 호텔 뷔페 식사권 ✨ 
knewnew.official,knewnew.trend,2026-08-16,https://www.instagram.com/p/DcHlpa9THVI/,N,"배달 저리 가라, 역대급 편의점 메뉴 🥵"
knewnew.official,knewnew.trend,2026-08-16,https://www.instagram.com/p/DcGczTXJ4Ny/,N,실시간 빛나는 엔하이픈 비주얼 감상 타임 ✨
knewnew.official,knewnew.official,2026-08-16,https://www.instagram.com/p/DcGTkrBk2EO/,N,👤 오늘은 나만의 시간을 좀 가져야겠어.
knewnew.official,knewnew.official,2026-08-16,https://www.instagram.com/p/DcGQCOkk70F/,N,🔫 한국인 입맛 저격하는 타코.
knewnew.official,knewnew.official,2026-08-16,https://www.instagram.com/p/DcGCX9IEXiu/,N,🍨 디저트 하나만으로 청주 갈 이유 충분하잖아.
knewnew.official,knewnew.official,2026-08-16,https://www.instagram.com/p/DcF7TnqESOQ/,N,👁️ 에디터가 주목하는 NEW F&B 브랜드들! 🆕
knewnew.official,knewnew.life,2026-08-16,https://www.instagram.com/p/DcFqFmTkcqn/,N,👩🏻‍🍳 과연 맛본 음식과 똑같은 맛이 날까?
knewnew.official,knewnew.official,2026-08-16,https://www.instagram.com/p/DcFf918kQhy/,N,😌 자연을 마주하는 것 만으로도 기분 전환이 된다.
knewnew.official,knewnew.life,2026-08-16,https://www.instagram.com/p/DcFcqhPkpm_/,N,"🛒 가성비 숨은 꿀템, 뉴뉴가 찾아드립니다."
knewnew.official,knewnew.official,2026-08-16,https://www.instagram.com/p/DcFVaREz3eU/,Y,#광고 💕 스무디 챙겨주는 현지와 모닝 데이트 🪽
knewnew.official,knewnew.official,2026-08-16,https://www.instagram.com/p/DcFO2K7k1Fh/,N,😗 이따 오후에 신사동에서 브런치 어때?
knewnew.official,knewnew.official,2026-08-15,https://www.instagram.com/p/DcDuwy2kwds/,N,"🍧 전주, 이제 디저트 먹으러 간다."
knewnew.official,knewnew.official,2026-08-15,https://www.instagram.com/p/DcDrJaCE-BT/,N,🧊 더위가 싹 달아나는 시원한 맛.
knewnew.official,knewnew.official,2026-08-15,https://www.instagram.com/p/DcDdmNGka-M/,N,🎶 하남 이렇게 아기자기하면 어떡해?
knewnew.official,knewnew.official,2026-08-15,https://www.instagram.com/p/DcDWuO2EVa5/,N,🏫 개강해도 맛있는 건 포기 못하지.
knewnew.official,knewnew.trend,2026-08-15,https://www.instagram.com/p/DcDTTZSiWBF/,N,"📸 요즘 핫한 편집법, 뉴뉴가 정리해 드립니다."
knewnew.official,knewnew.official,2026-08-15,https://www.instagram.com/p/DcDMbbwkchT/,Y,#광고 프리미엄 참치는 처음인데요 🫢
knewnew.official,knewnew.official,2026-08-15,https://www.instagram.com/p/DcC-sm3EVOn/,Y,#광고 다음주는 무조건 홍대로 가야겠습니다. 🏃🏻
knewnew.official,knewnew.official,2026-08-15,https://www.instagram.com/p/DcC7RCBEYst/,N,💓 자기야 오늘은 부암동 데이트 어때?
knewnew.official,knewnew.life,2026-08-15,https://www.instagram.com/p/DcC4FZTkob2/,N,⚫️ 소녀라면 가져야 할 비주얼 도트 컵 등장
knewnew.official,knewnew.official,2026-08-15,https://www.instagram.com/p/DcCp_LhE6AY/,N,👩🏻 : 엄마도 이런 귀여운 거 좋아할 것 같아!
knewnew.official,knewnew.official,2026-08-14,https://www.instagram.com/p/DcBNlHIE3x9/,Y,#광고 용산역에 이런 신성한(?) 공간이 생겼다고요? 🪖
knewnew.official,knewnew.official,2026-08-14,https://www.instagram.com/p/DcBJ9uCEyNz/,N,🖤 수원 소개팅 어디 갈지 고민돼?
knewnew.official,knewnew.official,2026-08-14,https://www.instagram.com/p/DcBGb8JE7dI/,N,🥓 숯불향 가득한게 진짜 맛있음.
knewnew.official,knewnew.official,2026-08-14,https://www.instagram.com/p/DcA4scLEVLP/,N,🎒 사진 찍고 실컷 수다 떨다 보니 어느새 하루 순삭.
knewnew.official,knewnew.official,2026-08-14,https://www.instagram.com/p/DcAx5OoEcL5/,N,🇵🇹 2번이고 3번이고 다시올래.
knewnew.official,knewnew.official,2026-08-14,https://www.instagram.com/p/DcAncNsRZv0/,Y,#광고 요즘 결혼식 서프라이즈 수준...🤍 
knewnew.official,knewnew.official,2026-08-14,https://www.instagram.com/p/DcAdVVzkQaT/,N,☕️ 해방촌 카페 고민? 여기로 종결.
knewnew.official,knewnew.official,2026-08-14,https://www.instagram.com/p/DcAZ6e1EXEN/,Y,#광고 솔직히 팀홀튼에 곰돌이 푸 덕후 있는 거 맞죠? 🎈
knewnew.official,knewnew.official,2026-08-14,https://www.instagram.com/p/DcAWXNvEW6V/,N,😌 이천은 쌀이 아니라 힐링의 도시인가.
knewnew.official,knewnew.life,2026-08-14,https://www.instagram.com/p/DcATCZOkssh/,N,🏠 HAY에서 탐나는 아이템만 모아 <의자>
knewnew.official,knewnew.official,2026-08-14,https://www.instagram.com/p/DcAMK-eE6vg/,Y,#광고 롤 좋아한다면? 롤드컵 보러 뉴욕 가자 ✈️
knewnew.official,knewnew.official,2026-08-14,https://www.instagram.com/p/DcAFUDSk6iZ/,N,👀️️ 방배 주민들은 맨날 여기서 점심 먹던데?
knewnew.official,knewnew.trend,2026-08-13,https://www.instagram.com/p/Db_32Rak8JM/,N,💌 딩동 - 당신을 위한 8월 2주차 신상템 알림 🔔 
knewnew.official,knewnew.official,2026-08-13,https://www.instagram.com/p/Db-lDgVE1Y7/,N,🎐 동네 카페 가는게 최고의 여름 피서지.
knewnew.official,knewnew.official,2026-08-13,https://www.instagram.com/p/Db-hjVdE7E4/,N,🍅 말차 + 토마토 조합 은근 중독 될걸요.
knewnew.official,knewnew.trend,2026-08-13,https://www.instagram.com/p/Db-XkXTpGUB/,N,#오늘의트렌드 🐓 왜 한정판매..? 역대급 신상 ‘삼계탕 사발면’ 
knewnew.official,knewnew.official,2026-08-13,https://www.instagram.com/p/Db-UAq_EQ_w/,N,🥼 패디과생들 사이에서 유명한 코스라며?
knewnew.style,knewnew.official,2026-08-13,https://www.instagram.com/p/Db-UAq_EQ_w/,N,🥼 패디과생들 사이에서 유명한 코스라며?
knewnew.official,knewnew.official,2026-08-13,https://www.instagram.com/p/Db-NK06EUpg/,N,💚 이래서 중랑구를 떠날 수가 없지.
knewnew.official,knewnew.trend,2026-08-13,https://www.instagram.com/p/Db-IVLDpVZ9/,N,요즘은 복숭아를 이렇게 만들어서 먹는다면서요? 🍑
knewnew.official,knewnew.style,2026-08-13,https://www.instagram.com/p/Db-G5OsB-Q2/,N,⭐️ 세상 영롱한 핑크 축고정렌즈 찾았습니다..
knewnew.style,knewnew.style,2026-08-13,https://www.instagram.com/p/Db-G5OsB-Q2/,N,⭐️ 세상 영롱한 핑크 축고정렌즈 찾았습니다..
knewnew.official,knewnew.life,2026-08-13,https://www.instagram.com/p/Db97_W8EY_g/,N,💡 이렇게 귀여운 조명이 빈티지라고요?
knewnew.official,knewnew.official,2026-08-13,https://www.instagram.com/p/Db9xidzE_zq/,N,🍑 복숭아 덕후들 빨리 저장하세요.
knewnew.official,knewnew.official,2026-08-13,https://www.instagram.com/p/Db9m8SFziRA/,Y,"#광고 🎶 왔다, 내 귀차니즘 극복템 🥰"
knewnew.official,knewnew.official,2026-08-13,https://www.instagram.com/p/Db9gcyskxbE/,N,🎒 나 지금 당장 대구로 떠날거임.
knewnew.official,knewnew.trend,2026-08-12,https://www.instagram.com/p/Db9S6cnkwuq/,N,📅 이번 주 F&B 팝업 소식 HOT 5
knewnew.official,knewnew.official,2026-08-12,https://www.instagram.com/p/Db8AYJ6Ez_2/,N,🌊 여름휴가 못 간 사람들은 고성으로!
knewnew.official,knewnew.official,2026-08-12,https://www.instagram.com/p/Db79APME0zw/,N,🌴 여름 마지막 여행은 부산이다.
knewnew.official,knewnew.official,2026-08-12,https://www.instagram.com/p/Db7vHDJkQPt/,N,☝️️️ 잠실에서 뭐 먹을지 고민된다면 참고!
knewnew.official,knewnew.official,2026-08-12,https://www.instagram.com/p/Db7ryDEkVxB/,Y,#광고 방구석 요리 고수님을 모십니다 🧎🏻
knewnew.official,knewnew.official,2026-08-12,https://www.instagram.com/p/Db7oZi7EbCv/,N,"🍂 가을 여행 계획, 지금부터 해야 하는 거 알지?"
knewnew.official,knewnew.trend,2026-08-12,https://www.instagram.com/p/Db7k7x4iT5s/,N,"📸 요즘 핫한 편집법, 뉴뉴가 정리해 드립니다."
knewnew.official,knewnew.official,2026-08-12,https://www.instagram.com/p/Db7M5rgE9BF/,N,📸 여기 그냥 지나칠 수 있겠어?
knewnew.official,knewnew.life,2026-08-12,https://www.instagram.com/p/Db7JlXQklpt/,N,🍚 한국인은 역시 한식을 먹어야 든든하다!
knewnew.official,knewnew.official,2026-08-12,https://www.instagram.com/p/Db67uGfk_Az/,N,"🏫 성신여대생들, 여기 안 가본 사람 있어?"
knewnew.official,knewnew.official,2026-08-11,https://www.instagram.com/p/Db5bmAxk_Wg/,N,🤦🏻 이러다 대화동 주민 되는 거 아냐?
knewnew.official,knewnew.official,2026-08-11,https://www.instagram.com/p/Db5X8wNE-q2/,N,🍈 한집에서 파르페 도장깨기 가능.
knewnew.official,knewnew.official,2026-08-11,https://www.instagram.com/p/Db5Kas7kco4/,N,"❓ 어라, 쇼핑백이 왜 벌써 꽉 찼지?"
knewnew.style,knewnew.official,2026-08-11,https://www.instagram.com/p/Db5Kas7kco4/,N,"❓ 어라, 쇼핑백이 왜 벌써 꽉 찼지?"
knewnew.official,knewnew.trend,2026-08-11,https://www.instagram.com/p/Db5G56iCZh4/,N,#오늘의트렌드 🎃 갓 만든 창억떡? 차원이 달라.
knewnew.official,knewnew.official,2026-08-11,https://www.instagram.com/p/Db5DbOaEbIV/,N,🏫 영감도 얻고 작업하기 좋은 카페에서 만나.
knewnew.official,knewnew.official,2026-08-11,https://www.instagram.com/p/Db45QBIkWa6/,Y,#광고 영화 촬영장에 직접 간 주연배우가 없다? 😮
knewnew.official,knewnew.style,2026-08-11,https://www.instagram.com/p/Db43y-2gXrc/,N,👛 지갑 털릴 준비 하고 보세요.
knewnew.style,knewnew.style,2026-08-11,https://www.instagram.com/p/Db43y-2gXrc/,N,👛 지갑 털릴 준비 하고 보세요.
knewnew.official,knewnew.official,2026-08-11,https://www.instagram.com/p/Db4oAcpk8Q4/,N,🚶‍♀️ 선유도 공원 산책갔다가 잠깐 들를까?
knewnew.official,knewnew.life,2026-08-11,https://www.instagram.com/p/Db4kpzBEl4O/,N,"🪑 이 집, 귀여운 의자 맛집인가요?"
knewnew.official,knewnew.official,2026-08-11,https://www.instagram.com/p/Db4W56skwXo/,N,🥪 샌드위치가 밥보다 좋은 사람 여기로 모여
knewnew.official,knewnew.official,2026-08-10,https://www.instagram.com/p/Db22yU1kyWJ/,N,"🎵 음악 없이 못 사는 사람, 여기 주목!"
knewnew.official,knewnew.official,2026-08-10,https://www.instagram.com/p/Db2zOMaE4Vd/,N,🍑 납작북숭아 양 정말 미쳤다(p).
knewnew.official,knewnew.official,2026-08-10,https://www.instagram.com/p/Db2liBkEejw/,N,🚗 주말에 우리 가족 같이 바다보러 선재도로 가자
knewnew.official,knewnew.trend,2026-08-10,https://www.instagram.com/p/Db2bSi_CToF/,N,"🛍️ 동대문 오면 여긴 지나치지 마세요,"
knewnew.official,knewnew.life,2026-08-10,https://www.instagram.com/p/Db2UWglER7r/,N,🛒 29CM HOME 에서 탐나는 아이템만 모아 <욕실 미감템>
knewnew.official,knewnew.style,2026-08-10,https://www.instagram.com/p/Db2Fp_4Af8N/,N,#뉴뉴출근룩 📋 8월 1주 차 보고
knewnew.style,knewnew.style,2026-08-10,https://www.instagram.com/p/Db2Fp_4Af8N/,N,#뉴뉴출근룩 📋 8월 1주 차 보고
knewnew.official,knewnew.life,2026-08-10,https://www.instagram.com/p/Db1_3XYkl9z/,N,🏠 요즘 느좋인 사람들 집엔 핀카 하나씩 있죠...
knewnew.official,knewnew.official,2026-08-10,https://www.instagram.com/p/Db1yDFCE_4B/,N,😉 수유 로컬들만 알고 있기엔 아쉬운 공간들
knewnew.official,knewnew.trend,2026-08-10,https://www.instagram.com/p/Db1rQSnE1k-/,N,#뉴가가질래 댓글 이벤트 모스키노 토이 2 야미 & 구미 향수 ✨ 
knewnew.official,knewnew.trend,2026-08-09,https://www.instagram.com/p/Db1kUhoTEAG/,N,출시 전부터 화제였던 매콤한 콜라보 🌶️
knewnew.official,knewnew.official,2026-08-09,https://www.instagram.com/p/Db0R_u_EwQf/,N,💗 썸이면 여기 한 번 가봐!
knewnew.official,knewnew.official,2026-08-09,https://www.instagram.com/p/Db0ObVhExhi/,N,☕ 버리기 아까운 컵홀더는 처음이야.
knewnew.official,knewnew.official,2026-08-09,https://www.instagram.com/p/Db0EMRskcOg/,N,🫢 나 여기 망원동인 줄 알았잖아.
knewnew.official,knewnew.official,2026-08-09,https://www.instagram.com/p/Dbz53xcEeJJ/,N,👁️ 에디터가 주목하는 NEW F&B 브랜드들! 🆕
knewnew.official,knewnew.life,2026-08-09,https://www.instagram.com/p/DbzoqqTkaIB/,N,👩🏻‍🍳 오늘은 집에서 요리해볼까?
knewnew.official,knewnew.life,2026-08-09,https://www.instagram.com/p/DbzbSyvEgny/,N,"🛒 가성비 숨은 꿀템, 뉴뉴가 찾아드립니다."
knewnew.official,knewnew.official,2026-08-09,https://www.instagram.com/p/DbzNN9hEzpF/,N,😴 알람 끄고 늦잠 잔 주말의 완벽한 첫 끼.
knewnew.official,knewnew.official,2026-08-08,https://www.instagram.com/p/DbxtMb9kwPl/,N,🏃🏻‍♂️ 부산 러너들이 사랑하는 온천천 러닝
knewnew.official,knewnew.official,2026-08-08,https://www.instagram.com/p/DbxpowDExDm/,N,🍅 온 세상이 토마토야.
knewnew.official,knewnew.official,2026-08-08,https://www.instagram.com/p/DbxfeSjEWr3/,N,"🫂 자기야, 여기가 미감 맛집들이야!"
knewnew.official,knewnew.official,2026-08-08,https://www.instagram.com/p/DbxVElREasA/,N,🧑‍🍳 부담은 낮추고 분위기는 챙길 수 있는 오마카세!
knewnew.official,knewnew.trend,2026-08-08,https://www.instagram.com/p/DbxRuXBCTPC/,N,"📸 요즘 핫한 편집법, 뉴뉴가 정리해 드립니다."
knewnew.official,knewnew.life,2026-08-08,https://www.instagram.com/p/Dbw2UXekoOE/,N,"🛋️ 어, 저 이 소파 미국 드라마에서 본 것 같은데요?"
knewnew.official,knewnew.official,2026-08-08,https://www.instagram.com/p/DbwobJBE5OM/,N,"👩🏻 : 엄마, 성북천 산책하고 맛있는거 먹으러 갈까?"
knewnew.official,knewnew.official,2026-08-07,https://www.instagram.com/p/DbvIaULE2Om/,N,🐎 오늘만큼은 내가 영화 속 카우보이.
knewnew.official,knewnew.official,2026-08-07,https://www.instagram.com/p/DbvEzIDEwEQ/,N,✈️ 이제 여권 없이 도쿄 여행 가능한 광주.
knewnew.official,knewnew.official,2026-08-07,https://www.instagram.com/p/Dbu6mQtk689/,N,👩‍❤️‍💋‍👨 오전은 스킵하고 오후에 집 앞에서 데이트하자.
knewnew.official,knewnew.official,2026-08-07,https://www.instagram.com/p/Dbu2RjQRkbP/,Y,"#광고 1분짜리 영화, AI가 만들었다고 🙌🏻"
knewnew.official,knewnew.official,2026-08-07,https://www.instagram.com/p/DbuzyavkVk2/,Y,"#광고 🏠 이번 주말 코스, 이대로 오시죠."
knewnew.official,knewnew.official,2026-08-07,https://www.instagram.com/p/DbuwSvlkTmg/,N,🥺 난 다시 태어나도 네덜란드로 갈래.
knewnew.official,knewnew.trend,2026-08-07,https://www.instagram.com/p/DbutEZCiWR8/,N,"📅🚶🏻️ 제철 외출, 이대로 가시면 됩니다"
knewnew.official,knewnew.life,2026-08-07,https://www.instagram.com/p/DbumEhzEQZ3/,Y,#제작지원 #뉴가가질래 댓글 이벤트 29CM 적립금 100만 원 ✨ 
knewnew.official,knewnew.official,2026-08-07,https://www.instagram.com/p/DbuikSBkSJy/,N,🤭 나 혼자여도 충분히 잘 먹고 잘 노는 하루.
knewnew.official,knewnew.official,2026-08-07,https://www.instagram.com/p/DbuXfzTxLyW/,Y,#광고 🏎️ *실시간* 더현대 F1팀 레이싱카 뜸!
knewnew.official,knewnew.life,2026-08-07,https://www.instagram.com/p/DbuRv3cErnF/,N,🇯🇵 칼디에서 스프레드만 찾지 마세요!
knewnew.official,knewnew.official,2026-08-07,https://www.instagram.com/p/DbuKmzhE1Nj/,Y,"#광고 ☕️ 커피 러버들 주목, 네스프레소X블루보틀 놀라 커피 재출시!"
knewnew.official,knewnew.official,2026-08-07,https://www.instagram.com/p/DbuDvRAE2zH/,N,"🥢 음, 오늘 점심은 일식이 좋겠다!"
knewnew.official,knewnew.trend,2026-08-07,https://www.instagram.com/p/Dbt9Eunzodb/,N,#오늘의트렌드 🍻 오늘따라 맥주가 당기는 이유?
knewnew.official,knewnew.trend,2026-08-06,https://www.instagram.com/p/Dbt2dhZkws6/,N,💌 딩동 - 당신을 위한 8월 1주차 신상템 알림 🔔 
knewnew.official,knewnew.official,2026-08-06,https://www.instagram.com/p/DbsjghWiSia/,N,🌳 서울에서 1시간만 가면 이런 풍경 볼 수 있어.
knewnew.official,knewnew.official,2026-08-06,https://www.instagram.com/p/DbsgADdEwez/,N,🍵 인도 골목을 그대로 옮겨놓은 듯한 분위기..
knewnew.official,knewnew.trend,2026-08-06,https://www.instagram.com/p/Dbsc7iwiRLj/,N,🍏 과연 이번 팝업에도 둘이 올까요..? 🫀
knewnew.official,knewnew.official,2026-08-06,https://www.instagram.com/p/DbsZCwMT8rn/,Y,#광고 🎊 드디어 ‘진주 고추 크림치즈 버거‘ 돌아옴 🎊
knewnew.official,knewnew.official,2026-08-06,https://www.instagram.com/p/DbsV4P9ETkl/,N,🛍️ 소품숍만 둘러봤는데 벌써 저녁이야?
knewnew.official,knewnew.official,2026-08-06,https://www.instagram.com/p/DbsPAlWETZK/,Y,"#광고 뉴스 속 생중계된 영상 , 사실 AI였다 🫢"
knewnew.official,knewnew.official,2026-08-06,https://www.instagram.com/p/DbsLZjhkcDx/,N,🥢 여름이면 꼭 냉우동을 먹어야 하는 사람?
knewnew.official,knewnew.official,2026-08-06,https://www.instagram.com/p/DbsDdXNkdpW/,Y,#광고 이렇게까지 복숭아에 진심이라고? 💦
knewnew.official,knewnew.life,2026-08-06,https://www.instagram.com/p/Dbrs1YzEvTa/,N,🏝️ ‘차원이달라병’ 유발하는 제주도의 한 빈티지숍..
knewnew.official,knewnew.official,2026-08-06,https://www.instagram.com/p/Dbrk6VJJOqv/,Y,"#광고 채령이 쓰는 그 캡슐세제, 뉴뉴가 직접 써봤습니다.!."
knewnew.official,knewnew.trend,2026-08-05,https://www.instagram.com/p/DbrRQAVkwhJ/,N,📅 이번 주 F&B 팝업 소식 HOT 5
knewnew.official,knewnew.official,2026-08-05,https://www.instagram.com/p/Dbp-z1TE3f8/,N,"🥄 와, 목포 빈티지 감성 제대로네."
knewnew.official,knewnew.official,2026-08-05,https://www.instagram.com/p/Dbp7QSrE1kD/,N,🍽️ 계절이 바뀔 때마다 출석 체크 해야겠는걸요.
knewnew.official,knewnew.official,2026-08-05,https://www.instagram.com/p/Dbpw_IPEZDw/,N,🤷‍♀️️ 떡볶이만 떠올렸다면 신당동을 반만 안 것.
knewnew.official,knewnew.official,2026-08-05,https://www.instagram.com/p/DbpmpQNkaHD/,N,🚅 기차 타고 떠나는 여행 목적지는 낭만.
knewnew.official,knewnew.official,2026-08-05,https://www.instagram.com/p/DbpcfHIkTh-/,Y,#광고 이모핑들 지갑 털러온 깜찍한 바망바망💖캐치! 티니핑..🧚
knewnew.official,knewnew.official,2026-08-05,https://www.instagram.com/p/DbpOv0gkSsh/,Y,#광고 #EVENT 핀터 무드 가득한 파자마가 궁금하다면? ✨
knewnew.official,knewnew.trend,2026-08-05,https://www.instagram.com/p/DbpNEs_pusk/,N,"#오늘의트렌드 🦑 화제의 ‘모헤지’, 먹어본 리얼 후기! "
knewnew.official,knewnew.official,2026-08-05,https://www.instagram.com/p/DbpLdEPkYUZ/,N,"🍦 제철 아이스크림 맛집, 후암동에 있었네."
knewnew.official,knewnew.life,2026-08-05,https://www.instagram.com/p/DbpJLGYkj6d/,N,👨🏻‍🍳 평범한 메뉴도 셰프의 손을 거치면 다르다.
knewnew.official,knewnew.official,2026-08-05,https://www.instagram.com/p/DbpBCabE913/,Y,#광고 👏 드디어 나타난 취향저격 콜라보!
knewnew.official,knewnew.official,2026-08-05,https://www.instagram.com/p/Dbo6JeyEwfs/,N,"🏫 연세대생들, 여기만 다니는 거 다 알아!"
knewnew.official,knewnew.trend,2026-08-04,https://www.instagram.com/p/DbosaX1kwXQ/,N,"#오늘의트렌드 ☕앤트러사이트, 북촌에서 만날 수 있습니다."
knewnew.official,knewnew.official,2026-08-04,https://www.instagram.com/p/DbnaBJ8k3pv/,N,🌳 나 아무래도 푸릇한 양주에 스며들었어..
knewnew.official,knewnew.official,2026-08-04,https://www.instagram.com/p/DbnWapbkxiB/,N,🗝️ 체크인부터 해야 할 것 같은 분위기...
knewnew.official,knewnew.trend,2026-08-04,https://www.instagram.com/p/DbnS_PKJssx/,N,#오늘의트렌드 이거 보면 당장 한정선 달려가세요 🍑
knewnew.official,knewnew.trend,2026-08-04,https://www.instagram.com/p/DbnPwLUia-g/,N,"👰🏻‍♀️ 지난 7월 24일, 콘래드 서울에서 웨딩 쇼케이스 "
knewnew.official,knewnew.official,2026-08-04,https://www.instagram.com/p/DbnMSunkYh5/,N,💞 귀여운 공간에 하루 종일 머물고 싶다면
knewnew.official,knewnew.official,2026-08-04,https://www.instagram.com/p/DbnFbFSEVgs/,Y,#광고 영화가 된 명화? 👀
knewnew.official,knewnew.official,2026-08-04,https://www.instagram.com/p/DbnEY6LEYn7/,N,"🧊 전국 도감, 이번엔 평양냉면 편!"
knewnew.official,knewnew.official,2026-08-04,https://www.instagram.com/p/Dbm3iNHEdg-/,Y,#광고 🧿 현카 알파벳카드.. 미감 인정합니다.
knewnew.official,knewnew.life,2026-08-04,https://www.instagram.com/p/DbmxDLBkWsP/,N,"🪑 이런 알록달록한 스툴, 본 적 있어요?"
knewnew.official,knewnew.official,2026-08-04,https://www.instagram.com/p/DbmVUIbk5XN/,N,🍫 내 혈관엔 피 대신 초코가 흐른다.
knewnew.official,knewnew.official,2026-08-03,https://www.instagram.com/p/Dbk1OlME5Np/,N,🎥 영화 좋아한다고? 그럼 여기 꼭 가봐!
knewnew.official,knewnew.official,2026-08-03,https://www.instagram.com/p/Dbkx0CvE_GS/,N,😲 여기에 친구 취향 하나쯤은 있을걸?
knewnew.official,knewnew.trend,2026-08-03,https://www.instagram.com/p/DbkuWjhCQKn/,N,🧑🏻‍🌾 : 맥도날드 덕분에 살림 폈어요.
knewnew.official,knewnew.official,2026-08-03,https://www.instagram.com/p/DbknZu8EQui/,N,😲 차창 밖 풍경으로 벌써 마음이 가벼워져.
knewnew.official,knewnew.official,2026-08-03,https://www.instagram.com/p/Dbkc97RkWOD/,N,🌿 이런 밥에 반찬... 그리울 때가 있잖아요
knewnew.official,knewnew.trend,2026-08-03,https://www.instagram.com/p/DbkZy5vCTUn/,N,🛍️ 여자들 강남 쇼핑 필수 코스 추가요~
knewnew.official,knewnew.life,2026-08-03,https://www.instagram.com/p/Dbj-SwXknmi/,N,🏠 HAY에서 탐나는 아이템만 모아 <키친 아이템>
knewnew.official,knewnew.official,2026-08-03,https://www.instagram.com/p/DbjweQHE-bN/,N,🚏 그냥 지나치던 골목 사이에 숨은 감성 공간들.
knewnew.official,knewnew.trend,2026-08-02,https://www.instagram.com/p/DbjplU-k1Pt/,N,#뉴가가질래 댓글 이벤트 비츠 스튜디오 프로 ✨ 
knewnew.official,knewnew.trend,2026-08-02,https://www.instagram.com/p/Dbjiuqyzk1E/,N,우유 말먹 최강자가 나타났습니다 🥛
knewnew.official,knewnew.official,2026-08-02,https://www.instagram.com/p/DbiQbhVE2rU/,N,👣 여기 한 번 오면 계속 오게 될 텐데?
knewnew.official,knewnew.official,2026-08-02,https://www.instagram.com/p/DbiM2kiEbsy/,N,💨 맥주 거품 논란 이걸로 종결.
knewnew.official,knewnew.official,2026-08-02,https://www.instagram.com/p/DbiCfnIEW-4/,N,😵‍💫 현생을 잠시 벗어나 나만의 자유를 찾아서.
knewnew.official,knewnew.official,2026-08-02,https://www.instagram.com/p/Dbh4PO7kap-/,N,👁️ 에디터가 주목하는 NEW F&B 브랜드들! 🆕
knewnew.official,knewnew.official,2026-08-02,https://www.instagram.com/p/DbhtsnJxweP/,Y,"#광고 화제의 승요, 맥도날드 ’그리머스 쉐이크‘ 드디어 먹어봄💜"
knewnew.official,knewnew.life,2026-08-02,https://www.instagram.com/p/DbhnCscEcOM/,N,🍝 파스타 요리는 이렇게나 다양하다.
knewnew.official,knewnew.official,2026-08-02,https://www.instagram.com/p/DbhdEbGEblN/,N,🍥 을지로만 가도 도쿄 감성 느낄 수 있거든.
knewnew.official,knewnew.life,2026-08-02,https://www.instagram.com/p/DbhZfy2Eqy_/,N,"🛒 가성비 숨은 꿀템, 뉴뉴가 찾아드립니다."
knewnew.official,knewnew.official,2026-08-02,https://www.instagram.com/p/DbhLxP5Ey03/,N,💟 연남동은 역시 브런치부터 차원이 달라
knewnew.official,knewnew.official,2026-08-01,https://www.instagram.com/p/Dbf5NoGk5OX/,N,🫧 자꾸 이러면 망원동에 살고 싶어져..
knewnew.official,knewnew.official,2026-08-01,https://www.instagram.com/p/Dbfrq-CE3b_/,N,"🏃🏻‍♂️ 찐 러너들의 성지, 반포종합운동장!"
knewnew.official,knewnew.official,2026-08-01,https://www.instagram.com/p/Dbfd5qvESqP/,N,"🚙 바다 보러 잠시 떠나야겠어, 영종도로"
knewnew.official,knewnew.official,2026-08-01,https://www.instagram.com/p/DbfcO0_RQPk/,Y,#광고 🏃🏻‍♀️ 요즘 트렌드요? 런.맥(러닝 후 맥주) 입니다.
knewnew.official,knewnew.official,2026-08-01,https://www.instagram.com/p/DbfXEETEfJU/,Y,#광고 🙏 여기 모르는 사람 아무도 없게 해주세요
knewnew.official,knewnew.official,2026-08-01,https://www.instagram.com/p/DbfTfi9kRWI/,N,🏫 아무리 힘들어도 밥은 잘 챙겨먹자!
knewnew.official,knewnew.trend,2026-08-01,https://www.instagram.com/p/DbfQLCaibbF/,N,"📸 요즘 핫한 편집법, 뉴뉴가 정리해 드립니다."
knewnew.official,knewnew.official,2026-08-01,https://www.instagram.com/p/DbfJXYDEXBY/,Y,"#광고 프로 집순이, 집돌이라면 주목 🔊"
knewnew.official,knewnew.official,2026-08-01,https://www.instagram.com/p/Dbe7kOQkYCp/,Y,#광고 에버랜드에서 소개팅을 한다고? 🤍
knewnew.official,knewnew.life,2026-08-01,https://www.instagram.com/p/Dbe01WtEjji/,N,"🫖 이런 차시라면, 저 매일 차 마실 수 있을 것 같은데요..."
knewnew.official,knewnew.official,2026-08-01,https://www.instagram.com/p/Dbet1RkExRO/,Y,#광고 다시마가 들어간 아이스크림이라... 👀
knewnew.official,knewnew.official,2026-08-01,https://www.instagram.com/p/Dbem25jE9zC/,N,👩🏻 : 여기 다 엄마 취향 맞지?
knewnew.official,knewnew.official,2026-07-31,https://www.instagram.com/p/DbdDSIiEzI8/,N,🐾 강아지 + 맛 + 분위기 모두 완벽하다.
knewnew.official,knewnew.trend,2026-07-31,https://www.instagram.com/p/DbdAAWzCQ0C/,N,🍴식탁 예절은 없어도 사랑스러울 수는 있잖아요...
knewnew.official,knewnew.official,2026-07-31,https://www.instagram.com/p/DbcuqnCkcYq/,N,"🐪 한국과는 다른 이색풍경, 마치 동화 속 한장면."
knewnew.official,knewnew.trend,2026-07-31,https://www.instagram.com/p/Dbcrs1OCRbe/,N,"📅🚶🏻️ 제철 외출, 이대로 가시면 됩니다"
knewnew.official,knewnew.official,2026-07-31,https://www.instagram.com/p/DbcWxtjERsE/,N,"🇲🇴 지난 7월 28일, 마카오에서 개최된 "
knewnew.official,knewnew.official,2026-07-31,https://www.instagram.com/p/DbcTYdQkT_L/,N,"🍣 대전에 미인이 많다더니, 초밥도 미인이네.."
knewnew.official,knewnew.life,2026-07-31,https://www.instagram.com/p/DbcQTxQEup1/,N,🇸🇪 이케아에서 탐나는 아이템만 모아 <청소용품>
knewnew.official,knewnew.official,2026-07-31,https://www.instagram.com/p/DbcCLIwky0x/,N,🍸 날씨도 더운데 대낮에 한잔해야지
knewnew.official,knewnew.trend,2026-07-30,https://www.instagram.com/p/Dbb0siyE_Qw/,N,💌 딩동 - 당신을 위한 7월 4주차 신상템 알림 🔔 
knewnew.official,knewnew.official,2026-07-30,https://www.instagram.com/p/Dbah8B4Ey8_/,N,⏱️ 서울에서 30분만에 유럽으로 가는 방법.
knewnew.official,knewnew.official,2026-07-30,https://www.instagram.com/p/DbaedMGk2uU/,N,✨ 눈으로 감상만 해도 배부를 것 같은..
knewnew.official,knewnew.trend,2026-07-30,https://www.instagram.com/p/DbabHnaiStK/,N,✍🏻 이런 센스는 어디서 나오는지 궁금한 젤라또 집?
knewnew.official,knewnew.official,2026-07-30,https://www.instagram.com/p/DbaUUjoEfYc/,N,"🤍 자기야, 나 오늘 진짜 감동받았어.."
knewnew.official,knewnew.official,2026-07-30,https://www.instagram.com/p/DbaJ6rbEYLP/,N,🏫 경북대생 방학엔 다들 여기서 모이던데?
knewnew.official,knewnew.trend,2026-07-30,https://www.instagram.com/p/DbaG6ZzpKmE/,N,역시 300만 조회수에는 다 이유가 있네요... 📱
knewnew.official,knewnew.trend,2026-07-30,https://www.instagram.com/p/DbZ_uQridI-/,N,"🍛 우리의 밥친구, 이자반 쌍문동 맛집 모음zip."
knewnew.official,knewnew.life,2026-07-30,https://www.instagram.com/p/DbZrHckEqqO/,N,🪡 인도 장인이 한 땀씩 만들었다는 담요래요!
knewnew.official,knewnew.trend,2026-07-30,https://www.instagram.com/p/DbZk2b5CWEp/,N,"🐶 어, 나 편의점 점장인데, 간식 사줘."
knewnew.official,knewnew.official,2026-07-30,https://www.instagram.com/p/DbZdTWUEzEF/,N,🗣️ 괜히 빵순이들 사이에서 입소문 난 게 아니라고.
knewnew.official,knewnew.trend,2026-07-29,https://www.instagram.com/p/DbZPtdmk1dE/,N,📅 이번 주 F&B 팝업 소식 HOT 5
knewnew.official,knewnew.official,2026-07-29,https://www.instagram.com/p/DbX9IvUk4Tp/,N,😗 이 정도면 굳이 성수 안 가도 되겠는데?
knewnew.official,knewnew.official,2026-07-29,https://www.instagram.com/p/DbX5znIk8Dn/,N,💫 효창공원 살면 매일 갈 것 같은 그런 곳..
knewnew.official,knewnew.trend,2026-07-29,https://www.instagram.com/p/DbX2jaMiX9y/,N,⏳ 시.간.순.삭. 도파민 웹사이트 모음집.
knewnew.official,knewnew.official,2026-07-29,https://www.instagram.com/p/DbXvhZSEaDe/,N,💪 맛있는 한 끼가 오늘 하루의 원동력!
knewnew.official,knewnew.official,2026-07-29,https://www.instagram.com/p/DbXlFIVka2a/,N,🌊 포항의 여름은 왠지 더 낭만있어.
knewnew.official,knewnew.trend,2026-07-29,https://www.instagram.com/p/DbXhyU8CXZO/,N,"📸 요즘 핫한 편집법, 뉴뉴가 정리해 드립니다."
knewnew.official,knewnew.life,2026-07-29,https://www.instagram.com/p/DbXGK7xEind/,N,🤓 하루의 마무리는 역시 맛있는 한 끼와 함께.
knewnew.official,knewnew.official,2026-07-29,https://www.instagram.com/p/DbW4lnWkyxF/,N,🏫 한양대 학교 앞이 진짜 치트키네.
knewnew.official,knewnew.trend,2026-07-28,https://www.instagram.com/p/DbWrDKFk72K/,N,🗺️ ‘한국식 돈까스 지도’라고 들어보셨나요?
knewnew.official,knewnew.official,2026-07-28,https://www.instagram.com/p/DbVYdWXE2n-/,N,🤍 나 아무래도 계양구에 반한 것 같아...
knewnew.official,knewnew.official,2026-07-28,https://www.instagram.com/p/DbVUz0Ok_xt/,N,🍺 이태원에서 술마실 이유 하나 더 생김.
knewnew.official,knewnew.trend,2026-07-28,https://www.instagram.com/p/DbVRraqiR9H/,N,"♨️ 일본 먹방 필수 코스 ‘모헤지’, 8월 7일 종로에서 오픈"
knewnew.official,knewnew.official,2026-07-28,https://www.instagram.com/p/DbVKxfSkYuR/,N,"🎂 생일은 일 년에 단 하루뿐, 코스는 실패 없이!"
knewnew.official,knewnew.official,2026-07-28,https://www.instagram.com/p/DbVDuhhkXXJ/,Y,#제작지원 🌞 장마 끝났다. 일단 이거부터 즐겨
knewnew.official,knewnew.life,2026-07-28,https://www.instagram.com/p/DbUhhmbEjUG/,N,🏙️ 여름과 찰떡인 서울이 픽셀로 담긴 컵
knewnew.official,knewnew.official,2026-07-28,https://www.instagram.com/p/DbUTsPJk6G7/,N,🥖 난 제주도에 빵 먹으려고 가.
knewnew.official,knewnew.official,2026-07-27,https://www.instagram.com/p/DbSzqDiE_NL/,N,🖤 WOW..힙하다 힙해 남영동
knewnew.official,knewnew.official,2026-07-27,https://www.instagram.com/p/DbSwFPGk7bF/,N,🍡 시바 당고와 빙수의 역대급 콜라보..
knewnew.official,knewnew.official,2026-07-27,https://www.instagram.com/p/DbSsy2Qk8_9/,Y,"#광고 이게 만두야, 바베큐야? 🫢"
knewnew.official,knewnew.official,2026-07-27,https://www.instagram.com/p/DbSl1meEZz_/,N,🌞️ 청도 오니깐 햇살부터 다르게 느껴지네.
knewnew.official,knewnew.official,2026-07-27,https://www.instagram.com/p/DbSfD7ukXLn/,Y,#광고 달라도 너무 다른 우리...
knewnew.official,knewnew.official,2026-07-27,https://www.instagram.com/p/DbSbrn4EZE5/,N,🏠 거제 주민들이 아끼는 아지트로.
knewnew.official,knewnew.trend,2026-07-27,https://www.instagram.com/p/DbSYKMbib6H/,N,"🎼 낭만 찾으러, 마포로 가자."
knewnew.official,knewnew.official,2026-07-27,https://www.instagram.com/p/DbSDJJExciY/,Y,1분만에 완성하는 초간단 콩국수? 🫛 #광고
knewnew.official,knewnew.life,2026-07-27,https://www.instagram.com/p/DbR8zN9klIZ/,N,❗️MUJI에는 여름 국수 시리즈가 있다?
knewnew.official,knewnew.trend,2026-07-27,https://www.instagram.com/p/DbR13LtCdqO/,N,#뉴가가질래 뉴뉴트렌드 @knewnew.trend 팔로워 1만 기념 ✨
knewnew.official,knewnew.official,2026-07-27,https://www.instagram.com/p/DbRu48tk1kV/,N,😏 사실 산책보다 브런치가 목적일지도.
knewnew.official,knewnew.official,2026-07-26,https://www.instagram.com/p/DbQO3E9kyQ3/,N,"🌅 와, 진짜 이 시간대 불광천은 못 참지."
knewnew.official,knewnew.official,2026-07-26,https://www.instagram.com/p/DbQLTeWk_7b/,N,🐻 상수역 골목에 이런 귀여운 카레가..
knewnew.official,knewnew.official,2026-07-26,https://www.instagram.com/p/DbQBBU1EdND/,N,👂 도시를 떠나 자연의 소리에 귀 기울이는 하루.
knewnew.official,knewnew.official,2026-07-26,https://www.instagram.com/p/DbP2ouREQSt/,N,👁️ 에디터가 주목하는 NEW F&B 브랜드들! 🆕
knewnew.official,knewnew.life,2026-07-26,https://www.instagram.com/p/DbPljOmkZuQ/,N,🌞 여름 끝나기 전에 맛있게 살빼자.
knewnew.official,knewnew.life,2026-07-26,https://www.instagram.com/p/DbPX3hOkiJa/,N,"🛒 가성비 숨은 꿀템, 뉴뉴가 찾아드립니다."
knewnew.official,knewnew.official,2026-07-26,https://www.instagram.com/p/DbPKMntky-G/,N,"🛏️ 오늘은 한 템포 늦게, 동탄에서 만나."
knewnew.official,knewnew.official,2026-07-25,https://www.instagram.com/p/DbNqETQk7vQ/,N,🏃🏻‍♂️ 요즘 러너들 브런치 먹으러 홍제천 뛴다는데?
knewnew.official,knewnew.official,2026-07-25,https://www.instagram.com/p/DbNnYe_E8ui/,N,🍧 황리단길 말고 금리단길에도 이런 곳이.
knewnew.official,knewnew.official,2026-07-25,https://www.instagram.com/p/DbNcVf7EcfB/,N,"🪽 와, 빈티지 천국은 인천이었어.."
knewnew.official,knewnew.official,2026-07-25,https://www.instagram.com/p/DbNVf72kbRD/,Y,#광고 #EVENT #갤럭시언팩
knewnew.official,knewnew.official,2026-07-25,https://www.instagram.com/p/DbNSCUTkQf_/,N,🏫 동덕여대 girl 들 미안한데 여기 공개할게..
knewnew.official,knewnew.trend,2026-07-25,https://www.instagram.com/p/DbNOmFWicXu/,N,"📸 요즘 핫한 편집법, 뉴뉴가 정리해 드립니다."
knewnew.official,knewnew.official,2026-07-25,https://www.instagram.com/p/DbNHvg-EYqS/,Y,#광고 ✨프렌치 럭셔리 웨딩의 정석.
knewnew.official,knewnew.official,2026-07-25,https://www.instagram.com/p/DbM51Gwx0P3/,Y,#광고 직접 다녀오고 낋이는 리얼 꿀팁 후기 🏃🏻‍♀️
knewnew.official,knewnew.life,2026-07-25,https://www.instagram.com/p/DbMzIorEtHT/,N,👕 이렇게 컬러풀한 S자 고리는 처음..
knewnew.official,knewnew.trend,2026-07-25,https://www.instagram.com/p/DbMsTJkCVaO/,N,#뉴가가질래 댓글 이벤트 그랜드 켄싱턴 체험 객실 숙박권 🏨
knewnew.official,knewnew.official,2026-07-25,https://www.instagram.com/p/DbMlS81E3Ny/,N,👩🏻 : 산책은 워밍업이었고 본격적으로 즐겨볼 차례!
knewnew.official,knewnew.official,2026-07-24,https://www.instagram.com/p/DbLFRjjCX0c/,N,🤍 말해 뭐해 일산 데이트는 정발산이지!
knewnew.official,knewnew.official,2026-07-24,https://www.instagram.com/p/DbLBqhIiezX/,N,🏄🏻‍♂️ 13년 경력 서퍼가 카페를 차렸더니..
knewnew.official,knewnew.official,2026-07-24,https://www.instagram.com/p/DbK3cYTEb-3/,N,👩‍❤️‍👨 부모님이 이렇게 웃음 많은 분들이었나.
knewnew.official,knewnew.official,2026-07-24,https://www.instagram.com/p/DbKzQ27xgKp/,Y,#광고 지금 성수에서 가장 시원하다는 ‘이곳’?! ☕️❄️
knewnew.official,knewnew.official,2026-07-24,https://www.instagram.com/p/DbKtJwDkXno/,N,👨🏻‍🎨 평균 20도로 여행하기 딱 좋았던 날씨.
knewnew.official,knewnew.trend,2026-07-24,https://www.instagram.com/p/DbKpzjcCXBV/,N,"📅🚶🏻️ 제철 외출, 이대로 가시면 됩니다"
knewnew.official,knewnew.official,2026-07-24,https://www.instagram.com/p/DbKi8VZkZ7C/,Y,#광고 지금 배라에선 하와이 여행 중 ~ 🌺
knewnew.official,knewnew.official,2026-07-24,https://www.instagram.com/p/DbKVN4OEacX/,Y,"#광고 🎶 홍대, 이거 때문에 난리도 아니야~"
knewnew.official,knewnew.life,2026-07-24,https://www.instagram.com/p/DbKOPlskoX1/,N,❗️일본 MUJI에는 여름 한정 냉오차즈케를 판다?
knewnew.official,knewnew.official,2026-07-24,https://www.instagram.com/p/DbKK6M4ky6y/,Y,"#광고 여름휴가, 가장 중요한 준비물은? 👀"
knewnew.official,knewnew.official,2026-07-24,https://www.instagram.com/p/DbKGlmkToJn/,Y,#광고 피곤한 직딩들은 이 고능한 음료를 마셔보세요... 🧋
knewnew.official,knewnew.official,2026-07-24,https://www.instagram.com/p/DbKArgmE_Se/,N,😋 감성만 채우는 줄 알았는데 맛도 제대로더라.
knewnew.official,knewnew.trend,2026-07-23,https://www.instagram.com/p/DbJzF8UEypL/,N,💌 딩동 - 당신을 위한 7월 4주차 신상템 알림 🔔 
knewnew.official,knewnew.official,2026-07-23,https://www.instagram.com/p/DbIgbnXE5wk/,N,📁 여기만 저장해도 데이트 장소 고민은 끝.
knewnew.official,knewnew.official,2026-07-23,https://www.instagram.com/p/DbIc5GLE7fJ/,N,🍙 이 오니기리는 밥이 아니라 간식입니다.
knewnew.official,knewnew.official,2026-07-23,https://www.instagram.com/p/DbISwVaEZNr/,N,💁🏻‍♀️ 이 코스 알면 미대생인 거 인정할게
knewnew.official,knewnew.official,2026-07-23,https://www.instagram.com/p/DbIL4Q7kZdC/,Y,#광고 감다살 진로... 
knewnew.official,knewnew.official,2026-07-23,https://www.instagram.com/p/DbIIb35kZyN/,N,😵 대전여행의 마무리까지 완벽하게
knewnew.official,knewnew.official,2026-07-23,https://www.instagram.com/p/DbHwalZk7fE/,Y,#광고 에디터는 요즘 팀홀튼에 밥 먹으러 갑니다. 🏃🏻
knewnew.official,knewnew.life,2026-07-23,https://www.instagram.com/p/DbHp_uPkhwA/,N,🫖 티중독자라면 이 컵은 필수죠!
knewnew.official,knewnew.official,2026-07-23,https://www.instagram.com/p/DbHbu0BE0l5/,N,🫢 담양도 빵지순례 성지였잖아?!
knewnew.official,knewnew.trend,2026-07-22,https://www.instagram.com/p/DbHOMvME1qe/,N,📅 이번 주 F&B 팝업 소식 HOT 5
knewnew.official,knewnew.official,2026-07-22,https://www.instagram.com/p/DbF7n2ik-eQ/,N,🥹 매일 봐도 안 질리는 풍경은 이런 거 아닐까?
knewnew.official,knewnew.official,2026-07-22,https://www.instagram.com/p/DbF4FpYk9fG/,N,🏝️ 여기가 내 휴양지고 여름 디저트야.
knewnew.official,knewnew.official,2026-07-22,https://www.instagram.com/p/DbFt3T4kaPM/,N,😏 점심이라고 평범한 한 끼일 필요는 없으니까.
knewnew.official,knewnew.official,2026-07-22,https://www.instagram.com/p/DbFjs-sEb6J/,N,🤤 맛있고 귀여운 디저트가 원주에 너무나도 많음.
knewnew.official,knewnew.trend,2026-07-22,https://www.instagram.com/p/DbFgOZpCWdE/,N,"📸 요즘 핫한 편집법, 뉴뉴가 정리해 드립니다."
knewnew.official,knewnew.official,2026-07-22,https://www.instagram.com/p/DbFZWj_Ec7f/,Y,#광고 올여름 호캉스는 바로 여기. ✨
knewnew.official,knewnew.life,2026-07-22,https://www.instagram.com/p/DbFEktpEvlS/,N,지수🖤성범 부부가 너무 사랑스러워....
knewnew.official,knewnew.official,2026-07-22,https://www.instagram.com/p/DbE3BJEE_2P/,N,"🏫 국민대생들, 이런 곳 숨겨두면 반칙이지!"
knewnew.official,knewnew.official,2026-07-21,https://www.instagram.com/p/DbDW47EE9Ut/,N,🚗 양평 다녀오니까 숨통이 확 트인다..
knewnew.official,knewnew.official,2026-07-21,https://www.instagram.com/p/DbDTmVMkzeW/,N,👁️ 칵테일 마시러 갔다가 감상하고 나온답니다
knewnew.official,knewnew.trend,2026-07-21,https://www.instagram.com/p/DbDP6rUCUno/,N,"🌮 아시아 최초 ‘치폴레,’ 8월 강남역 오픈"
knewnew.official,knewnew.official,2026-07-21,https://www.instagram.com/p/DbDJPp4ERPV/,N,🫂 이번엔 전주로 우정여행 어때!?
knewnew.official,knewnew.official,2026-07-21,https://www.instagram.com/p/DbDCSlWEdLB/,Y,"#광고 🍛 아직도 카레, 밥이랑만 드신다고요?"
knewnew.official,knewnew.official,2026-07-21,https://www.instagram.com/p/DbC_GIckUqd/,N,🫧 통영은 여름이되면 낭만이 넘친답니다.
knewnew.official,knewnew.official,2026-07-21,https://www.instagram.com/p/DbC0eWzEV7R/,Y,#제작지원 🍥 이 동네는 점심거리도 느낌 가득..
knewnew.official,knewnew.trend,2026-07-21,https://www.instagram.com/p/DbCjaJRpLq4/,N,"🍨 드디어, 내일 출시되는 전설의 디저트"
knewnew.official,knewnew.life,2026-07-21,https://www.instagram.com/p/DbCf9uZkkn4/,N,🎨 접시 안에 수채화 한 폭이 있어요!
knewnew.official,knewnew.official,2026-07-21,https://www.instagram.com/p/DbCYtitTXAA/,Y,#광고 맘스터치 신상 치킨 ‘갓빠삭 치킨’ 연구에 뉴뉴가 참여했습니다...
knewnew.official,knewnew.official,2026-07-21,https://www.instagram.com/p/DbCSJ4Nk1B8/,N,👆여기 안 들렀으면 강릉 한 번 더 오는 걸로
knewnew.official,knewnew.official,2026-07-20,https://www.instagram.com/p/DbAyF-qCX7d/,N,"👥 와, 진짜 마곡동 분위기 끝내주네"
knewnew.official,knewnew.official,2026-07-20,https://www.instagram.com/p/DbAuyH2E5Fj/,N,🎀 나 이거 먹으러 대구 가야겠어..
knewnew.official,knewnew.official,2026-07-20,https://www.instagram.com/p/DbAkRMhEbBf/,N,⛰️ 난 마음이 맑아지는 초록빛의 자연이 참 좋다.
knewnew.official,knewnew.official,2026-07-20,https://www.instagram.com/p/DbAdgDYETlT/,Y,"#광고🍦일본 전설의 디저트, 한국 상륙"
knewnew.official,knewnew.trend,2026-07-20,https://www.instagram.com/p/DbAWpIAiYP_/,N,👀 무료 미감 보물창고 등장이요!
knewnew.official,knewnew.official,2026-07-20,https://www.instagram.com/p/DbAPwmIkeoo/,Y,#광고 🌪️ 이번 여름 내 위시리스트❤️
knewnew.official,knewnew.life,2026-07-20,https://www.instagram.com/p/Da_7Mifkraw/,N,🇸🇪 이케아에서 탐나는 아이템만 모아 <디저트>
knewnew.official,knewnew.official,2026-07-20,https://www.instagram.com/p/Da_tWF9E3Lc/,N,🫢 잠깐 80년대로 순간이동 한 줄 알았어.
knewnew.official,knewnew.trend,2026-07-20,https://www.instagram.com/p/Da_pPXdkzp_/,N,#뉴가가질래 댓글 이벤트 스트로빙 페이스 큐브 ✨ 
knewnew.style,knewnew.trend,2026-07-20,https://www.instagram.com/p/Da_pPXdkzp_/,N,#뉴가가질래 댓글 이벤트 스트로빙 페이스 큐브 ✨ 
knewnew.official,knewnew.trend,2026-07-19,https://www.instagram.com/p/Da_fJVeza07/,N,드디어 나도 먹어본 미국 st 치즈스틱 🇺🇸
knewnew.official,knewnew.official,2026-07-19,https://www.instagram.com/p/Da-a1Mik-g7/,N,🏫 부산대 오면 이렇게 즐길 수 있음.
knewnew.official,knewnew.official,2026-07-19,https://www.instagram.com/p/Da-X4qdE8CO/,N,🧑🏻‍🎓 졸업생도 생각나서 찾아오는 맛이래요
knewnew.official,knewnew.official,2026-07-19,https://www.instagram.com/p/Da-XFj6p7O3/,Y,#광고 🌳 박서준한테서 나는 향기 정보 따왔습니다... 👃🏻
knewnew.official,knewnew.official,2026-07-19,https://www.instagram.com/p/Da-V4wliRVc/,N,🤷‍♀️ 군산이라고 노포만 있을 거라 생각하면 큰 오산.
knewnew.official,knewnew.official,2026-07-19,https://www.instagram.com/p/Da-Co8HkVPj/,N,"💁‍♀️ 내가 아껴둔 방배동 스폿, 지금 공개할게."
knewnew.official,knewnew.official,2026-07-19,https://www.instagram.com/p/Da91DF5kVgF/,N,👁️ 에디터가 주목하는 NEW F&B 브랜드들! 🆕
knewnew.official,knewnew.life,2026-07-19,https://www.instagram.com/p/Da9kAijkbXZ/,N,🫧 혼자 먹는 한 끼도 취향을 가득담아 뚝딱!
knewnew.official,knewnew.life,2026-07-19,https://www.instagram.com/p/Da9WadjEkQK/,N,"🛒 가성비 숨은 꿀템, 뉴뉴가 찾아드립니다."
knewnew.official,knewnew.official,2026-07-19,https://www.instagram.com/p/Da9IovLE5qC/,N,👤 점심 메뉴 고민 중인 관악구 자취생?
knewnew.official,knewnew.official,2026-07-18,https://www.instagram.com/p/Da7tC6QE110/,N,👁️‍🗨️ 부산에서 저점매수할 동네 발견.
knewnew.official,knewnew.official,2026-07-18,https://www.instagram.com/p/Da7oevokzSa/,N,🤍 인생샷 건지고 싶은 대전 girl들 주목!
knewnew.official,knewnew.official,2026-07-18,https://www.instagram.com/p/Da7lHFvE2_N/,N,🍶 장마철엔 막걸리에 전이 국룰.
knewnew.official,knewnew.official,2026-07-18,https://www.instagram.com/p/Da7aqdUkcnf/,N,🛣️ 이런 마을이라면 서울 떠날 의사 있습니다.
knewnew.official,knewnew.trend,2026-07-18,https://www.instagram.com/p/Da7M8vIiXT0/,N,"📸 요즘 핫한 편집법, 뉴뉴가 정리해 드립니다."
knewnew.official,knewnew.life,2026-07-18,https://www.instagram.com/p/Da6yFiwEjod/,N,🌺 이 능소화 키링 구하기가 하늘의 별 따기보다 어려워요...
knewnew.official,knewnew.official,2026-07-18,https://www.instagram.com/p/Da6qtGnE2Pp/,Y,#광고 감다살 올리브영 딜라이트 프로젝트가 일냈습니다...! 🤩
knewnew.official,knewnew.official,2026-07-18,https://www.instagram.com/p/Da6jxkrE0Jr/,N,😙 이따 3시쯤 만나서 브런치 어때?
knewnew.official,knewnew.official,2026-07-17,https://www.instagram.com/p/Da5DpQZk9gA/,N,👥 동두천 피플들은 다 여기서 모이더라
knewnew.official,knewnew.official,2026-07-17,https://www.instagram.com/p/Da5ACEJE1dT/,N,이런 게 경산만의 감성인가요 🥺
knewnew.official,knewnew.official,2026-07-17,https://www.instagram.com/p/Da414EXkZCE/,N,☔️ 비 오는 날일수록 더 생각나는 공간들.
knewnew.official,knewnew.official,2026-07-17,https://www.instagram.com/p/Da4rm4CkUL-/,N,"🏝️익숙한 이탈리아와는 다른, 섬 특유의 평화로움."
knewnew.official,knewnew.official,2026-07-17,https://www.instagram.com/p/Da4lHWWRB-6/,Y,"#광고 이번 주말 을지로, 가셔야만 합니다 😱"
knewnew.official,knewnew.life,2026-07-17,https://www.instagram.com/p/Da4M0n8ElI2/,N,❗️MUJI 매장에서 입고 문의가 폭주하는 주방템은?
knewnew.official,knewnew.trend,2026-07-17,https://www.instagram.com/p/Da4GE4HiYEk/,N,😍 ‘세계 이모지의 날’을 아시나요?
knewnew.official,knewnew.official,2026-07-17,https://www.instagram.com/p/Da3_Cz-E0DV/,N,🧑🏻‍🍳 빵순이들은 부산 오면 심쿵 주의!
knewnew.official,knewnew.trend,2026-07-16,https://www.instagram.com/p/Da3xT-_EwKP/,N,💌 딩동 - 당신을 위한 7월 3주차 신상템 알림 🔔 
knewnew.official,knewnew.official,2026-07-16,https://www.instagram.com/p/Da2e6lSk12d/,N,🤍 장기 연애일수록 데이트 코스가 더 중요한 법!
knewnew.official,knewnew.official,2026-07-16,https://www.instagram.com/p/Da2bZJ2k6k5/,N,🥘 청주에서는 인도로 순간이동 가능.
knewnew.official,knewnew.official,2026-07-16,https://www.instagram.com/p/Da2YUluk4we/,Y,"#광고 👁️ 지금, 눈 부릅 뜨셔야 합니다."
knewnew.official,knewnew.official,2026-07-16,https://www.instagram.com/p/Da2RHkjEQxL/,N,🌳️ 이런 힐링되는 풍경.. 서울엔 없잖아요
knewnew.official,knewnew.trend,2026-07-16,https://www.instagram.com/p/Da2Dxb8pTYw/,N,멜론이 안 되면 토마토 갈아서 만들면 된다고? 🍅
knewnew.official,knewnew.official,2026-07-16,https://www.instagram.com/p/Da18lMgESk1/,Y,#광고 강릉에 빵지순례 하러 갔다가 ‘이것‘ 만났어요! 🍞
knewnew.official,knewnew.life,2026-07-16,https://www.instagram.com/p/Da1n-1ekgv5/,N,"💧미감도, 수분 흡수도 좋은 감각적인 이 코스터.."
knewnew.official,knewnew.official,2026-07-16,https://www.instagram.com/p/Da1hHbGk1Uo/,Y,#광고 치즈 덕후는 이날만을 기다렸어요 🙏🏻
knewnew.official,knewnew.official,2026-07-16,https://www.instagram.com/p/Da1aRfak25m/,N,🏫 계명대생들이 공강 순삭하는 아지트들.
knewnew.official,knewnew.trend,2026-07-15,https://www.instagram.com/p/Da1NgszkxLf/,N,📅 이번 주 F&B 팝업 소식 HOT 5
knewnew.official,knewnew.official,2026-07-15,https://www.instagram.com/p/Daz6H_xExpJ/,N,🚗 차로 1시간이면 충분한 영종도로 출발!
knewnew.official,knewnew.official,2026-07-15,https://www.instagram.com/p/Daz1If7E9SC/,N,🍚 밥알만 먹어도 맛있다는 리뷰가..
knewnew.official,knewnew.official,2026-07-15,https://www.instagram.com/p/DazsUAuEQnr/,N,📆 군산에서 즐기는 가장 완벽한 당일치기 코스.
knewnew.official,knewnew.official,2026-07-15,https://www.instagram.com/p/Dazlhz4EYfe/,Y,"#광고 켈리 디자인 달라진 거, 안다면 눈썰미 인정. 👏🏻"
knewnew.official,knewnew.official,2026-07-15,https://www.instagram.com/p/DaziSvMEY-D/,N,🏝️ 서울 근교에서도 힐링 가능하다.
knewnew.official,knewnew.trend,2026-07-15,https://www.instagram.com/p/Daze0L7CdAs/,N,"📸 요즘 핫한 편집법, 뉴뉴가 정리해 드립니다."
knewnew.official,knewnew.official,2026-07-15,https://www.instagram.com/p/DazXyZHEeW-/,Y,#광고 🍉 아웃백도 탑승한 올 여름 수박코어.
knewnew.official,knewnew.official,2026-07-15,https://www.instagram.com/p/DazKD1jkbG2/,Y,#광고 요즘은 이런 하이볼이 대세라고? 👀
knewnew.official,knewnew.official,2026-07-15,https://www.instagram.com/p/DazFxcJEzVc/,N,"🐓 전국 도감, 이번엔 복날 기념 삼계탕 편!"
knewnew.official,knewnew.life,2026-07-15,https://www.instagram.com/p/DazDOjTEjRV/,N,🌧️ 한 편의 영화를 보는 듯한 영상미.
knewnew.official,knewnew.official,2026-07-15,https://www.instagram.com/p/Day1dHsEx0z/,N,"👩🏻 : 와, 여기 너무 맛있어서 엄마랑 꼭 다시 와야지!"
knewnew.official,knewnew.trend,2026-07-14,https://www.instagram.com/p/DaynyVsk-hm/,N,🐓 오늘은 초복이니까 닭으로 몸보신
knewnew.official,knewnew.official,2026-07-14,https://www.instagram.com/p/DaxVUoZkmfX/,N,⚡️회기는 저녁부터가 진짜입니다.
knewnew.official,knewnew.official,2026-07-14,https://www.instagram.com/p/DaxSVF4EhM6/,N,"☔️ 비바람 불땐,, 핫초코 말고 수프.."
knewnew.official,knewnew.official,2026-07-14,https://www.instagram.com/p/DaxHgH6Ev5m/,N,🏞️ 자연의 풍경이 가장 큰 위로가 되는 날이 있다.
knewnew.official,knewnew.official,2026-07-14,https://www.instagram.com/p/DaxEKfJS-Rr/,Y,"#광고 지만 다이어터 강추, 국내 최저 칼로리 소주 리뷰 🍶"
knewnew.official,knewnew.official,2026-07-14,https://www.instagram.com/p/Daw9QEgEhtm/,N,⚡️ 요즘은 홍대보다 상수가 더 끌리더라.
knewnew.official,knewnew.official,2026-07-14,https://www.instagram.com/p/Dawy1YYkk9X/,Y,"#제작지원 🥤 맛집 스탭밀 레시피, 펩시가 공개합니다."
knewnew.official,knewnew.life,2026-07-14,https://www.instagram.com/p/DaweZJvEkB3/,N,☕️ 저점매수해야 할 양손잡이 컵의 등장..
knewnew.official,knewnew.official,2026-07-14,https://www.instagram.com/p/DawQqtNEv2e/,N,📚 수영구 책방만 따라 걸어도 완성되는 하루.
knewnew.official,knewnew.official,2026-07-13,https://www.instagram.com/p/DauwacsE_1h/,N,"👩‍❤️‍💋‍👨 또 가고 싶다는 건, 그만큼 좋았다는 것!"
knewnew.official,knewnew.official,2026-07-13,https://www.instagram.com/p/DautBKME4fj/,N,🤓 요즘 여기서 시경이형 자주 만납니다(?)
knewnew.official,knewnew.official,2026-07-13,https://www.instagram.com/p/Dauiy1TkVql/,N,🌊 복잡한 마음 비우러 떠나는 통영 여행.
knewnew.official,knewnew.trend,2026-07-13,https://www.instagram.com/p/DauVCLUibmf/,N,🌊 해리단길 필수 코스는 여기.
knewnew.official,knewnew.official,2026-07-13,https://www.instagram.com/p/DauAeVEEb9C/,Y,#광고 생일자가 준비한 생일 파티 EVENT✨
knewnew.official,knewnew.life,2026-07-13,https://www.instagram.com/p/Dat5mT5EmbY/,N,🫳🏻 한번 맛보면 자주 찾게 된다는 JAJU 간식?
knewnew.official,knewnew.official,2026-07-13,https://www.instagram.com/p/DatyT14Tkl9/,Y,#광고 🍧 업무 시간에 랜덤 빙수 챌린지까지 하는 회사… (w.써모스)
knewnew.official,knewnew.official,2026-07-13,https://www.instagram.com/p/DatrwnkE9px/,N,👩‍💻 프리랜서들이 괜히 봉천동을 찾는게 아니야.
knewnew.official,knewnew.trend,2026-07-12,https://www.instagram.com/p/Datd8yTTAKg/,N,회사에서 상사님 몰래 신상 먹방 asmr..? 👄
knewnew.official,knewnew.official,2026-07-12,https://www.instagram.com/p/DasLu0ME4HD/,N,🚲 찐 빈티지 덕후들은 문래동에서 놀더라.
knewnew.official,knewnew.official,2026-07-12,https://www.instagram.com/p/DasIfJdkyWN/,N,🌭 벌써 동네 사람들로 북적인다는 소문이..
knewnew.official,knewnew.official,2026-07-12,https://www.instagram.com/p/Dar96GkkTFi/,N,👨🏻 : 주말에 다 같이 바람 쐬러 갈까?
knewnew.official,knewnew.official,2026-07-12,https://www.instagram.com/p/DarzAEpkWok/,N,👁️ 에디터가 주목하는 NEW F&B 브랜드들! 🆕
knewnew.official,knewnew.life,2026-07-12,https://www.instagram.com/p/DaribMHkRPa/,N,🍱 냉장고 속 재료로 충분히 완성가능!
knewnew.official,knewnew.life,2026-07-12,https://www.instagram.com/p/DarVjldkrET/,N,"🛒 가성비 숨은 꿀템, 뉴뉴가 찾아드립니다."
knewnew.official,knewnew.official,2026-07-12,https://www.instagram.com/p/DarG9ZnkysZ/,N,"🛌 그럼, 늦잠 자고 천천히 만나도 되겠다."
knewnew.official,knewnew.official,2026-07-11,https://www.instagram.com/p/Dapm1UoE98U/,N,⚡️오늘 밤 술맛 제대로 즐기고 싶다면 여기로.
knewnew.official,knewnew.trend,2026-07-11,https://www.instagram.com/p/DapfyAYpb1p/,N,미쉐린 수상 소믈리에의 편의점 화이트 와인 PICK 3 🤍
knewnew.official,knewnew.official,2026-07-11,https://www.instagram.com/p/DapZI3kkfH1/,N,🌳 바쁜 일상은 잠시 내려두고 푸른 남원으로.
knewnew.official,knewnew.official,2026-07-11,https://www.instagram.com/p/DapTcf1keZV/,Y,#광고 🍔 용리단길 가면 망설이지 마세요.
knewnew.official,knewnew.trend,2026-07-11,https://www.instagram.com/p/DapLdXoCY0F/,N,"📸 요즘 핫한 편집법, 뉴뉴가 정리해 드립니다."
knewnew.official,knewnew.trend,2026-07-11,https://www.instagram.com/p/DapFC3BCd82/,N,#뉴가가질래 댓글 이벤트 디어달리아 페탈 드롭 리퀴드 블러쉬 🌸 
knewnew.official,knewnew.life,2026-07-11,https://www.instagram.com/p/Dao25NZEROc/,N,🪴 미감 좋은 식물 오브제로 식집사 되는 법...? 👀
knewnew.official,knewnew.official,2026-07-11,https://www.instagram.com/p/DaopS-fk_OV/,Y,#광고 🧊 이번 여름 홈레시피는 무조건 냉우동이죠! 
knewnew.official,knewnew.official,2026-07-11,https://www.instagram.com/p/DaoiKxik_R-/,N,"🚶‍♀️ 석촌호수 한 바퀴 돌고, 밥 먹으러 가자."
knewnew.official,knewnew.official,2026-07-10,https://www.instagram.com/p/DanCJYeE5gk/,N,⚡️안양 피플들은 불금에 여기로 모인다는데?
knewnew.official,knewnew.official,2026-07-10,https://www.instagram.com/p/Dam9bfzE9mE/,N,🍧 개성 넘치는 빙수의 시대.. 어디까지 갈 것인가.
knewnew.official,knewnew.life,2026-07-10,https://www.instagram.com/p/Dam8ZshEuO7/,N,👁️ 🛒 여긴 아이쇼핑만 해도 행복합니다..
knewnew.official,knewnew.official,2026-07-10,https://www.instagram.com/p/Dam0Y2DEXgC/,N,🏫 한예종 학생들의 아이디어가 샘솟는 아지트들.
knewnew.official,knewnew.official,2026-07-10,https://www.instagram.com/p/DamuW4fkemk/,Y,#광고 이태원에서 즐기는 프랑스 여행? 👀
knewnew.style,knewnew.official,2026-07-10,https://www.instagram.com/p/DamuW4fkemk/,Y,#광고 이태원에서 즐기는 프랑스 여행? 👀
knewnew.official,knewnew.trend,2026-07-10,https://www.instagram.com/p/DammqWzCV8N/,N,"📅🚶🏻️ 제철 외출, 이대로 가시면 됩니다"
knewnew.official,knewnew.official,2026-07-10,https://www.instagram.com/p/DamflxSRFZQ/,Y,#광고 에디터가 더현대 서울에서 월급 탕진한 썰 💸
knewnew.official,knewnew.life,2026-07-10,https://www.instagram.com/p/DamLOJdkv0V/,N,❗️일본 무지엔 여름 한정 민초 디저트가 있다?
knewnew.official,knewnew.official,2026-07-10,https://www.instagram.com/p/DamEXjsEwaz/,Y,#광고 기묘한 하우스에 여러분을 초대합니다... 🏚️ 
knewnew.official,knewnew.official,2026-07-10,https://www.instagram.com/p/Dal9aezk0tn/,N,"🎒이번 여름, 주목해야 할 1인 여행지."
knewnew.official,knewnew.official,2026-07-10,https://www.instagram.com/p/Dal2nTwk7Cd/,Y,#제작지원 식당에서 펩시 무료로 마시는 방법? 👀
knewnew.official,knewnew.trend,2026-07-09,https://www.instagram.com/p/Dalv4uvE7kL/,Y,💌 딩동 - 당신을 위한 7월 2주차 신상템 알림 🔔 
knewnew.official,knewnew.official,2026-07-09,https://www.instagram.com/p/DakdWVhExe3/,N,"🤍 엄마 서울 오는 날, 어디 갈지 고민 끝."
knewnew.official,knewnew.official,2026-07-09,https://www.instagram.com/p/Dakal_pk_Ek/,N,🤦🏻 지금 녹두전 & 육회만 먹을 때가 아니다.
knewnew.official,knewnew.official,2026-07-09,https://www.instagram.com/p/DakPrFykWhO/,N,👵 어린 시절로 돌아온 듯한 할머니집 같은 풍경.
knewnew.official,knewnew.official,2026-07-09,https://www.instagram.com/p/DakMB2RRw2p/,Y,#광고 🍹이제 얼박샷추까지 등장?!
knewnew.official,knewnew.official,2026-07-09,https://www.instagram.com/p/DakJmb9kd4A/,Y,#광고 한국의 초록색 옥상이 칸에서 상을 받았다고요? 👀
knewnew.official,knewnew.official,2026-07-09,https://www.instagram.com/p/DakFQupkasC/,N,👀 석촌호수에 이런 곳이 있었어?
knewnew.official,knewnew.trend,2026-07-09,https://www.instagram.com/p/DakA5KyJp07/,N,"꽈배기 콩국, 제발 지금도 늦은 게 아니라고 말해주세요... 🧎🏻‍♀️"
knewnew.official,knewnew.official,2026-07-09,https://www.instagram.com/p/Daj_JUjkRrw/,N,🌬️ 진짜 콩국수러버라면 이것도 도전?
knewnew.official,knewnew.official,2026-07-09,https://www.instagram.com/p/Daj7DfYEZnQ/,Y,"#광고 숨 막히는 일상 속, 환기가 필요하다면? 😮‍💨"
knewnew.official,knewnew.official,2026-07-09,https://www.instagram.com/p/DajtSZjkXrX/,Y,"#광고 ⭐️ 왔다, 내 포만감 지원군!"
knewnew.official,knewnew.life,2026-07-09,https://www.instagram.com/p/Dajma77EnvA/,N,🧩 내 마음이 궁금하면 이 퍼즐을 맞춰봐 🤍
knewnew.official,knewnew.official,2026-07-09,https://www.instagram.com/p/DajfjSlk1OH/,Y,#광고 자동차 필요하세요? 한 달간 빌려드립니다. 🚗
knewnew.official,knewnew.official,2026-07-09,https://www.instagram.com/p/DajYoCNEwXk/,N,🏫 수업 끝나면 자연스레 모이는 국민대 앞 아지트들.
knewnew.official,knewnew.trend,2026-07-08,https://www.instagram.com/p/DajMNZHE_AS/,Y,📆 이번 주 F&B 팝업 소식 HOT 5
knewnew.official,knewnew.official,2026-07-08,https://www.instagram.com/p/Dah4lUCE9Q-/,N,"🌳 아,부럽다 안양 주민들. 이런 곳이 동네에 있다니"
knewnew.official,knewnew.official,2026-07-08,https://www.instagram.com/p/DahzSVHk6V6/,N,🫑 재개발구역에 숨겨진 건강 맛집이라니.
knewnew.official,knewnew.trend,2026-07-08,https://www.instagram.com/p/DahyqkyCUTL/,N,"🤤 성심당, 여름에도 먹을 거 많습니다"
knewnew.official,knewnew.official,2026-07-08,https://www.instagram.com/p/Dahq0dDkYXe/,N,🥙 성수에 누가 점심에 먹을 거 없대.
knewnew.official,knewnew.official,2026-07-08,https://www.instagram.com/p/DahgziUkQHc/,N,🍸 밤이 더 매력적인 대구 교동에서 한잔.
knewnew.official,knewnew.trend,2026-07-08,https://www.instagram.com/p/DahdAqRiXVn/,N,"📸 요즘 핫한 편집법, 뉴뉴가 정리해 드립니다."
knewnew.official,knewnew.official,2026-07-08,https://www.instagram.com/p/DahVkjGRlqQ/,Y,#광고 해운대 오션뷰와 즐기는 해산물 뷔페? 🦀
knewnew.official,knewnew.official,2026-07-08,https://www.instagram.com/p/DahQ9tlETAI/,N,"🥣 오라, 콩국수 처돌이여…!"
knewnew.official,knewnew.life,2026-07-08,https://www.instagram.com/p/DahBa0KkovT/,N,🎒 집에서도 일본 여행을 떠나는 기분.
knewnew.official,knewnew.official,2026-07-08,https://www.instagram.com/p/Dagzytqk4rg/,N,👩🏻 : 엄마가 좋아할 만한 곳만 골라왔어.
knewnew.official,knewnew.official,2026-07-07,https://www.instagram.com/p/DafTprTE1Uv/,N,🤫 북적이는 성수에도 조용히 머물 곳은 따로 있어.
knewnew.official,knewnew.official,2026-07-07,https://www.instagram.com/p/DafQCvsE_Mz/,N,🍜 서울숲에 이런 신박한 국수가.
knewnew.official,knewnew.trend,2026-07-07,https://www.instagram.com/p/DafM4icCXRF/,N,"🍺 맥주 잘 따르기 대회가 있다면, 믿으시겠습니까?"
knewnew.official,knewnew.official,2026-07-07,https://www.instagram.com/p/DafGAzwkfHJ/,N,🪨 올여름 피서는 서울 근교 양주 송추계곡으로!
knewnew.official,knewnew.official,2026-07-07,https://www.instagram.com/p/Dae7vsvka62/,N,🏫 종강해도 서울대생들에겐 아지트가 필요해.
knewnew.official,knewnew.trend,2026-07-07,https://www.instagram.com/p/Dae4TmRiaRD/,N,📸 서울숲 가서 사진 제대로 남겨야죠.
knewnew.official,knewnew.official,2026-07-07,https://www.instagram.com/p/DaeyZ2Yxmln/,Y,#광고 #뉴뉴오피스리뷰 👄 회사에서 상사님 몰래 먹방 asmr..? 
knewnew.official,knewnew.life,2026-07-07,https://www.instagram.com/p/Daec1bUkp4o/,N,"🍉 AI 아니고, 실제 판매 중인 인센스입니다."
knewnew.official,knewnew.official,2026-07-07,https://www.instagram.com/p/DaeW0HvzdU1/,Y,#광고 폴 바셋 강남점을 찾은 휴먼 ‘폴 바셋‘..?! 😳
knewnew.official,knewnew.official,2026-07-07,https://www.instagram.com/p/DaeO_26k2_t/,N,🛣️ 남구 하나만으로 광주의 매력을 제대로 느낄 수 있다.
knewnew.official,knewnew.official,2026-07-06,https://www.instagram.com/p/Dacu9q-E2YT/,N,🍜 충무로에서 찾은 속 풀리는 해장 스폿.
knewnew.official,knewnew.official,2026-07-06,https://www.instagram.com/p/DacrbMPE_xG/,N,🤤 상봉 살맛 나는 이유 + 1
knewnew.official,knewnew.official,2026-07-06,https://www.instagram.com/p/DachOsKEcE2/,N,📚 혼자만의 여유를 찾아 떠나는 제천 여행.
knewnew.official,knewnew.official,2026-07-06,https://www.instagram.com/p/Dab92zVxnBo/,Y,"#광고 🍵 나는 말차 뉴비일까, 고수일까?"
knewnew.official,knewnew.life,2026-07-06,https://www.instagram.com/p/Dab4Cf8kqu6/,N,❗️MUJI 매장에서 입고 문의가 폭주하는 문구는?
knewnew.official,knewnew.official,2026-07-06,https://www.instagram.com/p/DabqMAuE7Kq/,N,🏘️ 염리동 카페가 우리집 앞이면 좋겠다...
knewnew.official,knewnew.official,2026-07-05,https://www.instagram.com/p/DaaKK4-E5vY/,N,"🕶️ 여름에 잃어버린 입맛 살리러, 송파동으로."
knewnew.official,knewnew.official,2026-07-05,https://www.instagram.com/p/DaaGnD_k6I6/,N,💎 보물 제1호를 바라보는 커피바라니.
knewnew.official,knewnew.official,2026-07-05,https://www.instagram.com/p/DaZx-qHkWH2/,N,👁️ 에디터가 주목하는 NEW F&B 브랜드들! 🆕
knewnew.official,knewnew.life,2026-07-05,https://www.instagram.com/p/DaZg3gIkeD7/,N,☝🏻오늘도 배달앱 키려는 자취생들 집중!
knewnew.official,knewnew.life,2026-07-05,https://www.instagram.com/p/DaZTPQCEpZD/,N,"🛒 가성비 숨은 꿀템, 뉴뉴가 찾아드립니다."
knewnew.official,knewnew.official,2026-07-05,https://www.instagram.com/p/DaZFZuIk5FF/,N,"🛌 그럼, 늦잠 자고 천천히 만나도 되겠다."
knewnew.official,knewnew.official,2026-07-04,https://www.instagram.com/p/DaXlX6PE5xN/,N,💫 자꾸 생각나는 부산 전포의 알코올 스폿.
knewnew.official,knewnew.official,2026-07-04,https://www.instagram.com/p/DaXhzYWkx97/,N,🤵🏻 내 남편감 아침 카페는 여기..
knewnew.official,knewnew.official,2026-07-04,https://www.instagram.com/p/DaXXjLgkZPJ/,N,📻 빈티지 무드로 가득한 경남 진주로 떠납니다.
knewnew.official,knewnew.official,2026-07-04,https://www.instagram.com/p/DaXNWgdEfKe/,N,"🍷 낮은 덥지만, 밤 산책하기 좋은 요즘."
knewnew.official,knewnew.trend,2026-07-04,https://www.instagram.com/p/DaXJ8tpCV7Q/,N,"📸 요즘 핫한 편집법, 뉴뉴가 정리해 드립니다."
knewnew.official,knewnew.life,2026-07-04,https://www.instagram.com/p/DaWuumxkqJV/,N,🐾 이 집게 쓰고 싶어서 요리해야겠는데요?
knewnew.official,knewnew.official,2026-07-04,https://www.instagram.com/p/DaWnUlHzfoo/,Y,#광고 도산대로에 왜 텔레토비가 돌아다니고 있어요?! 😱
knewnew.official,knewnew.official,2026-07-04,https://www.instagram.com/p/DaWgtmVExf5/,N,"🛌 그럼, 늦잠 자고 천천히 만나도 되겠다."
knewnew.official,knewnew.official,2026-07-03,https://www.instagram.com/p/DaVAlK4E329/,N,✈️ 출국 안 해도 해외 감성 가득한 문래의 알코올 스폿.
knewnew.official,knewnew.official,2026-07-03,https://www.instagram.com/p/DaU9TrPE4Rl/,N,🌿 난 서울에서 이 동네가 가장 좋던데?
knewnew.official,knewnew.official,2026-07-03,https://www.instagram.com/p/DaUy0nNk2AM/,N,⏰ 공방 체험에 몰입하다 보니 시간 순삭!
knewnew.official,knewnew.official,2026-07-03,https://www.instagram.com/p/DaUtCumk3yB/,N,👼🏻 뽀짝한 식당이 망원동을 구한다
knewnew.official,knewnew.official,2026-07-03,https://www.instagram.com/p/DaUr-3hkx0b/,Y,"#광고 나만의 콘텐츠로 쇼핑 꿀팁 알리기, 자신있다면? 🛍️"
knewnew.official,knewnew.trend,2026-07-03,https://www.instagram.com/p/DaUokTKCduI/,Y,#광고 에스티 로더 💗 아우프글렛 💗 나의 만남.
knewnew.official,knewnew.official,2026-07-03,https://www.instagram.com/p/DaUePwLk5C6/,Y,#광고 여드름 피부도 화장이 잘 먹을 수 있을까? 🧐 
knewnew.official,knewnew.official,2026-07-03,https://www.instagram.com/p/DaUSMMDEx9I/,Y,#광고 지친 직장인들은 영양제 없이 못 살아요 🥲
knewnew.official,knewnew.life,2026-07-03,https://www.instagram.com/p/DaUJnrNkpTS/,N,🇸🇪 이케아에서 탐나는 아이템만 모아 <지퍼백>
knewnew.official,knewnew.official,2026-07-03,https://www.instagram.com/p/DaUCx9bE89q/,Y,#광고 #EVENT High-Class 주류 인사이트가 궁금하다면? ✨
knewnew.official,knewnew.official,2026-07-03,https://www.instagram.com/p/DaT71pKkxdr/,N,🍴그럼 난 이만 빈티지 파밍하러 대구로 떠날게.
knewnew.official,knewnew.official,2026-07-03,https://www.instagram.com/p/DaT1DDYE4CV/,Y,#광고 🍵 올 여름 디저트 필수 코스?
knewnew.official,knewnew.trend,2026-07-02,https://www.instagram.com/p/DaTu0dbE7UQ/,N,💌 딩동 - 당신을 위한 7월 1주차 신상템 알림 🔔 
knewnew.official,knewnew.official,2026-07-02,https://www.instagram.com/p/DaSiKwWTr3E/,Y,#광고 🧊 현시점 부산에서 가장 시원한 곳?!
knewnew.official,knewnew.official,2026-07-02,https://www.instagram.com/p/DaSbzG3kzep/,N,🏃🏻‍♂️ 한강 따라 달리는 이촌 → 한남 러닝 코스
knewnew.official,knewnew.official,2026-07-02,https://www.instagram.com/p/DaSWfb3k2q4/,N,썸 탈때 가서 하트 피자 시키세요 🫰🏻
knewnew.official,knewnew.official,2026-07-02,https://www.instagram.com/p/DaSUHIgRymA/,Y,#광고 요즘 향따템들은 전부 올영에 판다면서요? 🛒💦
knewnew.official,knewnew.official,2026-07-02,https://www.instagram.com/p/DaSOGawEY7n/,N,🏖️ 사람들 몰리기 전에 얼른 강원도 고성으로 출발해.
knewnew.official,knewnew.life,2026-07-02,https://www.instagram.com/p/DaSKnxZEfaf/,N,🍝 파스타 면도 전용 파우치가 있다.
knewnew.official,knewnew.official,2026-07-02,https://www.instagram.com/p/DaSHMaOEbX5/,Y,#광고 모터 장인들이 만든 청소기? 👀
knewnew.official,knewnew.official,2026-07-02,https://www.instagram.com/p/DaSDtjIEcni/,N,🫧 강동구 천호동에 이런 감성 공간도 많다.
knewnew.official,knewnew.trend,2026-07-02,https://www.instagram.com/p/DaSAZXoiVaR/,N,"📅🚶🏻️ 제철 외출, 이대로 가시면 됩니다"
knewnew.official,knewnew.official,2026-07-02,https://www.instagram.com/p/DaR5dP8kTNJ/,Y,#광고 뚜레쥬르에서 만드는 타코 맛은? 🌮 
knewnew.official,knewnew.official,2026-07-02,https://www.instagram.com/p/DaRroJTRyuz/,Y,#광고 #뉴뉴오피스리뷰 👄 회사에서 상사님 몰래 먹방 asmr..? 
knewnew.official,knewnew.official,2026-07-02,https://www.instagram.com/p/DaRXHrPk2nD/,N,🏫 경북대생들이 아끼는 시간 순삭 아지트들.
knewnew.official,knewnew.trend,2026-07-01,https://www.instagram.com/p/DaRJkjnkw1T/,Y,📅 이번 주 F&B 팝업 소식 HOT 5
knewnew.official,knewnew.official,2026-07-01,https://www.instagram.com/p/DaP25z4E2vP/,N,🌬️ 이 동네 점심은 아주 시원하구만.
knewnew.official,knewnew.official,2026-07-01,https://www.instagram.com/p/DaPq_OIkfKv/,N,🛫 휴대폰 끄고 온전한 휴식을 찾아 애월읍으로.
knewnew.official,knewnew.official,2026-07-01,https://www.instagram.com/p/DaPe_iTkcG-/,N,📸 디카 들고 사진 찍으며 친구와 추억 저장.
knewnew.official,knewnew.trend,2026-07-01,https://www.instagram.com/p/DaPcxJIJX8t/,N,손종원 셰프님의 미모가 열일중인 쉐이크쉑 콜라보 현장... 💦
knewnew.official,knewnew.trend,2026-07-01,https://www.instagram.com/p/DaPbg45CU15/,N,"📸 요즘 핫한 편집법, 뉴뉴가 정리해 드립니다."
knewnew.official,knewnew.official,2026-07-01,https://www.instagram.com/p/DaPXsR3EfMa/,N,서울에 아버지의 묵을 알리러 나오셨다는 🫢
knewnew.official,knewnew.official,2026-07-01,https://www.instagram.com/p/DaPT2nNxQvB/,Y,#광고 #뉴뉴오피스리뷰 👄 회사에서 상사님 몰래 먹방 asmr..? 
knewnew.official,knewnew.official,2026-07-01,https://www.instagram.com/p/DaPOANZkbcz/,N,😲 여기에 네 취향 하나쯤은 있을걸?
knewnew.official,knewnew.official,2026-07-01,https://www.instagram.com/p/DaPG7GKkUkR/,Y,"#광고 Q. 사배 웅니, 하이라이터 정보 알려주세요 🙌🏻"
knewnew.official,knewnew.life,2026-07-01,https://www.instagram.com/p/DaO__7OkuAB/,N,🍽️ 식단 때문에 다이어트가 막막하다면?
knewnew.official,knewnew.official,2026-07-01,https://www.instagram.com/p/DaO5Ni8E6PZ/,Y,#광고 현대카드가 출시한 알파벳 폰트? 👀
knewnew.official,knewnew.official,2026-07-01,https://www.instagram.com/p/DaO3enqk-US/,Y,#광고 오설록과 미피의 만남? 🐰
knewnew.official,knewnew.official,2026-07-01,https://www.instagram.com/p/DaOyVIhEzUy/,N,👩🏻 : 엄마랑 오랜만에 둘이 데이트하고 싶어.
knewnew.official,knewnew.official,2026-06-30,https://www.instagram.com/p/DaNSNENExYN/,N,💫 야장 좋아하는 사람들 다 모이는 대구의 알코올 스폿.
knewnew.official,knewnew.official,2026-06-30,https://www.instagram.com/p/DaNEY4EEdlC/,N,🏰 여름을 좋아하는 소녀들은 다 수원 팔달구에 모이더라.
knewnew.official,knewnew.official,2026-06-30,https://www.instagram.com/p/DaM9mGsEYFk/,Y,#광고 이렇게 가벼운 노트북은 처음인데요..🪽
knewnew.official,knewnew.trend,2026-06-30,https://www.instagram.com/p/DaM3GPziVcv/,N,🍉 여름 분위기를 내 도시락에 담는다면?
knewnew.official,knewnew.official,2026-06-30,https://www.instagram.com/p/DaMx-5ekbnE/,N,👚 옷 구경 독서 커피 타임 다 가능
knewnew.official,knewnew.official,2026-06-30,https://www.instagram.com/p/DaMv4EYERsP/,Y,"#광고 열심히 일한 당신, 쉬어라 ✨ "
knewnew.official,knewnew.life,2026-06-30,https://www.instagram.com/p/DaMpAJDEWq-/,N,🍶 초미니 도자기 ASMR 듣고 가세요.
knewnew.official,knewnew.official,2026-06-30,https://www.instagram.com/p/DaMh-LAke2a/,Y,"#제작지원 🌳️ 석촌호수 나들이, 일단 점심부터 정하자."
knewnew.official,knewnew.life,2026-06-30,https://www.instagram.com/p/DaMbRwmkvnX/,N,🎎 미감이 남다른 일본맛 식기 모음.zip
knewnew.official,knewnew.official,2026-06-30,https://www.instagram.com/p/DaMUZoEE-qp/,Y,#광고 처음이라면 더 제대로 해야죠 💪🏻
knewnew.official,knewnew.official,2026-06-30,https://www.instagram.com/p/DaMNc_pEw4s/,N,👩‍🍳 빵지순례 코스에 대전 관저동이 빠질 수 없지.
knewnew.official,knewnew.official,2026-06-29,https://www.instagram.com/p/DaKtZgZk7FO/,N,🏃🏻‍♂️ 선선한 밤공기와 함께하는 망원 러닝 코스
knewnew.official,knewnew.official,2026-06-29,https://www.instagram.com/p/DaKfq4XkZS7/,N,🌞 진짜 레트로는 을지로의 낮에 있다.
knewnew.official,knewnew.official,2026-06-29,https://www.instagram.com/p/DaKZBWXRgcX/,Y,회사에서 상사님 몰래 메이크업 asmr..? 👄
knewnew.official,knewnew.trend,2026-06-29,https://www.instagram.com/p/DaKScpaJPLY/,N,여름에는 다들 육개장을 비빔면으로 만들어 먹는다고?💦
knewnew.official,knewnew.official,2026-06-29,https://www.instagram.com/p/DaKObIakdap/,N,🧋밀크티 러버라면 성수 필수 코스.
knewnew.official,knewnew.official,2026-06-29,https://www.instagram.com/p/DaKLET5EXg4/,Y,#광고 직딩 주목! 우리도 ‘티‘ 유행 탑승합시다..
knewnew.official,knewnew.official,2026-06-29,https://www.instagram.com/p/DaJ9VUhkeWu/,Y,"#광고 🍪 시리얼 키즈들 다 두근거릴 신상,"
knewnew.official,knewnew.life,2026-06-29,https://www.instagram.com/p/DaJ2eVBksL_/,N,🇯🇵 칼디에서 스프레드만 찾지 마세요!
knewnew.official,knewnew.official,2026-06-29,https://www.instagram.com/p/DaJvmjZE_jS/,N,(광고) 우양산은 자외선보다 ‘열차단’이 진짜다? 🌞️
knewnew.official,knewnew.official,2026-06-29,https://www.instagram.com/p/DaJovHZE_gO/,N,"🌊 삼척 왔으면, 파도 소리 들리는 명당은 가야지."
knewnew.official,knewnew.official,2026-06-28,https://www.instagram.com/p/DaIImlwEwlV/,N,"🚪️ 빈티지 좋아하는 사람들, 요즘 회현에서 놀더라."
knewnew.official,knewnew.official,2026-06-28,https://www.instagram.com/p/DaH6x9Jka_m/,N,🍴주말 계획 없으면 맛집으로 가득한 댕리단길로 떠나자!
knewnew.official,knewnew.official,2026-06-28,https://www.instagram.com/p/DaHtPqyEYL9/,N,👁️ 에디터가 주목하는 NEW F&B 브랜드들! 🆕
knewnew.official,knewnew.official,2026-06-28,https://www.instagram.com/p/DaHplyWkXdb/,N,"👁️ 가구, 식기, 조명.. 모든 것이 탐나는.."
knewnew.official,knewnew.life,2026-06-28,https://www.instagram.com/p/DaHfN5pkWQY/,N,💁🏻‍♀️ 오늘도 수고한 나를 위한 한 끼...
knewnew.official,knewnew.official,2026-06-28,https://www.instagram.com/p/DaHb8LPkXnr/,N,"🚛 친구야, 광주로 이사 올 생각 없어?"
knewnew.official,knewnew.life,2026-06-28,https://www.instagram.com/p/DaHRu_nEhCC/,N,"🛒 가성비 숨은 꿀템, 뉴뉴가 찾아드립니다."
knewnew.official,knewnew.official,2026-06-28,https://www.instagram.com/p/DaHD1LAkwaQ/,N,"🛌 그럼, 늦잠 자고 천천히 만나도 되겠다."
knewnew.official,knewnew.official,2026-06-27,https://www.instagram.com/p/DaFjtizE_wU/,N,💫 나만 알고 싶은 광주 동명동의 알코올 스폿.
knewnew.official,knewnew.official,2026-06-27,https://www.instagram.com/p/DaFWE8BkbXb/,N,🌞️ 평화로운 소도시 감성을 느끼고 싶다면 담양으로
knewnew.official,knewnew.trend,2026-06-27,https://www.instagram.com/p/DaFISqyiYA2/,N,"📸 요즘 핫한 편집법, 뉴뉴가 정리해 드립니다."
knewnew.official,knewnew.official,2026-06-27,https://www.instagram.com/p/DaFCpjRkS3p/,N,🥬 쌈의 민족이 만든 한국식 타코라.
knewnew.official,knewnew.trend,2026-06-27,https://www.instagram.com/p/DaFBfC9CbH4/,Y,#광고 비타500으로 랜덤깡하는 날이 올 줄이야? 😳
knewnew.official,knewnew.life,2026-06-27,https://www.instagram.com/p/DaE6m_3EZVa/,N,"🍙 밥대신, 책 위에 올리는 김?"
knewnew.official,knewnew.official,2026-06-27,https://www.instagram.com/p/DaE3J7bEZrg/,N,🫧 더워도 밖은 나가고싶어....!
knewnew.official,knewnew.life,2026-06-27,https://www.instagram.com/p/DaEs4jZEtb9/,N,💆🏻‍♀️ 이런 귀여운 괄사면 조금 덜 귀찮을지도..
knewnew.official,knewnew.official,2026-06-27,https://www.instagram.com/p/DaEkd4STClV/,Y,#광고 방울토마토가 가득 들어간 냉우동이요? (feat. 면사랑)
knewnew.official,knewnew.official,2026-06-27,https://www.instagram.com/p/DaEfLLbk-qL/,N,🏃🏻‍♂️ 노들섬에서 출발해 다시 돌아오는 한강 10km 코스
knewnew.official,knewnew.official,2026-06-27,https://www.instagram.com/p/DaEYSNFEwbS/,Y,#광고 🗣️ : 밥 먹을 때 뭐 볼지 고민인 사람?
knewnew.official,knewnew.official,2026-06-26,https://www.instagram.com/p/DaC_A7Rk7C1/,N,💫 레트로한 골목 곳곳에 숨겨진 대구 중구의 알코올 스폿.
knewnew.official,knewnew.official,2026-06-26,https://www.instagram.com/p/DaC1TxzRZk9/,Y,#광고 🥩 창고43에서 만난 조서형 셰프 콜라보 신메뉴!
knewnew.official,knewnew.official,2026-06-26,https://www.instagram.com/p/DaCxPSMkUdy/,N,🫧 춘천의 디저트는 귀여움으로 가득하다.
knewnew.official,knewnew.official,2026-06-26,https://www.instagram.com/p/DaCqQ1dkbW2/,Y,#제작지원 🇹🇭 여기가 태국이야 망원이야 ~
knewnew.official,knewnew.official,2026-06-26,https://www.instagram.com/p/DaCm-FMkUlx/,N,"🏫 카이스트생 여러분, 선배가 알려줄게요."
knewnew.official,knewnew.official,2026-06-26,https://www.instagram.com/p/DaCf7vTkZjw/,N,🪻 정원사의 미감이 디저트를 만나면..
knewnew.official,knewnew.official,2026-06-26,https://www.instagram.com/p/DaCcr-dEZjV/,Y,#광고 👀 음소거로 축하의 마음 전하는 방법? 🔇
knewnew.official,knewnew.trend,2026-06-26,https://www.instagram.com/p/DaCO8xrCcNq/,N,🥟 마케팅 담당자가 만두에 진심이라면?
knewnew.official,knewnew.life,2026-06-26,https://www.instagram.com/p/DaCIfQCElpY/,N,🏠 지금 안 사면 후회할 아이템만 모아 <자라홈 세일템>
knewnew.official,knewnew.official,2026-06-26,https://www.instagram.com/p/DaCAX7DTd4_/,N,(광고) 한국인이라면 마늘 이 정도는 넣어야죠 😎
knewnew.official,knewnew.official,2026-06-26,https://www.instagram.com/p/DaB6R5ZEzEY/,N,🚏발길을 멈추게 하는 개성있는 봉리단길 골목길.
knewnew.official,knewnew.trend,2026-06-25,https://www.instagram.com/p/DaBs6t5E-KZ/,Y,💌 딩동 - 당신을 위한 6월 4주차 신상템 알림 🔔 
knewnew.official,knewnew.official,2026-06-25,https://www.instagram.com/p/DaAaOCLEz2W/,N,"🫂 막 연애를 시작한 풋풋한 커플이라면,"
knewnew.official,knewnew.trend,2026-06-25,https://www.instagram.com/p/DaATUfCJNOQ/,N,“야-호” 하는 트와이스 실존? 💕
knewnew.official,knewnew.official,2026-06-25,https://www.instagram.com/p/DaAMZzfEdbc/,N,🕰️️ 빈티지 감성 좋아하면 강원도 횡성으로 떠나자!
knewnew.official,knewnew.official,2026-06-25,https://www.instagram.com/p/DaAFoWgEcyX/,Y,#광고 📱 이제 챗지피티랑 카톡가능?
knewnew.official,knewnew.official,2026-06-25,https://www.instagram.com/p/DaACIw8EaEm/,N,🌿 공릉과 태릉입구사이에 찾아온 여름.
knewnew.official,knewnew.trend,2026-06-25,https://www.instagram.com/p/DZ_-xCGCZmT/,N,"📅🚶🏻️ 제철 외출, 이대로 가시면 됩니다"
knewnew.official,knewnew.official,2026-06-25,https://www.instagram.com/p/DZ_7M_jEYOw/,N,✌🏻여기 갔다가 갸루돼서 나온답니다 (야-호)
knewnew.official,knewnew.life,2026-06-25,https://www.instagram.com/p/DZ_jhs2krjQ/,N,🫛 이번 여름은 ‘완두콩 코어’입니다.
knewnew.official,knewnew.official,2026-06-25,https://www.instagram.com/p/DZ_cbJmk3nS/,Y,#광고 카페에서 즐기는 수박화채라니... 고능하다 ✨
knewnew.official,knewnew.official,2026-06-25,https://www.instagram.com/p/DZ_VkNvk_Ka/,N,🏫 마감에 지친 홍대생들이 숨 돌리는 아지트.
knewnew.official,knewnew.trend,2026-06-24,https://www.instagram.com/p/DZ_ITipE-2v/,N,📅 이번 주 F&B 팝업 소식 HOT 5
knewnew.official,knewnew.official,2026-06-24,https://www.instagram.com/p/DZ91UPikxop/,N,🌞️ 여름이 기다려지는 이유는 팔달구에 있다.
knewnew.official,knewnew.trend,2026-06-24,https://www.instagram.com/p/DZ9wENfCTll/,N,🥭 꼭 소리를 키고 보세요 (반드시)
knewnew.official,knewnew.official,2026-06-24,https://www.instagram.com/p/DZ9uqDyk3NZ/,N,🍷 광안리 술집들은 느좋이다...
knewnew.official,knewnew.official,2026-06-24,https://www.instagram.com/p/DZ9nlcDkVsi/,N,🐟 대전은 사실 빵이 아닌 연어의 도시다.
knewnew.official,knewnew.official,2026-06-24,https://www.instagram.com/p/DZ9g3M_kX3W/,Y,"#광고 🇦🇺 추구미 호주 핫걸인 뉴뉴, 우지커피 신상 먹어봄."
knewnew.official,knewnew.trend,2026-06-24,https://www.instagram.com/p/DZ9Z-5sidPG/,N,"📸 요즘 핫한 편집법, 뉴뉴가 정리해 드립니다."
knewnew.official,knewnew.official,2026-06-24,https://www.instagram.com/p/DZ9WXwVESYm/,N,"🫧 2004년, 내 첫 컬러의 해방이 떠오른다.."
knewnew.official,knewnew.official,2026-06-24,https://www.instagram.com/p/DZ9TGO3kaD7/,Y,#광고 요즘은 모닝 커피 대신 모닝 말차라고? 🍵
knewnew.official,knewnew.official,2026-06-24,https://www.instagram.com/p/DZ9E6B0xXiR/,Y,#광고 #EVENT 🏃🏻‍♀️ 갓생러가 끼고 산다는 이 커피?
knewnew.official,knewnew.official,2026-06-24,https://www.instagram.com/p/DZ9BjoxEUck/,N,"🇺🇸 관광객이 아닌, 현지인의 일상처럼."
knewnew.official,knewnew.life,2026-06-24,https://www.instagram.com/p/DZ8-avBkjvg/,N,🌞 이제 진짜 여름이다.. 효민 언니 소환!
knewnew.official,knewnew.official,2026-06-24,https://www.instagram.com/p/DZ8wwlQkzwr/,N,"👩🏻 : 부모님 생신, 결혼기념일엔 제대로 모시고 싶어."
knewnew.official,knewnew.trend,2026-06-24,https://www.instagram.com/p/DZ8p5Z5k4IQ/,N,#뉴가가질래 댓글 이벤트 신라호텔 수영장 티켓 🏊🏻 
knewnew.official,knewnew.official,2026-06-23,https://www.instagram.com/p/DZ7QiKJE1kM/,N,🌀 오늘 2차는 은평구에서 새벽까지 달리자!
knewnew.official,knewnew.official,2026-06-23,https://www.instagram.com/p/DZ7Jr1qk2xb/,N,"📕 무더운 요즘, 시원한 도서관에서 독서 피서는 필수."
knewnew.official,knewnew.official,2026-06-23,https://www.instagram.com/p/DZ7C6H1ESdJ/,N,🌽 초당옥수수 디저트 먹으러 여름엔 강릉 가야지.
knewnew.official,knewnew.official,2026-06-23,https://www.instagram.com/p/DZ68CSlkdrP/,Y,"#광고 필릭스, BBQ 모델됨 👏🏻 "
knewnew.official,knewnew.trend,2026-06-23,https://www.instagram.com/p/DZ61LJEiU7B/,N,👀 동묘에서 설마 여길 놓치진 않으셨겠죠?
knewnew.official,knewnew.official,2026-06-23,https://www.instagram.com/p/DZ6xsodkXyd/,Y,#제작지원 🍧 이게 홍콩 젠지 맛이구나..
knewnew.official,knewnew.official,2026-06-23,https://www.instagram.com/p/DZ6hXhVxOQc/,Y,"#광고 🍋 트와이스 실물, 상큼함에 말이 안 나와요.."
knewnew.official,knewnew.official,2026-06-23,https://www.instagram.com/p/DZ6gbAKkUC-/,Y,#제작지원 🌀 늦잠 자고 이거 먹으면 해장 완료.
knewnew.official,knewnew.life,2026-06-23,https://www.instagram.com/p/DZ6ZtrAkies/,N,🍴이제 주방에 이 정도 손잡이는 있어야..
knewnew.official,knewnew.official,2026-06-23,https://www.instagram.com/p/DZ6L-AvkwuQ/,N,⛱️ 시원한 여름을 찾아 떠나는 울산 여행.
knewnew.official,knewnew.official,2026-06-22,https://www.instagram.com/p/DZ4ruE4k4KM/,N,💫 로컬들이 찾는 골목 곳곳에 숨겨진 신포역의 알코올 스폿.
knewnew.official,knewnew.official,2026-06-22,https://www.instagram.com/p/DZ4eIiakbvG/,N,🌿 푸른 자연 속 힐링을 찾아 떠나는 산청 여행.
knewnew.official,knewnew.trend,2026-06-22,https://www.instagram.com/p/DZ4QlDXJwBs/,N,고능한 말차햇반으로 만드는 냉오차즈케라니...🧊
knewnew.official,knewnew.official,2026-06-22,https://www.instagram.com/p/DZ4M3ltEYbs/,N,🫦 이 케이크 들면 바로 핫걸.
knewnew.official,knewnew.official,2026-06-22,https://www.instagram.com/p/DZ4JhLGEeeN/,Y,#광고 #EVENT 넌 무슨 재회하자는 말을 
knewnew.official,knewnew.official,2026-06-22,https://www.instagram.com/p/DZ4Cd9rEanm/,N,#뉴뉴소식지 <뉴뉴라이프> 부록 오픈 🆕
knewnew.official,knewnew.life,2026-06-22,https://www.instagram.com/p/DZ31ATwkmvt/,N,❗️MUJI에는 솥밥 시리즈가 있다?
knewnew.official,knewnew.official,2026-06-22,https://www.instagram.com/p/DZ3nFAEEyL-/,N,🚏 광진구 중곡동 골목 곳곳에 숨은 디저트 맛집들.
knewnew.official,knewnew.trend,2026-06-21,https://www.instagram.com/p/DZ3ZPCdzPQr/,N,회사에서 상사님 몰래 신상 먹방 asmr..? 👄
knewnew.official,knewnew.official,2026-06-21,https://www.instagram.com/p/DZ2HCjxEwKN/,N,🌇 해방촌은 노을 지는 시간에 가야 진짜더라.
knewnew.official,knewnew.official,2026-06-21,https://www.instagram.com/p/DZ2ABuzEU1k/,Y,"#제작지원 🇭🇰 홍콩, 여름엔 이런 매력이."
knewnew.official,knewnew.official,2026-06-21,https://www.instagram.com/p/DZ15OAhETdp/,N,🌞 한적한 소도시 감성 가득한 강원도 횡성.
knewnew.official,knewnew.official,2026-06-21,https://www.instagram.com/p/DZ1rhLRkXk7/,N,👁️ 에디터가 주목하는 NEW F&B 브랜드들! 🆕
knewnew.official,knewnew.official,2026-06-21,https://www.instagram.com/p/DZ1oB5oEW7q/,N,🍉 카페 사장님이 여름에 진심이면 생기는 일..
knewnew.official,knewnew.life,2026-06-21,https://www.instagram.com/p/DZ1dvb_kd5U/,N,🌞 내 여름 누들 추구미는 해쭈 비빔면.
knewnew.official,knewnew.life,2026-06-21,https://www.instagram.com/p/DZ1QIXuklsx/,N,"🛒 숨은 꿀템, 뉴뉴가 찾아드립니다."
knewnew.official,knewnew.official,2026-06-21,https://www.instagram.com/p/DZ1CShnE_YF/,N,🤐 다이어트 중이어도 외식은 포기 못해.
knewnew.official,knewnew.official,2026-06-20,https://www.instagram.com/p/DZziKIRE-qI/,N,💫 서순라길 야장에서 완성되는 여름밤의 낭만.
knewnew.official,knewnew.official,2026-06-20,https://www.instagram.com/p/DZzUvmskQ03/,N,✈️ 비행기를 타지 않아도 일본 감성을 느낄 수 있는 광주.
knewnew.official,knewnew.trend,2026-06-20,https://www.instagram.com/p/DZzHhOzCc97/,N,"📸 요즘 핫한 편집법, 뉴뉴가 정리해 드립니다."
knewnew.official,knewnew.official,2026-06-20,https://www.instagram.com/p/DZzDdjHkaaQ/,N,이게 망원의 여름이었다.. 🫧
knewnew.official,knewnew.official,2026-06-20,https://www.instagram.com/p/DZy5AnskeWv/,N,"🌿 인생이 시끄러울 때, 난 봉천동으로 가."
knewnew.official,knewnew.life,2026-06-20,https://www.instagram.com/p/DZyrih3kmFh/,N,"💊 이 알약 케이스, 초창기 애플미 있으시다... 👩🏻‍💻"
knewnew.official,knewnew.official,2026-06-20,https://www.instagram.com/p/DZykdQsEwZO/,Y,"#광고 아샷추, 다음은 밀샷추...? 😮"
knewnew.official,knewnew.official,2026-06-20,https://www.instagram.com/p/DZydlQHE5rc/,N,"🛌 그럼, 늦잠 자고 천천히 만나도 되겠다."
knewnew.official,knewnew.official,2026-06-19,https://www.instagram.com/p/DZw9WD9E_ZL/,N,"🌀송도에 한식, 중식, 일식 다 있고 넌 고르기만 해."
knewnew.official,knewnew.official,2026-06-19,https://www.instagram.com/p/DZw2LLrTQJ6/,Y,"#광고 🥃 그냥 하이볼 말고, 산토리 하이볼!!!"
knewnew.official,knewnew.official,2026-06-19,https://www.instagram.com/p/DZwvwxvkRX-/,N,🇯🇵 여러분은 종강 기념 비행기표만 끊어오세요.
knewnew.official,knewnew.official,2026-06-19,https://www.instagram.com/p/DZwo2tIEd5n/,Y,#광고 요즘 카페 사장님들의 공통점은?
knewnew.official,knewnew.official,2026-06-19,https://www.instagram.com/p/DZwiBaTkeZo/,N,"🏫 세종대생 후배 여러분, 선배가 알려줄게요."
knewnew.official,knewnew.official,2026-06-19,https://www.instagram.com/p/DZwbHkbEZFu/,Y,#광고 역수출해달라고 화제인 컵빙수? 👀
knewnew.official,knewnew.life,2026-06-19,https://www.instagram.com/p/DZwWxA2Ebw8/,N,"🌺 여름용 이어폰 줄감개, 장만해야죠."
knewnew.official,knewnew.life,2026-06-19,https://www.instagram.com/p/DZwUQuBEWsy/,N,📚 가구 디자이너가 독서에 푹 빠지면 생기는 일.
knewnew.official,knewnew.official,2026-06-19,https://www.instagram.com/p/DZwNZcZEf2I/,Y,*본 콘텐츠는 동서식품의 유료 광고 콘텐츠입니다.
knewnew.official,knewnew.official,2026-06-19,https://www.instagram.com/p/DZwJ8sUkVyQ/,Y,#제작지원 🎞️ 여기가 내 화양연화고 중경삼림이야..
knewnew.official,knewnew.life,2026-06-19,https://www.instagram.com/p/DZwGhDPEqu8/,N,🇸🇪 이케아에서 탐나는 아이템만 모아 <주방 행주>
knewnew.official,knewnew.official,2026-06-19,https://www.instagram.com/p/DZv8N7bE7F_/,N,🏃🏻‍♂️ 한 바퀴 약 3km의 경복궁 돌담길 러닝 코스
knewnew.official,knewnew.official,2026-06-19,https://www.instagram.com/p/DZv4tCcE2iy/,N,😱 이 음식점 세계에선 내 최애가.....칵테일?!
knewnew.official,knewnew.official,2026-06-18,https://www.instagram.com/p/DZvrDRmE6k2/,N,💌 딩동 - 당신을 위한 6월 3주차 신상템 알림 🔔 
knewnew.official,knewnew.official,2026-06-18,https://www.instagram.com/p/DZuSHFAk0N3/,Y,"#광고 👗OOTD말고, 매일 우리집 패션바꾸기!"
knewnew.official,knewnew.official,2026-06-18,https://www.instagram.com/p/DZuK36REeTY/,N,📴 휴대폰은 내려놓고 경북 영주에서 디지털 디톡스.
knewnew.official,knewnew.official,2026-06-18,https://www.instagram.com/p/DZuEEtvkQL-/,Y,#광고 여름휴가 준비하세요? 이거 놓치면 안됩니다.
knewnew.official,knewnew.trend,2026-06-18,https://www.instagram.com/p/DZt9Me7CZ9t/,N,"📅🚶🏻️ 제철 외출, 이대로 가시면 됩니다"
knewnew.official,knewnew.official,2026-06-18,https://www.instagram.com/p/DZt5npRkVat/,N,🦀 홍게패티 산도는 여기가 최초.
knewnew.official,knewnew.official,2026-06-18,https://www.instagram.com/p/DZt28kGkcHW/,Y,#광고 💐 여름에도 몸에서 생장미 향 나는 비법? 대.공.개.
knewnew.official,knewnew.official,2026-06-18,https://www.instagram.com/p/DZtomYFEfWo/,Y,#광고 🎂 저 오늘 생일인데 생일파티 오시면 선물 드릴게요(?)🎁 
knewnew.official,knewnew.life,2026-06-18,https://www.instagram.com/p/DZthxkwkrxS/,N,🦟 모기도 반하고 간다는 그 모기향 홀더
knewnew.official,knewnew.official,2026-06-18,https://www.instagram.com/p/DZtUSoGk2he/,N,"🏫 전남대생 여러분, 선배가 알려줄게요."
knewnew.official,knewnew.official,2026-06-18,https://www.instagram.com/p/DZtNIzmExrQ/,Y,"#제작지원 🧑🏻‍🍳 미식가들의 연례행사, 서울 푸드 페스티벌 현장"
knewnew.official,knewnew.official,2026-06-17,https://www.instagram.com/p/DZtGfEuEwGM/,N,📅 이번 주 F&B 팝업 소식 HOT 5
knewnew.official,knewnew.official,2026-06-17,https://www.instagram.com/p/DZrzxabE62x/,N,🏞️ 남양주는 고즈넉한 북한강 뷰 하나로 충분하더라.
knewnew.official,knewnew.official,2026-06-17,https://www.instagram.com/p/DZrtj4Zk_gk/,N,🌿 내가 평택의 여름을 사랑하게된이유.
knewnew.official,knewnew.official,2026-06-17,https://www.instagram.com/p/DZrmI3-kQEG/,N,🇭🇺 영화 같은 야경부터 동유럽 낭만까지.
knewnew.official,knewnew.trend,2026-06-17,https://www.instagram.com/p/DZrY5tICdzo/,N,"📸 요즘 핫한 편집법, 뉴뉴가 정리해 드립니다."
knewnew.official,knewnew.official,2026-06-17,https://www.instagram.com/p/DZrVDAMEc0m/,N,👧🏻 전국 딸래미들이 부러워 할 카페?
knewnew.official,knewnew.life,2026-06-17,https://www.instagram.com/p/DZq8-JjkhGr/,N,🍴내 여름 집밥 추구미는 수사샤.
knewnew.official,knewnew.official,2026-06-17,https://www.instagram.com/p/DZqvGh4k9Yb/,N,👩🏻 : 엄마는 어떤 걸 좋아할까?
knewnew.official,knewnew.trend,2026-06-16,https://www.instagram.com/p/DZqhc65E-w2/,N,📸 일단 다 캡처하고 보는 사람이라면
knewnew.official,knewnew.official,2026-06-16,https://www.instagram.com/p/DZpPE-Ak13d/,N,🌀 너.. 설마 벌써 집가려는건 아니지?
knewnew.official,knewnew.official,2026-06-16,https://www.instagram.com/p/DZpBVkhkdMX/,N,"🏠 하, 내가 이 맛에 인천 구월동에 살아."
knewnew.official,knewnew.official,2026-06-16,https://www.instagram.com/p/DZo6jF1EVB6/,Y,#광고 🕖 느좋녀가 되려면 이걸 ‘콕’ 찌르면 됨.
knewnew.official,knewnew.official,2026-06-16,https://www.instagram.com/p/DZouPOfESss/,N,"🌃 해방촌 언덕 아래, 미감 좋은 바가 생겼다."
knewnew.official,knewnew.official,2026-06-16,https://www.instagram.com/p/DZosjuvEavt/,Y,#제작지원 🫧️ 이 동네는 점심밥도 그냥이 없네..
knewnew.official,knewnew.official,2026-06-16,https://www.instagram.com/p/DZofAMykT2c/,Y,#광고 #EVENT 여드름 고민 해결해주는 트레일러? 🚚
knewnew.official,knewnew.life,2026-06-16,https://www.instagram.com/p/DZoYL0AEsZi/,N,👀 젓가락이 쏙! 들어가는 참신한 그릇 등장 🥢
knewnew.official,knewnew.official,2026-06-16,https://www.instagram.com/p/DZoKbXNk-YI/,N,🎒 종강이야! 청춘 즐기러 경주로 떠나볼까?
knewnew.official,knewnew.official,2026-06-15,https://www.instagram.com/p/DZmqLFZE5rF/,N,🌀 경기도 안양 퇴근러들의 진짜 퇴근은 2차 후에!
knewnew.official,knewnew.official,2026-06-15,https://www.instagram.com/p/DZmcdgCEUA8/,N,🏞️ 일상에서 벗어나 마주한 제주도의 낭만 서귀포.
knewnew.official,knewnew.trend,2026-06-15,https://www.instagram.com/p/DZmN6V5p-SF/,N,"수박화채 가고, 깐포도 화채 붐 옵니다.. 🍇"
knewnew.official,knewnew.official,2026-06-15,https://www.instagram.com/p/DZmLf2WEWXu/,N,🎀 나 이제 압구정 브런치 girl 할래
knewnew.official,knewnew.life,2026-06-15,https://www.instagram.com/p/DZlzWqaEuQl/,N,❗️일본 MUJI에는 신기한 조미료를 판다?
knewnew.official,knewnew.official,2026-06-15,https://www.instagram.com/p/DZlsegxE1IV/,Y,#광고 스니커즈가 냉동실로 들어갔다고? 🥶
knewnew.official,knewnew.official,2026-06-15,https://www.instagram.com/p/DZllm1XE-O9/,N,"🌳 양재천 산책 후, 가볍게 즐기는 브런치는 필수 공식"
knewnew.official,knewnew.trend,2026-06-14,https://www.instagram.com/p/DZlYG_uzc53/,N,회사에서 상사님 몰래 신상 먹방 asmr..? 👄
knewnew.official,knewnew.official,2026-06-14,https://www.instagram.com/p/DZkFZblk_Zg/,N,🌿 푸릇한 자연에 둘러싸인 경남 밀양에서 초록빛 여름나기.
knewnew.official,knewnew.official,2026-06-14,https://www.instagram.com/p/DZj3vfSkTk1/,N,🏘️여름 분위기가득한 의정부 골목 나들이.
knewnew.official,knewnew.official,2026-06-14,https://www.instagram.com/p/DZjrlZ7ka_t/,N,🌮 종로에서 야장 말고 타코 어때.
knewnew.official,knewnew.official,2026-06-14,https://www.instagram.com/p/DZjSGrbEe-P/,N,"🤦🏻 있지, 내가 청주를 이맛에 산다니까."
knewnew.official,knewnew.life,2026-06-14,https://www.instagram.com/p/DZjO6FgkpoH/,N,"🛒 가성비 숨은 꿀템, 뉴뉴가 찾아드립니다."
knewnew.official,knewnew.official,2026-06-14,https://www.instagram.com/p/DZjAz1bEywF/,N,"🛌 그럼, 늦잠 자고 천천히 만나도 되겠다."
knewnew.official,knewnew.official,2026-06-13,https://www.instagram.com/p/DZhgrh_Ez4g/,N,💫 일산 밤리단길 로컬들이 아끼는 술집 스폿들.
knewnew.official,knewnew.trend,2026-06-13,https://www.instagram.com/p/DZhcB_ppixC/,N,"🌹 현웅 & 영서 커플이 해방촌 바, ‘랑케’를 소개합니다"
knewnew.official,knewnew.official,2026-06-13,https://www.instagram.com/p/DZhS2mlkZ6L/,N,🚪️경북 안동에서 찾은 빈티지 농도 100%의 카페 스폿들!
knewnew.official,knewnew.official,2026-06-13,https://www.instagram.com/p/DZhMHAFRJsJ/,Y,#광고 요즘 강남에서 가장 핫한 웰니스 플랫폼?! 💥
knewnew.official,knewnew.trend,2026-06-13,https://www.instagram.com/p/DZhFKkVCSsA/,N,"📸 요즘 핫한 편집법, 뉴뉴가 정리해 드립니다."
knewnew.official,knewnew.official,2026-06-13,https://www.instagram.com/p/DZhBJbpkYBR/,N,🫧 먹으러 갔다가 감상하고 온답니다..
knewnew.official,knewnew.official,2026-06-13,https://www.instagram.com/p/DZg-WPskYQQ/,Y,"#광고 이번 여름, 나만의 복숭아 취향을 찾고싶다면?"
knewnew.official,knewnew.official,2026-06-13,https://www.instagram.com/p/DZgwnPcET_3/,Y,#광고 🗣 인테리어 바꾸고 싶은 사람? 성수로 모이세요.
knewnew.official,knewnew.official,2026-06-13,https://www.instagram.com/p/DZgtH-okTiY/,N,"🏫 새내기 성신여대생 여러분, 선배가 알려줄게요."
knewnew.official,knewnew.life,2026-06-13,https://www.instagram.com/p/DZgpwT_ksmX/,N,🥣 여기가 내 식기 미술관이다.....
knewnew.official,knewnew.official,2026-06-13,https://www.instagram.com/p/DZgb6vCk8O3/,N,"👩🏻 : 엄마, 보라매공원 산책하고 데이트하자!"
knewnew.official,knewnew.official,2026-06-12,https://www.instagram.com/p/DZe75OJkwJU/,N,🌀 너 진짜 집가게? 퇴근하고 한잔 더해야지.
knewnew.official,knewnew.official,2026-06-12,https://www.instagram.com/p/DZeuJw4EX-R/,N,🇧🇪 유럽의 수도부터 로컬 낭만까지.
knewnew.official,knewnew.official,2026-06-12,https://www.instagram.com/p/DZenSd5kYUS/,Y,#광고 위스키와 다이닝의 페어링이 궁금하다면? 👀
knewnew.official,knewnew.official,2026-06-12,https://www.instagram.com/p/DZejwPSEfO3/,N,💌 동네 안에서도 느좋 데이트 가능.
knewnew.official,knewnew.official,2026-06-12,https://www.instagram.com/p/DZea5ZskW9L/,N,🚏 을지로4가와 동역사 사이에 이런 곳이.
knewnew.official,knewnew.official,2026-06-12,https://www.instagram.com/p/DZeL0YkEStf/,Y,#광고 올 여름 수박주스는 마음껏 먹을 수 있겠네요 🍉
knewnew.official,knewnew.life,2026-06-12,https://www.instagram.com/p/DZeE-mxkjdA/,N,🇸🇪 이케아에서 탐나는 아이템만 모아 <화분>
knewnew.official,knewnew.official,2026-06-12,https://www.instagram.com/p/DZd3JtQE3J5/,N,🗣️ 우리의 첫 부산 여행은 꽤 완벽했었지.
knewnew.official,knewnew.official,2026-06-12,https://www.instagram.com/p/DZdwWn7E2vi/,Y,#광고 🗣️ 인테리어 고민중이신가요? 그렇다면 주목!
knewnew.official,knewnew.official,2026-06-11,https://www.instagram.com/p/DZdpgIoEyFw/,N,💌 딩동 - 당신을 위한 6월 2주차 신상템 알림 🔔 
knewnew.official,knewnew.official,2026-06-11,https://www.instagram.com/p/DZcXFvRk65T/,N,🗣️ 더위 걱정 없이 가볍게 즐기기 좋은 용산 코스.
knewnew.official,knewnew.official,2026-06-11,https://www.instagram.com/p/DZcPnHgTrUR/,Y,#광고 🎂 내맘대로 골라 담는 ‘마이원케이크’ 등장
knewnew.official,knewnew.official,2026-06-11,https://www.instagram.com/p/DZcJW5MkZ1w/,N,⚡️시끄러운 도심을 벗어나 자연과 함께 여유로운 힐링을.
knewnew.official,knewnew.official,2026-06-11,https://www.instagram.com/p/DZb4ubhEYqv/,N,🌿 이걸로 여름 대구를 버팁니다.
knewnew.official,knewnew.official,2026-06-11,https://www.instagram.com/p/DZb0w6Lkeb5/,Y,"#광고 요즘 유행이라는 웰니스, 해보고 싶다면?"
knewnew.official,knewnew.trend,2026-06-11,https://www.instagram.com/p/DZbv1_fpObE/,N,장원영 미모 감상 TIME 💕
knewnew.official,knewnew.official,2026-06-11,https://www.instagram.com/p/DZbm1avkbqN/,Y,"#제작지원 🥤 맛집 스탭밀 레시피, 펩시가 또! 털었다."
knewnew.official,knewnew.life,2026-06-11,https://www.instagram.com/p/DZbhIFNkv56/,N,"🧻 가지고 다니며, 톡톡 뽑아 쓰세요!"
knewnew.official,knewnew.official,2026-06-11,https://www.instagram.com/p/DZbZTAaEx2U/,Y,#광고 #EVENT 🥭 무지개 생망고 무제한으로 먹고 싶다면?
knewnew.official,knewnew.official,2026-06-11,https://www.instagram.com/p/DZbSWJnEzq6/,N,"🏫 과기대생 여러분, 선배가 알려줄게요."
knewnew.official,knewnew.official,2026-06-10,https://www.instagram.com/p/DZbE3DIE4u2/,Y,📅 이번 주 F&B 팝업 소식 HOT 5
knewnew.official,knewnew.official,2026-06-10,https://www.instagram.com/p/DZZySwpEyc0/,N,🌞️ 여름 피서는 괜히 가평 가는 게 아니었네.
knewnew.official,knewnew.official,2026-06-10,https://www.instagram.com/p/DZZrbyxE94W/,Y,#광고 🍓’레이’로부터 온 달콤한 선물
knewnew.official,knewnew.official,2026-06-10,https://www.instagram.com/p/DZZkc_LkVM8/,N,👨🏻‍🎨 파리지앵처럼 보이는 방법 알려줄게.
knewnew.official,knewnew.official,2026-06-10,https://www.instagram.com/p/DZZdsxDEaC2/,Y,#광고 🛌 맨날 침대 위에서 일하는 사람 주목.
knewnew.official,knewnew.trend,2026-06-10,https://www.instagram.com/p/DZZW2FOCQ0x/,N,"📸 요즘 핫한 편집법, 뉴뉴가 정리해 드립니다."
knewnew.official,knewnew.official,2026-06-10,https://www.instagram.com/p/DZZP9rJEfBP/,Y,#광고 여름 맞이 다이어트 결심했다면? 💪🏻
knewnew.official,knewnew.life,2026-06-10,https://www.instagram.com/p/DZZJKQKEYgb/,N,노릇노릇 한 베이글 댕댕이 나왔습니다~ 🥯
knewnew.official,knewnew.official,2026-06-10,https://www.instagram.com/p/DZZCFM9kadW/,Y,#제작지원 🐈‍⬛ 우리 냥이 이름 인기 순위는?
knewnew.official,knewnew.official,2026-06-10,https://www.instagram.com/p/DZY93PcE2wK/,N,🙋🏻️ 종강하고 고성 갈 여기 사람 붙어라.
knewnew.official,knewnew.life,2026-06-10,https://www.instagram.com/p/DZY7PaLEjKF/,N,📚 애니 속에서 튀어나온 듯한 여자..?
knewnew.official,knewnew.official,2026-06-10,https://www.instagram.com/p/DZYtoQqk-12/,N,🧑🏻 : 어머 우리 아들 이런 데도 알아? 🤍
knewnew.official,knewnew.life,2026-06-10,https://www.instagram.com/p/DZYmw6nknSX/,N,📿 무교인데도 이건 좀 탐나는데요...
knewnew.official,knewnew.official,2026-06-09,https://www.instagram.com/p/DZXNY66kweU/,N,🌀 분위기에 취하고 술에 한번 더 취하는 밤.
knewnew.official,knewnew.official,2026-06-09,https://www.instagram.com/p/DZXJOGVkwSE/,N,🤤 반차 쓰고 가야 하는 콩국수 맛집?
knewnew.official,knewnew.official,2026-06-09,https://www.instagram.com/p/DZXGondk_Xw/,Y,#광고 우리 지훈이 얼굴만 봐도 배부르다 🍜
knewnew.official,knewnew.official,2026-06-09,https://www.instagram.com/p/DZW_rw4kVEX/,N,😖️ 내가 이래서 동두천을 벗어나지 못해.
knewnew.official,knewnew.trend,2026-06-09,https://www.instagram.com/p/DZWyCY6icNL/,N,👀 동묘랑은 또 다른 느낌의 유잼시장 발견!
knewnew.official,knewnew.trend,2026-06-09,https://www.instagram.com/p/DZWrKpZiWGj/,N,#뉴가가질래 댓글 이벤트 1️⃣ 젤-카야노™️ 33 
knewnew.style,knewnew.trend,2026-06-09,https://www.instagram.com/p/DZWrKpZiWGj/,N,#뉴가가질래 댓글 이벤트 1️⃣ 젤-카야노™️ 33 
knewnew.official,knewnew.official,2026-06-09,https://www.instagram.com/p/DZWkjZdEdBn/,N,"🤞🏻 대구 주민들이 아끼는 아지트, 너만 알려줄게."
knewnew.official,knewnew.trend,2026-06-09,https://www.instagram.com/p/DZWdb5RCSLg/,Y,#광고 #EVENT 이태원 바에서 친구와 무제한 알코올 즐기고 싶다면?🍻
knewnew.official,knewnew.life,2026-06-09,https://www.instagram.com/p/DZWWk69EtVJ/,N,👶🏻 아기 방에 달아주면 안성맞춤이겠죠? 🍼
knewnew.official,knewnew.official,2026-06-09,https://www.instagram.com/p/DZWPuyWE-TE/,N,"🚛 친구야, 부산으로 이사 올 생각 없어?"
knewnew.official,knewnew.official,2026-06-09,https://www.instagram.com/p/DZWIxZxE1HZ/,N,🔄 옛날로 시간 여행 온 듯한 군산의 레트로 감성들.
knewnew.official,knewnew.official,2026-06-08,https://www.instagram.com/p/DZUotInE_d-/,N,💫 인천 주민들이 아끼는 레트로 감성의 알콜 스폿.
knewnew.official,knewnew.official,2026-06-08,https://www.instagram.com/p/DZUkYo2k7hL/,N,🍜 라멘 러버라면 모를 수 없다.
knewnew.official,knewnew.official,2026-06-08,https://www.instagram.com/p/DZUa_bJEeNf/,N,"📝 곧 종강인데, 여행 계획 세워야지?"
knewnew.official,knewnew.official,2026-06-08,https://www.instagram.com/p/DZUNXTCETCb/,N,"🤦🏻 있지, 내가 이래서 마포구를 못떠나."
knewnew.official,knewnew.official,2026-06-08,https://www.instagram.com/p/DZUGX3WkcLf/,Y,#광고 이번 아웃백 콜라보... 진짜 꿀맛이네요 🐝
knewnew.official,knewnew.life,2026-06-08,https://www.instagram.com/p/DZT_gkpEYok/,N,"📘 나이불문, 모두가 환장할 이 책갈피!"
knewnew.official,knewnew.official,2026-06-08,https://www.instagram.com/p/DZT4pfeEYPP/,Y,#광고 👀 사실상 이건 맛없없 조합 아닌가요?
knewnew.official,knewnew.life,2026-06-08,https://www.instagram.com/p/DZTx547ElW2/,N,🇯🇵 칼디에서 스프레드만 찾지 마세요!
knewnew.official,knewnew.official,2026-06-08,https://www.instagram.com/p/DZTj9VcE6Is/,N,🚶🏻‍♂️ 올림픽공원 산책 마무리는 당연히 디저트지.
knewnew.official,knewnew.trend,2026-06-07,https://www.instagram.com/p/DZTWHWyz9s6/,N,회사에서 상사님 몰래 신상 먹방 asmr..? 👄
knewnew.official,knewnew.official,2026-06-07,https://www.instagram.com/p/DZR2Fy0Efba/,N,👤 내향인도 신수동 카페에선 기 안 빨리거든.
knewnew.official,knewnew.official,2026-06-07,https://www.instagram.com/p/DZRodPFEc4P/,N,👨🏻‍🎨 파리가 처음이라면 SoPi에서 파리를 느껴봐.
knewnew.official,knewnew.life,2026-06-07,https://www.instagram.com/p/DZRkIOXEbfL/,N,"🛒 가성비 숨은 꿀템, 뉴뉴가 찾아드립니다."
knewnew.style,knewnew.life,2026-06-07,https://www.instagram.com/p/DZRkIOXEbfL/,N,"🛒 가성비 숨은 꿀템, 뉴뉴가 찾아드립니다."
knewnew.official,knewnew.life,2026-06-07,https://www.instagram.com/p/DZRaf6skWlE/,N,🏠 자라홈에서 탐나는 아이템만 모아 <양치컵>
knewnew.official,knewnew.official,2026-06-07,https://www.instagram.com/p/DZRXIt0kfzG/,N,🍉 이거 때문에 성수 다시 다닌다.
knewnew.official,knewnew.official,2026-06-07,https://www.instagram.com/p/DZRM4OOk3Pp/,N,"🛌 그럼, 늦잠 자고 천천히 만나도 되겠다."
knewnew.official,knewnew.official,2026-06-06,https://www.instagram.com/p/DZPfHSrE2GP/,N,💫 우리 경북 구미 사람들은 여기서 취해.
knewnew.official,knewnew.official,2026-06-06,https://www.instagram.com/p/DZPYGIAEx-D/,N,👀 일단 가게 이름이 ‘진짜해장국’.
knewnew.official,knewnew.official,2026-06-06,https://www.instagram.com/p/DZPRT2dER-d/,N,🍮 한옥의 도시 전주는 사실 디저트 카페 성지다.
knewnew.official,knewnew.trend,2026-06-06,https://www.instagram.com/p/DZPDpfhiZdG/,N,"📸 요즘 핫한 편집법, 뉴뉴가 정리해 드립니다."
knewnew.official,knewnew.official,2026-06-06,https://www.instagram.com/p/DZO-GzNEaO8/,Y,#광고 🍉 수박 주스 1티어 나왔습니다.
knewnew.official,knewnew.life,2026-06-06,https://www.instagram.com/p/DZO9z6vESYq/,N,🧽 여기 진짜 수세미 맛집이네요...
knewnew.official,knewnew.official,2026-06-06,https://www.instagram.com/p/DZOrqwukSw4/,N,🌞 청주의 여름을 가장 달콤하게 즐기는 방법.
knewnew.official,knewnew.official,2026-06-06,https://www.instagram.com/p/DZOoL9_E5qm/,N,"🛌 그럼, 늦잠 자고 천천히 만나도 되겠다."
knewnew.official,knewnew.official,2026-06-05,https://www.instagram.com/p/DZM6Oz7EwTR/,N,🍻 경기도 평택 로컬들의 발길이 끊이지 않는 술집 스폿들.
knewnew.official,knewnew.trend,2026-06-05,https://www.instagram.com/p/DZMzW26iRo8/,N,"명수 오빠, 얼마나 젠지인지 감도 안 옴.. 🤦🏻‍♀️"
knewnew.official,knewnew.official,2026-06-05,https://www.instagram.com/p/DZMspoREVT5/,N,🌟 광주 서구의 낭만 조각을 담아 떠나는 하루.
knewnew.official,knewnew.official,2026-06-05,https://www.instagram.com/p/DZMn-BIEbfY/,N,"🌛 경복궁 야간 산책 전후, 여기 싹 다 들르자."
knewnew.official,knewnew.official,2026-06-05,https://www.instagram.com/p/DZMluw2kYoL/,Y,"#광고 🫶🏻 내 남친 (송강) 이랑 난, 요즘 이걸로 관리해."
knewnew.official,knewnew.life,2026-06-05,https://www.instagram.com/p/DZMYMDbkQdl/,N,🧾 재고가 극소량이라는 빈티지 달력 계산기
knewnew.official,knewnew.official,2026-06-05,https://www.instagram.com/p/DZMNt8lEbr0/,N,💪🏻 다이어트 중에 약속이 잡혔다면?
knewnew.official,knewnew.official,2026-06-05,https://www.instagram.com/p/DZMKQVtkZgM/,Y,#광고 6월에 일본 가는데 숙소는 아직인 사람?
knewnew.official,knewnew.life,2026-06-05,https://www.instagram.com/p/DZMDc7vEqTh/,N,❗️일본 MUJI는 디저트 맛집이다?
knewnew.official,knewnew.official,2026-06-05,https://www.instagram.com/p/DZL1l1HE5W0/,N,"🚗 이번 여름, 담양의 푸르른 자연을 보며 힐링하자."
knewnew.official,knewnew.trend,2026-06-05,https://www.instagram.com/p/DZLu2MwkyDF/,N,"이모, 여기 김’빵’ 한 줄 주세요 🙋🏻‍♀️"
knewnew.official,knewnew.official,2026-06-04,https://www.instagram.com/p/DZLoU5vE1-q/,N,💌 딩동 - 당신을 위한 6월 1주차 신상템 알림 🔔 
knewnew.official,knewnew.official,2026-06-04,https://www.instagram.com/p/DZKVagikw3-/,N,🌹 기념일 데이트 시작부터 끝까지 완벽하게 준비했어.
knewnew.official,knewnew.official,2026-06-04,https://www.instagram.com/p/DZKOp0PEzEo/,N,🐣 홍대에서 요물을 발견했습니다.
knewnew.official,knewnew.official,2026-06-04,https://www.instagram.com/p/DZKHytpEQzG/,N,🌊힐링하기 좋은 땅끝마을 감성 가득한 해남.
knewnew.official,knewnew.official,2026-06-04,https://www.instagram.com/p/DZKBB7zkXWc/,Y,#광고 영등포에 동화 속 한 장면? 👀 같은 컨셉의 팝업 등장!
knewnew.official,knewnew.life,2026-06-04,https://www.instagram.com/p/DZJemAQkjf9/,N,"🍵 책갈피, 찻잔에 넣지 않게 조심하세요!"
knewnew.official,knewnew.official,2026-06-04,https://www.instagram.com/p/DZJQ2-Ak0Zt/,N,"🏫 서강대생 여러분, 선배가 알려줄게요."
knewnew.official,knewnew.official,2026-06-03,https://www.instagram.com/p/DZJDddKk_Xa/,N,📅 이번 주 F&B 팝업 소식 HOT 5
knewnew.official,knewnew.official,2026-06-03,https://www.instagram.com/p/DZHwomsk6M5/,N,"🤦🏻 있지, 내가 이래서 안산을 못떠나."
knewnew.official,knewnew.official,2026-06-03,https://www.instagram.com/p/DZHpuMjE6ZC/,N,👀 이 전여친은 만나도 괜찮지?
knewnew.official,knewnew.official,2026-06-03,https://www.instagram.com/p/DZHi6o5kdy_/,N,"🫵🏻 너, 성심당만 먹고 가면 아쉽지 않겠어?"
knewnew.official,knewnew.trend,2026-06-03,https://www.instagram.com/p/DZHVN3NCb1d/,N,"📸 요즘 핫한 편집법, 뉴뉴가 정리해 드립니다."
knewnew.official,knewnew.official,2026-06-03,https://www.instagram.com/p/DZHAqg1kcaM/,Y,"#광고 🍕기쁘다, 코엑스에 나폴리 스트릿 푸드 오셨네."
knewnew.official,knewnew.life,2026-06-03,https://www.instagram.com/p/DZG6m45kgQ8/,N,🧑🏻‍🍳 테토남의 외모로 섬세한 요리를 하는 남자 
knewnew.official,knewnew.official,2026-06-03,https://www.instagram.com/p/DZGsEjaEzrm/,N,🧑🏻 : 이런 양식집 어떻게 찾았대?
knewnew.official,knewnew.trend,2026-06-02,https://www.instagram.com/p/DZFNS5HJor0/,N,최미나수... 그대의 미소는 루비같아... ❤️
knewnew.official,knewnew.official,2026-06-02,https://www.instagram.com/p/DZFL00Lk4nO/,N,👥 2차에선 진지한 대화 나누는게 좋더라.
knewnew.official,knewnew.trend,2026-06-02,https://www.instagram.com/p/DZFHuYmJnGh/,N,뉴뉴 덱스 봤습니다.. 😱
knewnew.official,knewnew.official,2026-06-02,https://www.instagram.com/p/DZFFWIkE3Y8/,N,🚪 오늘은 동네에서 만나서 여유롭게 카페 갈까?
knewnew.official,knewnew.official,2026-06-02,https://www.instagram.com/p/DZE54KpEXV8/,N,🍷 낮술 와인 할 타이밍이 왔다.
knewnew.official,knewnew.official,2026-06-02,https://www.instagram.com/p/DZE3WzgEcNy/,Y,#광고 서울 한복판에 이런 곳이 있었다고?! 💜
knewnew.official,knewnew.official,2026-06-02,https://www.instagram.com/p/DZEpnZMESvt/,Y,#광고 🚿이제 면도는 ‘여기로‘ 정착합니다.
knewnew.official,knewnew.official,2026-06-02,https://www.instagram.com/p/DZEb5AHkeNk/,Y,#광고 여름도 왔는데 옷장 채우셔야죠? 🛒
knewnew.official,knewnew.life,2026-06-02,https://www.instagram.com/p/DZEVBSKEtt6/,N,🐾 뻔한 인형이 질릴 때쯤엔 이거!
knewnew.official,knewnew.official,2026-06-02,https://www.instagram.com/p/DZEKuD1kxv1/,N,"👀 다가온 썸머 시즌, 새로운 변화가 필요하다면? "
knewnew.official,knewnew.official,2026-06-02,https://www.instagram.com/p/DZEHRpSk2bo/,N,🏝️ 시간 가는 줄 몰랐던 부산 영도 여행.
knewnew.official,knewnew.official,2026-06-01,https://www.instagram.com/p/DZCnBwwE7jF/,N,🍻 경기도 광명 로컬들이 아끼는 술집 스폿들.
knewnew.official,knewnew.official,2026-06-01,https://www.instagram.com/p/DZCfXx2E_4z/,N,🍨 여름 을지로 3차 코스는 여기.
knewnew.official,knewnew.official,2026-06-01,https://www.instagram.com/p/DZCZbA5kZo-/,N,이번 여름 방학 목표는 속초 청초호 주변 탐방이다!
knewnew.official,knewnew.official,2026-06-01,https://www.instagram.com/p/DZCUA1lR7ml/,Y,"#광고 말로만 다이어트 하는 동료, 제대로 긁어봤습니다 💢"
knewnew.official,knewnew.life,2026-06-01,https://www.instagram.com/p/DZCLwn5kcLx/,N,🫙 품절 대란인 김 담는 그릇이 있다고요?
knewnew.official,knewnew.official,2026-06-01,https://www.instagram.com/p/DZCEzmtEaSa/,Y,#광고 우리 박맛젤이 달라졌어요 👀
knewnew.official,knewnew.official,2026-06-01,https://www.instagram.com/p/DZCCIXRETRC/,N,🚪 요즘 내 군자 아지트는 여기.
knewnew.official,knewnew.official,2026-06-01,https://www.instagram.com/p/DZB3KYdkbzH/,Y,#광고 텅텅 빈 냉장고... 늦기 전에 채워야 한다면? 👀
knewnew.official,knewnew.life,2026-06-01,https://www.instagram.com/p/DZBwN20kvxt/,N,🇸🇪 이케아에서 탐나는 아이템만 모아 <맥주잔>
knewnew.official,knewnew.official,2026-06-01,https://www.instagram.com/p/DZBpY3WE1oQ/,Y,#광고 💳 이구위크 열릴게. 그리고 내 통장도 열릴게...
knewnew.official,knewnew.official,2026-06-01,https://www.instagram.com/p/DZBifA9ky0l/,N,"🤦🏻 아니, 중랑구 이런 곳들 숨겨두면 반칙이지."
knewnew.official,knewnew.trend,2026-05-31,https://www.instagram.com/p/DZBUojCTlVi/,N,회사에서 상사님 몰래 신상 먹방 asmr..? 👄
knewnew.official,knewnew.official,2026-05-31,https://www.instagram.com/p/DZACV7Ik8Dc/,N,"🤦🏻 있지, 내가 이래서 충정로를 못떠나."
knewnew.official,knewnew.official,2026-05-31,https://www.instagram.com/p/DY_7Yd6k1N-/,N,🍻 경기도 시흥 로컬들이 아끼는 술집 스폿들.
knewnew.official,knewnew.official,2026-05-31,https://www.instagram.com/p/DY_0g8hkZ8x/,N,🚗 시끄러운 도심을 벗어나 파주에서 힐링을...
knewnew.official,knewnew.trend,2026-05-31,https://www.instagram.com/p/DY_m5oHCRrE/,N,🔖 책갈피 69개나 보고 온 썰 풉니다...
knewnew.official,knewnew.official,2026-05-31,https://www.instagram.com/p/DY_gKphEZ9_/,N,"🍕피자가 생각나는날 ...? 당장 망원, 합정으로."
knewnew.official,knewnew.life,2026-05-31,https://www.instagram.com/p/DY_ZJRlkaMs/,N,🏠 자라홈에서 탐나는 아이템만 모아 <앞접시>
knewnew.official,knewnew.official,2026-05-31,https://www.instagram.com/p/DY_La5RE0hL/,N,"🛌 그럼, 늦잠 자고 천천히 만나도 되겠다."
knewnew.official,knewnew.official,2026-05-30,https://www.instagram.com/p/DY9kfXbT1im/,Y,#광고 📦 이구위크가 쏘는 택배에는 뭐가 들었냐면요...
knewnew.official,knewnew.official,2026-05-30,https://www.instagram.com/p/DY9WY_AzZBY/,N,"🍚 밥 걱정해주는 에겐남vs테토남,"
knewnew.official,knewnew.official,2026-05-30,https://www.instagram.com/p/DY9P1Krka3r/,N,🌊 노을이 예쁜 바닷마을 감성 낭낭한 보령.
knewnew.official,knewnew.trend,2026-05-30,https://www.instagram.com/p/DY9P0fUiW35/,N,"📸 요즘 핫한 편집법, 뉴뉴가 정리해 드립니다."
knewnew.official,knewnew.life,2026-05-30,https://www.instagram.com/p/DY80ajxETIP/,N,🎐 여름이랑 찰떡인 후우링 맛집 찾았어요!
knewnew.official,knewnew.official,2026-05-29,https://www.instagram.com/p/DY64u2hkz1w/,N,🏫 학교 끝나고 데이트 어디로 갈지 고민이야?
knewnew.official,knewnew.official,2026-05-29,https://www.instagram.com/p/DY6q2pPkenE/,N,👀 청주 운리단길 굉장히 감도가 높다...
knewnew.official,knewnew.trend,2026-05-29,https://www.instagram.com/p/DY6dVAaCWS-/,N,"📚 연희동, 이거 때문에 오늘 난리도 아니야~"
knewnew.official,knewnew.trend,2026-05-29,https://www.instagram.com/p/DY6Qi0MJMBo/,N,👁️ 우석오빠.. 저 쳐다보면서 마시는 거 맞죠?
knewnew.official,knewnew.life,2026-05-29,https://www.instagram.com/p/DY6ByDJkqYK/,N,❗️일본 MUJI는 카레 맛집이다?
knewnew.official,knewnew.official,2026-05-29,https://www.instagram.com/p/DY50GhgE1Da/,N,💌 느좋 남친이 준비한 데이트 코스는 다르다.
knewnew.official,knewnew.life,2026-05-29,https://www.instagram.com/p/DY5tSluEsdl/,N,🃏 아마 이런 조커 카드는 처음 볼걸요?
knewnew.official,knewnew.official,2026-05-28,https://www.instagram.com/p/DY5m14lEzeg/,N,💌 딩동 - 당신을 위한 5월 4주차 신상템 알림 🔔 
knewnew.official,knewnew.official,2026-05-28,https://www.instagram.com/p/DY4T9k4E6mh/,N,"👣 걷는 내내 즐거워 발걸음이 멈추던,"
knewnew.official,knewnew.official,2026-05-28,https://www.instagram.com/p/DY4NKSDE4f_/,Y,"#광고 🥐 빵순이 여러분, 이제 쿨빵입니다."
knewnew.official,knewnew.official,2026-05-28,https://www.instagram.com/p/DY4GJWhETe6/,N,🏞️ 충북 혁신도시에서 발견한 신도시 매력.
knewnew.official,knewnew.official,2026-05-28,https://www.instagram.com/p/DY3_XlwEQJE/,Y,#광고 ⛳️ 이것 때문에 지금 다 부산가는 구나?
knewnew.official,knewnew.life,2026-05-28,https://www.instagram.com/p/DY3dGJYkuvF/,N,🛸 외계인 출신 식기의 등장?
knewnew.official,knewnew.official,2026-05-28,https://www.instagram.com/p/DY3WKeykxyY/,Y,"#광고 ☁️ 포맨트, 감다살로 인정합니다."
knewnew.official,knewnew.official,2026-05-28,https://www.instagram.com/p/DY3PMeAk2A7/,N,"🏫 서울예대생 여러분, 선배가 알려줄게요."
knewnew.official,knewnew.official,2026-05-27,https://www.instagram.com/p/DY3CqiKk-TV/,N,📅 이번 주 F&B 팝업 소식 HOT 5
knewnew.official,knewnew.official,2026-05-27,https://www.instagram.com/p/DY1vKlpk3fv/,N,"🌳 드라이브 떠나기 좋은, 처인구 자연 뷰 맛집들."
knewnew.official,knewnew.official,2026-05-27,https://www.instagram.com/p/DY1hcDmkegn/,N,💂🏻‍‍ 런던 교환학생이 푹빠져 반해버린 동네.
knewnew.official,knewnew.official,2026-05-27,https://www.instagram.com/p/DY1XU4oEYvQ/,N,"🥐 떠오르는 느좋 동네 탄방동, 꼭 가야해."
knewnew.official,knewnew.trend,2026-05-27,https://www.instagram.com/p/DY1TuRTiRKF/,N,"📸 요즘 핫한 편집법, 뉴뉴가 정리해 드립니다."
knewnew.official,knewnew.official,2026-05-27,https://www.instagram.com/p/DY1MZi9RDcv/,Y,#광고 👙 여름이라 마음 조급한 다이어터들 주목! 
knewnew.official,knewnew.official,2026-05-27,https://www.instagram.com/p/DY1F4R9kT_c/,N,"🚛 친구야, 안산으로 이사 올 생각 없어?"
knewnew.official,knewnew.official,2026-05-27,https://www.instagram.com/p/DY0_HWokee_/,Y,#광고 💌 감동적인 편지..가 아니라 청첩장?
knewnew.official,knewnew.life,2026-05-27,https://www.instagram.com/p/DY06sBfEutI/,N,"🏃🏻‍♀️ 현재 자취생 다이어터라면 주목,"
knewnew.official,knewnew.official,2026-05-27,https://www.instagram.com/p/DY0xY3LkzTo/,Y,#광고 💥 핫한 웹툰 주인공들도 쓰는 10대 전용 카드?
knewnew.official,knewnew.official,2026-05-27,https://www.instagram.com/p/DY0qZgKkxJv/,N,🌳 오늘은 경복궁에서 엄마랑 데이트.
knewnew.official,knewnew.trend,2026-05-26,https://www.instagram.com/p/DY0cyohkyIq/,N,🛌 이렇게 예쁜 클리커가 있는지 몰랐어요..
knewnew.official,knewnew.official,2026-05-26,https://www.instagram.com/p/DYzKT8Gk2KP/,N,"🌀 2차 가야지, 여기서 끝을 보자"
knewnew.official,knewnew.official,2026-05-26,https://www.instagram.com/p/DYzDdf5E6SD/,Y,"#광고 🎬 AI로 만든 95분짜리 영화, 칸 영화제에 등장?"
knewnew.official,knewnew.official,2026-05-26,https://www.instagram.com/p/DYy8P-WxyL1/,Y,"#광고 💟 볼꾸, 빗꾸 다음은 쿠꾸?"
knewnew.official,knewnew.official,2026-05-26,https://www.instagram.com/p/DYy1yovkaAU/,Y,#광고 👀 이클립스... 대체 뭐가 바뀐거지?
knewnew.official,knewnew.trend,2026-05-26,https://www.instagram.com/p/DYyvjXBiYhD/,N,🚨 대전에 간다면 절대 이곳을 놓치지 마세요!
knewnew.official,knewnew.life,2026-05-26,https://www.instagram.com/p/DYyW7njkdzj/,N,📚 이 북엔드에는 내 취향을 담을 수 있습니다.
knewnew.official,knewnew.official,2026-05-26,https://www.instagram.com/p/DYyNEnvkx4O/,Y,#제작지원 #EVENT 🥭 국내 최초 생망고 무제한?
knewnew.official,knewnew.official,2026-05-26,https://www.instagram.com/p/DYyFm0JkyIc/,N,🥣 김해 봉리단길에는 감각적인 장소들이 많더라.
knewnew.official,knewnew.official,2026-05-25,https://www.instagram.com/p/DYwlk3dk7bg/,N,⚡️ 평택 피플들은 합정동으로 모인다는데?
knewnew.official,knewnew.life,2026-05-25,https://www.instagram.com/p/DYweubCEo9G/,N,💎 개성 있는 아이템을 원한다면 여기입니다.
knewnew.official,knewnew.official,2026-05-25,https://www.instagram.com/p/DYwX2GekbQd/,N,"🏡 지브리 영화 속 한 장면 같은, 김제 여름의 순간들…"
knewnew.official,knewnew.life,2026-05-25,https://www.instagram.com/p/DYvukTikkkW/,N,🇸🇪 이케아에서 탐나는 아이템만 모아 <디저트 그릇>
knewnew.official,knewnew.official,2026-05-25,https://www.instagram.com/p/DYvg0UDk0OY/,N,"😮‍💨 긴 하루 끝, 노량진에서 리프레시하고 가."
knewnew.official,knewnew.trend,2026-05-24,https://www.instagram.com/p/DYvS3OPzPKn/,N,회사에서 상사님 몰래 신상 먹방 asmr..? 👄
knewnew.official,knewnew.official,2026-05-24,https://www.instagram.com/p/DYuArVOkxOU/,N,🌳 양재천으로 산책하다 마주친 스폿들.
knewnew.official,knewnew.trend,2026-05-24,https://www.instagram.com/p/DYtlUYcifre/,N,😻 제니도 픽한 느좋 한남동 소품샵이요?
knewnew.official,knewnew.life,2026-05-24,https://www.instagram.com/p/DYtXf7NkSnG/,N,👁️ H&M에서 탐나는 아이템만 모아 <여름 시리즈>
knewnew.official,knewnew.official,2026-05-24,https://www.instagram.com/p/DYtJ24-EzPu/,N,"🛌 그럼, 늦잠 자고 천천히 만나도 되겠다."
knewnew.official,knewnew.official,2026-05-23,https://www.instagram.com/p/DYrVirYkd7f/,N,⚡️ 포항의 밤은 망원동 못지않다더라.
knewnew.official,knewnew.trend,2026-05-23,https://www.instagram.com/p/DYrPIcECWUG/,N,"📸 요즘 핫한 편집법, 뉴뉴가 정리해 드립니다."
knewnew.official,knewnew.official,2026-05-23,https://www.instagram.com/p/DYrHdKnEXQH/,Y,#광고 🦮 여름에 이거 없인 산책 못 나갑니다.
knewnew.official,knewnew.official,2026-05-23,https://www.instagram.com/p/DYrAhbvkQ6Y/,N,"🫶🏼 경기 동두천, 꽤 귀여운 매력에 반해버렸어."
knewnew.official,knewnew.official,2026-05-23,https://www.instagram.com/p/DYq5C-ix7mj/,Y,#광고 전 여름에 에어리즘 없인 못 살거든요.. 💦
knewnew.official,knewnew.life,2026-05-23,https://www.instagram.com/p/DYqzBWlEWv2/,N,🍎 여름엔 이거 하나면 다 된다는 후르츠팟?
knewnew.official,knewnew.official,2026-05-23,https://www.instagram.com/p/DYqk_Wvk6oW/,N,🍃 서대문구 홍제동에서는 여름 냄새가 나.
knewnew.official,knewnew.life,2026-05-22,https://www.instagram.com/p/DYo3MOrEk1N/,N,🥟 만두 러버라면 놓치면 안될 아이템!?
knewnew.official,knewnew.official,2026-05-22,https://www.instagram.com/p/DYopZUakaZS/,N,🌀2차로 분위기 좋은 곳 어디없나..?
knewnew.official,knewnew.official,2026-05-22,https://www.instagram.com/p/DYoibldkTvC/,Y,#제작지원 ❗️무인양품에는 냉감 침구 시리즈가 있다?
knewnew.official,knewnew.official,2026-05-22,https://www.instagram.com/p/DYoU3KxEXVr/,Y,#광고 🎹 피아니스트와 스포츠 브랜드의 만남?
knewnew.official,knewnew.life,2026-05-22,https://www.instagram.com/p/DYoAQhpEpcz/,N,📝 주방 스타일링 레시피 <여름 빈티지 편>
knewnew.official,knewnew.official,2026-05-22,https://www.instagram.com/p/DYnyhlPk8X5/,N,"🌳 역시, 순천은 참 평화로운 곳이야."
knewnew.official,knewnew.official,2026-05-21,https://www.instagram.com/p/DYnlCVcE4XX/,N,💌 딩동 - 당신을 위한 5월 3주차 신상템 알림 🔔 
knewnew.official,knewnew.official,2026-05-21,https://www.instagram.com/p/DYmSTHZk3o-/,N,🌞 더 더워지기 전에 나가야지...!
knewnew.official,knewnew.official,2026-05-21,https://www.instagram.com/p/DYmLdVUERK9/,Y,"#제작지원 제대로 아메리칸 멕시코맛, ‘엘파소 치폴레‘ 등장 🤤"
knewnew.official,knewnew.trend,2026-05-21,https://www.instagram.com/p/DYmEsCXCVps/,N,"⛰️️ 관악산 등산 예정인 사람들 주목,"
knewnew.official,knewnew.trend,2026-05-21,https://www.instagram.com/p/DYl-0RUCSiq/,N,사장님께 고민을 털어놓게 되는 카페? 💬
knewnew.official,knewnew.official,2026-05-21,https://www.instagram.com/p/DYliVecEadi/,Y,#제작지원 한강하면 떠오르는 거 여기 다 있음! 💥
knewnew.official,knewnew.life,2026-05-21,https://www.instagram.com/p/DYlbe_Qkp1G/,N,🐾 장갑을 열었더니 무언가 있는데요?
knewnew.official,knewnew.official,2026-05-21,https://www.instagram.com/p/DYlYvuqE51T/,Y,#광고 #EVENT ✳️ 말차 코어.. 이제 ‘격불 없이 흔들어 마시는 말차’까지 등장?
knewnew.official,knewnew.official,2026-05-21,https://www.instagram.com/p/DYlN3V2E7Nq/,N,"🏫 새내기 전북대생 여러분, 선배가 알려줄게요."
knewnew.official,knewnew.official,2026-05-20,https://www.instagram.com/p/DYlALO_EyWL/,N,📅 이번 주 F&B 팝업 소식 HOT 5
knewnew.official,knewnew.official,2026-05-20,https://www.instagram.com/p/DYjtkeKE9T4/,N,"✨ 자자, 아기자기한 매력에 빠져들 시간입니다."
knewnew.official,knewnew.official,2026-05-20,https://www.instagram.com/p/DYjmkI2kQsh/,Y,#제작지원 안경 수리 아무 데서나 하면 안돼 🙅‍♀️
knewnew.official,knewnew.life,2026-05-20,https://www.instagram.com/p/DYjjgG3kbuK/,N,"🐈‍⬛ 야옹아, 내 청소를 부탁해!"
knewnew.official,knewnew.life,2026-05-20,https://www.instagram.com/p/DYjfxMCkb28/,N,🕶️ 저희 집 조명이 저를 좀 닮았어요
knewnew.official,knewnew.trend,2026-05-20,https://www.instagram.com/p/DYjSGTKCdOL/,N,"📸 요즘 핫한 편집법, 뉴뉴가 정리해 드립니다."
knewnew.official,knewnew.life,2026-05-20,https://www.instagram.com/p/DYi2rKVkqJj/,N,"📈 포브스 선정 부엌에서 가장 멋있는 남자 1위,"
knewnew.official,knewnew.official,2026-05-20,https://www.instagram.com/p/DYio9v7E7vp/,N,😮‍💨 삶에 지쳤다면… 잠깐 도망가도 좋잖아?
knewnew.official,knewnew.official,2026-05-19,https://www.instagram.com/p/DYhIuizk8IX/,N,🌞 대프리카 되기전에 좋은 날씨 마음껏 즐겨야지.
knewnew.official,knewnew.official,2026-05-19,https://www.instagram.com/p/DYg0IkNEYEb/,Y,#광고 🤑
knewnew.official,knewnew.trend,2026-05-19,https://www.instagram.com/p/DYgttgYCSLs/,N,🪴 고수 식집사들은 다 여기 간답니다...
knewnew.official,knewnew.official,2026-05-19,https://www.instagram.com/p/DYgmexqEaQ8/,Y,#제작지원 🧑🏻‍💻9N년생 직장인도 귀여운 에너지는 필요하니까..
knewnew.official,knewnew.official,2026-05-19,https://www.instagram.com/p/DYgYo8ckV2h/,Y,#제작지원 🐝 이건 진짜 역대급 단기 알바다.
knewnew.official,knewnew.life,2026-05-19,https://www.instagram.com/p/DYgR48KEQh4/,N,✋🏻 손바닥 위에 음식을 올려보세요!
knewnew.official,knewnew.official,2026-05-19,https://www.instagram.com/p/DYgKEx7zmo7/,Y,#제작지원 에어팟인 줄 알았는데 선스틱이라고요? 😳
knewnew.official,knewnew.official,2026-05-19,https://www.instagram.com/p/DYgEF3UE3ns/,N,🌳 이번 여름 휴가는 푸릇 푸릇한 영월로 갈려고 !
knewnew.official,knewnew.official,2026-05-18,https://www.instagram.com/p/DYekBRXE9cU/,N,⚡️ 청주 느좋 피플들은 여기서 논다더라.
knewnew.official,knewnew.trend,2026-05-18,https://www.instagram.com/p/DYeWScDCY-I/,N,🤲🏻 심상치 않은 금손 수강생들의 작품들..
knewnew.official,knewnew.life,2026-05-18,https://www.instagram.com/p/DYdtEKaEQ39/,N,🏠 자라홈에서 탐나는 아이템만 모아 <테이블 매트>
knewnew.official,knewnew.official,2026-05-18,https://www.instagram.com/p/DYdfXi9E_Su/,N,"🌳남산아래 골목 속, 후암동으로"
knewnew.official,knewnew.official,2026-05-17,https://www.instagram.com/p/DYdRjxyzYMH/,Y,*본 콘텐츠는 동서식품의 유료광고 콘텐츠입니다
knewnew.official,knewnew.trend,2026-05-17,https://www.instagram.com/p/DYbj9G2icX4/,N,🧵 부자재 상가가 이렇게 재밌는 곳이었다고?
knewnew.official,knewnew.official,2026-05-17,https://www.instagram.com/p/DYbjpthkX0J/,N,☕️ 내가 안산 단원구를 이 느낌에 살거든.
knewnew.official,knewnew.life,2026-05-17,https://www.instagram.com/p/DYbV6N1kU8F/,N,❗️MUJI에는 반찬 시리즈가 있다?
knewnew.official,knewnew.official,2026-05-17,https://www.instagram.com/p/DYbINn2kahH/,N,"🛌 그럼, 늦잠 자고 천천히 만나도 되겠다."
knewnew.official,knewnew.official,2026-05-16,https://www.instagram.com/p/DYZTfYJkQv-/,N,🌀아니 너 진짜 집가려고? 2차가야지.
knewnew.official,knewnew.trend,2026-05-16,https://www.instagram.com/p/DYZMqG1iUbf/,N,"📸 요즘 핫한 편집법, 뉴뉴가 정리해 드립니다."
knewnew.official,knewnew.life,2026-05-16,https://www.instagram.com/p/DYYxQZ-Ecse/,N,🍵 이만큼 귀여운 말차볼 보셨나요?
knewnew.official,knewnew.official,2026-05-16,https://www.instagram.com/p/DYYjpvREfbd/,N,힐링 필요하신 분들 따라오세요 🚶🏻‍
knewnew.official,knewnew.official,2026-05-16,https://www.instagram.com/p/DYYcc76E6A7/,Y,#제작지원 🤦🏻 우리 이런 낙이라도 있어야 하잖아요.
knewnew.official,knewnew.trend,2026-05-15,https://www.instagram.com/p/DYW1OOhppqf/,N,여러분은 콩국수에 소금vs설탕? 🧂
knewnew.official,knewnew.official,2026-05-15,https://www.instagram.com/p/DYWuot0ETlv/,Y,#광고 혜자 카드로 유명한 우리은행의 ‘카드의 정석’
knewnew.official,knewnew.official,2026-05-15,https://www.instagram.com/p/DYWoAsVESkq/,N,⚡️ 안양 피플들은 여기서 논다더라.
knewnew.official,knewnew.official,2026-05-15,https://www.instagram.com/p/DYWhHiZxn3y/,Y,#제작지원 🚨 엄미새들을 위한 선물도 있대요! 💝
knewnew.official,knewnew.life,2026-05-15,https://www.instagram.com/p/DYV-pYqEhQS/,N,📝 주방 스타일링 레시피 <아기자기한 취향 편>
knewnew.official,knewnew.official,2026-05-15,https://www.instagram.com/p/DYVxJZGk8Ki/,N,🏡 지금이 대구 김광석거리 저점 매수 타이밍
knewnew.official,knewnew.trend,2026-05-15,https://www.instagram.com/p/DYVqGeDEz8T/,N,"🚲 자.꾸의 세계, 볼수록 빠져드는데요?"
knewnew.official,knewnew.official,2026-05-14,https://www.instagram.com/p/DYVjO7wk0Y-/,Y,💌 딩동 - 당신을 위한 5월 2주차 신상템 알림 🔔
knewnew.official,knewnew.official,2026-05-14,https://www.instagram.com/p/DYUQ3BBk3YG/,N,🌞 날도 좋은데 나랑 산책 가자.
knewnew.official,knewnew.official,2026-05-14,https://www.instagram.com/p/DYUJT9mxJJB/,Y,#제작지원 ❤️‍🔥 세계인의 소울푸드 예상
knewnew.official,knewnew.official,2026-05-14,https://www.instagram.com/p/DYUC8wKkV1N/,Y,#광고 ⚾️ 여름 야구 직관룩은 이게 맞습니다.
knewnew.official,knewnew.official,2026-05-14,https://www.instagram.com/p/DYT8Pafkcm_/,Y,#제작지원 이번 여름 컵빙수는 팀홀튼으로 완결! 🍧
knewnew.official,knewnew.official,2026-05-14,https://www.instagram.com/p/DYT3qUnkVIe/,Y,*본 콘텐츠는 동서식품의 유료광고 콘텐츠입니다
knewnew.official,knewnew.official,2026-05-14,https://www.instagram.com/p/DYTnqTuEU6x/,N,"🕰️ 고즈넉하고 느린 분위기 속, 시간 가는 줄 몰랐던 곳."
knewnew.official,knewnew.life,2026-05-14,https://www.instagram.com/p/DYTaI8fkf9p/,N,🐶 귀여움에 짠을 망설이게 되는 소주잔?
knewnew.official,knewnew.official,2026-05-14,https://www.instagram.com/p/DYTMLU-EynJ/,N,"🏫 새내기 성균관대생 여러분, 선배가 알려줄게요."
knewnew.official,knewnew.official,2026-05-13,https://www.instagram.com/p/DYS-XPtE4r_/,Y,📅 이번 주 F&B 팝업 소식 HOT 5
knewnew.official,knewnew.trend,2026-05-13,https://www.instagram.com/p/DYRsCPHCZ70/,N,"📸 미감 up! 편집법, 뉴뉴가 정리해 드립니다."
knewnew.official,knewnew.official,2026-05-13,https://www.instagram.com/p/DYRkfU0EdF9/,N,⭐️ 어쩜 오뎅바가 이런 스타성을..
knewnew.official,knewnew.official,2026-05-13,https://www.instagram.com/p/DYReNHSkdz1/,N,"🤦🏻 있지, 내가 이래서 동탄을 못떠나."
knewnew.official,knewnew.official,2026-05-13,https://www.instagram.com/p/DYRJRZExcwZ/,Y,#제작지원 🖤 에드워드 리의 ○○○ 비법은 매일두유?
knewnew.official,knewnew.official,2026-05-13,https://www.instagram.com/p/DYRCxJ7ETbm/,N,"👨🏻‍🎨 예술과 디자인의 도시, 이탈리아 밀라노로 미감 충전 떠나볼까?"
knewnew.official,knewnew.life,2026-05-13,https://www.instagram.com/p/DYQ1Cb_ERIb/,N,🍆 가지 못 먹는 어린이 입맛 언제 벗어날래.
knewnew.official,knewnew.official,2026-05-13,https://www.instagram.com/p/DYQ0dz4EZ6P/,N,🐠 나 여기서 멍 좀 때리다 갈게
knewnew.official,knewnew.official,2026-05-13,https://www.instagram.com/p/DYQnRcBE0fA/,N,🧑🏻 : 어머 우리 딸이 준비한 데이트야? 🤍
knewnew.official,knewnew.official,2026-05-12,https://www.instagram.com/p/DYQZzy6kyh2/,N,"👀 키링잘알이라면, 모를 수 없는 그 브랜드.."
knewnew.official,knewnew.official,2026-05-12,https://www.instagram.com/p/DYPHJDCEzWw/,N,🌀동네에서 끝까지 달릴 홍제역 주민들?
knewnew.official,knewnew.official,2026-05-12,https://www.instagram.com/p/DYO6ePxEVhK/,N,🚶🏻‍♀️울산 중구에서 성수동의 느낌이 넘쳐흘러.
knewnew.official,knewnew.trend,2026-05-12,https://www.instagram.com/p/DYOr0RUCYeT/,N,🔎 우리 같이 다이소에서 보물찾기해요!
knewnew.official,knewnew.life,2026-05-12,https://www.instagram.com/p/DYOQhNJkvbu/,N,💝 구매는 안 되고 선물로는 드릴게요.
knewnew.official,knewnew.official,2026-05-12,https://www.instagram.com/p/DYOCkndkzBf/,N,🚗 오늘 드라이브는 경기 이천으로 떠나볼까?
knewnew.official,knewnew.official,2026-05-11,https://www.instagram.com/p/DYMiVpSk-5m/,N,⚡️ 익산 피플들은 여기서 논다더라.
knewnew.official,knewnew.trend,2026-05-11,https://www.instagram.com/p/DYMblf0CX6P/,N,☂️ 우산 잃어버릴 걱정? 저는 안 하죠.
knewnew.official,knewnew.official,2026-05-11,https://www.instagram.com/p/DYMABwKEaQU/,N,🌳️ 창원 가로수길이 좀 힙해
knewnew.official,knewnew.life,2026-05-11,https://www.instagram.com/p/DYL_5fZEX0A/,N,🧻 계속 휴지만 사갈 순 없잖아요.
knewnew.official,knewnew.life,2026-05-11,https://www.instagram.com/p/DYLrdN9kTpS/,N,🏠 자라홈에서 탐나는 아이템만 모아 <요거트볼>
knewnew.official,knewnew.official,2026-05-11,https://www.instagram.com/p/DYLdq7_E4gK/,N,"🏡 번잡한 홍대 말고, 차분한 창천동으로."
knewnew.official,knewnew.trend,2026-05-10,https://www.instagram.com/p/DYLP-p2TRvi/,N,회사에서 상사님 몰래 신상 먹방 asmr..? 👄
knewnew.official,knewnew.official,2026-05-10,https://www.instagram.com/p/DYJv0tDEROc/,N,"🤦🏻 있지, 내가 이래서 광주 양림동을 못떠나."
knewnew.official,knewnew.official,2026-05-10,https://www.instagram.com/p/DYJbXVokQ9n/,N,🌞 살짝 더워진 날씨엔 뭐다? 시원하고 탄산 가득한 맥주!
knewnew.official,knewnew.trend,2026-05-10,https://www.instagram.com/p/DYJUdNwiRZU/,N,🚨 뉴스까지 진출한 화제의 공간
knewnew.official,knewnew.life,2026-05-10,https://www.instagram.com/p/DYJNhn-kSz_/,N,❗️MUJI에는 국 시리즈가 있다?
knewnew.official,knewnew.official,2026-05-10,https://www.instagram.com/p/DYJGuVSEXM8/,N,"🛌 그럼, 늦잠 자고 천천히 만나도 되겠다."
knewnew.official,knewnew.official,2026-05-09,https://www.instagram.com/p/DYHR4U1EYa3/,N,🏝️️ 부산 광안리여행 계획중이라고?
knewnew.official,knewnew.trend,2026-05-09,https://www.instagram.com/p/DYGvqNJCSTJ/,N,"📸 요즘 핫한 편집법, 뉴뉴가 정리해 드립니다."
knewnew.official,knewnew.life,2026-05-09,https://www.instagram.com/p/DYGozIykWV0/,N,🩷 행주가 이렇게 예쁜 건 반칙이죠...
knewnew.official,knewnew.official,2026-05-09,https://www.instagram.com/p/DYGiCqTkcMz/,N,⛰️ 인왕산 근처 힐링 스폿
knewnew.official,knewnew.official,2026-05-08,https://www.instagram.com/p/DYEz9Q6k8VA/,N,🏝️️ 고흥 여행 테마는 아기자기함이야
knewnew.official,knewnew.official,2026-05-08,https://www.instagram.com/p/DYEpvbcEU--/,N,🌀동네에서 끝까지 달릴 수유역 주민들?
knewnew.official,knewnew.official,2026-05-08,https://www.instagram.com/p/DYEmnBWEQHY/,Y,#제작지원 ⚡️ 스타벅스.. 앳홈 이렇게 힙했어?
knewnew.official,knewnew.official,2026-05-08,https://www.instagram.com/p/DYEfeGukULj/,Y,#광고 ⚽ 요즘 젠지들은 축구 볼 때 이 조합 꼭 챙긴다더라!
knewnew.official,knewnew.trend,2026-05-08,https://www.instagram.com/p/DYEYp8ZCchc/,N,💽 요즘 여기가 다시 사랑받는 중이라고?
knewnew.official,knewnew.life,2026-05-08,https://www.instagram.com/p/DYD2L7VEmyt/,N,🏠 자라홈에서 탐나는 아이템만 모아 <빈티지 무드 식기>
knewnew.official,knewnew.official,2026-05-08,https://www.instagram.com/p/DYDveBIk1Fe/,N,🌳 대구 수성구에선 트렌디 여행 가능
knewnew.official,knewnew.official,2026-05-07,https://www.instagram.com/p/DYDhiijEyIF/,N,💌 딩동 - 당신을 위한 5월 1주차 신상템 알림 🔔
knewnew.official,knewnew.official,2026-05-07,https://www.instagram.com/p/DYCpOkak3zi/,N,🤤 상봉은 정말 안주가 기똥차다.
knewnew.official,knewnew.official,2026-05-07,https://www.instagram.com/p/DYCPKgfE9wX/,N,📖 내 교환학생의 꿈과 로망은 언제나 파리였어.
knewnew.official,knewnew.trend,2026-05-07,https://www.instagram.com/p/DYBz3i4Cbu8/,N,"자매 특, 동생이 언니 덕질함 🫶🏻"
knewnew.official,knewnew.official,2026-05-07,https://www.instagram.com/p/DYBsr6fxXm4/,Y,"#광고 🍦이제 이 레시피가 뜹니다,"
knewnew.official,knewnew.life,2026-05-07,https://www.instagram.com/p/DYBYV2Akqy9/,N,👩🏻 엄미새들이라면 주목해야 할 컵?
knewnew.official,knewnew.official,2026-05-07,https://www.instagram.com/p/DYBRV59Tkdr/,Y,#제작지원 💙 나에게 ‘기적’같은 사람에게 주고싶은 케이크? 
knewnew.official,knewnew.official,2026-05-07,https://www.instagram.com/p/DYBKkcGE9jF/,N,"🏫 새내기 덕성여대생 여러분, 선배가 알려줄게요."
knewnew.official,knewnew.official,2026-05-06,https://www.instagram.com/p/DYA8z6MEzz7/,N,📅 이번 주 F&B 팝업 소식 HOT 5
knewnew.official,knewnew.life,2026-05-06,https://www.instagram.com/p/DX_qXExkvYB/,N,🎬 홈쿡 과정을 영화처럼 보여주는 남자?
knewnew.official,knewnew.official,2026-05-06,https://www.instagram.com/p/DX_jR9QxQfr/,Y,"#광고🎢 에버랜드에서 인기 어트랙션  빠른 입장하려면, 이 앱 하나면 끝"
knewnew.official,knewnew.official,2026-05-06,https://www.instagram.com/p/DX_cxcCkfXi/,N,"🚛 친구야, 경기도 김포 장기동으로 이사 올 생각 없어?"
knewnew.official,knewnew.trend,2026-05-06,https://www.instagram.com/p/DX_PCsYCfhc/,N,"📸 요즘 핫한 편집법, 뉴뉴가 정리해 드립니다."
knewnew.official,knewnew.official,2026-05-06,https://www.instagram.com/p/DX-6apekQRp/,Y,#광고 헬로키티 에디션 이건 못 참지 🤦🏻‍♀️
knewnew.official,knewnew.official,2026-05-06,https://www.instagram.com/p/DX-lzxPk7F8/,N,🧑🏻 엄마 : 언제 이런 거 준비했대?
knewnew.official,knewnew.official,2026-05-05,https://www.instagram.com/p/DX9FkPYEaaB/,N,🌀 너 진짜 집가게? 퇴근하고 한잔 해야지.
knewnew.official,knewnew.official,2026-05-05,https://www.instagram.com/p/DX8317nkavI/,N,"🙆🏻‍♀️ 대전, 청주 주민들! 근교 소도시 여행은 보은으로."
knewnew.official,knewnew.life,2026-05-05,https://www.instagram.com/p/DX8Owl4kZDQ/,N,🧺 내 입맛대로 접어 쓰는 바스켓?
knewnew.official,knewnew.official,2026-05-05,https://www.instagram.com/p/DX8A65Tk3Vm/,N,🚗 힐링 드라이브 하러 오늘의 목적지는 경기 오산으로.
knewnew.official,knewnew.official,2026-05-04,https://www.instagram.com/p/DX6gybZkTOm/,N,🏄️ 날이 풀리며 점점 서퍼들로 붐비는 양양.
knewnew.official,knewnew.official,2026-05-04,https://www.instagram.com/p/DX6elsfEXpO/,Y,#제작지원 💝 나 이걸로 가족 민심 챙겼어요..
knewnew.official,knewnew.official,2026-05-04,https://www.instagram.com/p/DX6aPV4EVf9/,N,#틱톡지원광고 ⚡️ 발매 이벤트도 역시 GenZ다.
knewnew.official,knewnew.trend,2026-05-04,https://www.instagram.com/p/DX6TJ0mCcZS/,N,🍞 이런 알람 시계면 기상도 즐겁죠(?)
knewnew.official,knewnew.official,2026-05-04,https://www.instagram.com/p/DX5-kO_ke5v/,Y,#제작지원 #EVENT 🪩요즘 트렌드세터들은 여기 햄버거 먹는다던데?
knewnew.official,knewnew.life,2026-05-04,https://www.instagram.com/p/DX5p9LYkZKd/,N,👁️ H&M에서 탐나는 아이템만 모아 <파스타 접시>
knewnew.official,knewnew.official,2026-05-04,https://www.instagram.com/p/DX5cHh9E5pN/,N,🍺오후에 만나 카페 들렸다 이자카야에서 한잔할까?
knewnew.official,knewnew.trend,2026-05-03,https://www.instagram.com/p/DX5ONpdzVe1/,N,회사에서 상사님 몰래 신상 먹방 asmr..? 👄
knewnew.official,knewnew.official,2026-05-03,https://www.instagram.com/p/DX3uW4BEdyG/,N,"🌹 엄마, 아빠! 나랑 북촌 한옥마을 데이트 가자 !"
knewnew.official,knewnew.official,2026-05-03,https://www.instagram.com/p/DX3Zdm9RS3E/,Y,"#제작지원 ⛰️관악산 기 ‘여기’도 주세요,"
knewnew.official,knewnew.trend,2026-05-03,https://www.instagram.com/p/DX3T_OyiXEl/,N,🔎 모델 서지수님 최애 소품샵이래요!
knewnew.official,knewnew.life,2026-05-03,https://www.instagram.com/p/DX3PZzRkb0R/,N,🛒 29CM에서 탐나는 아이템만 모아 <소스볼>
knewnew.official,knewnew.official,2026-05-03,https://www.instagram.com/p/DX3MIJsE67i/,Y,#제작지원​ 양말 OTT처럼 구독해 🧦
knewnew.official,knewnew.official,2026-05-03,https://www.instagram.com/p/DX3FMD5k5DX/,N,"🛌 그럼, 늦잠 자고 천천히 만나도 되겠다."
knewnew.official,knewnew.official,2026-05-02,https://www.instagram.com/p/DX1QY0ykbQj/,N,🛖 고즈넉한 한국의 정취가 가득한 안동
knewnew.official,knewnew.official,2026-05-02,https://www.instagram.com/p/DX1I4dIx-OP/,Y,"#제작지원 🍖 바로 느껴지는 미국의 맛,"
knewnew.official,knewnew.official,2026-05-02,https://www.instagram.com/p/DX07zYjkbIN/,N,💫대구 피플들은 다 교동에서 논다더라.
knewnew.official,knewnew.official,2026-05-02,https://www.instagram.com/p/DX01DeeB0ag/,Y,#제작지원 🥒 5월 2일에 오이 샌드위치가 나오다니.
knewnew.official,knewnew.trend,2026-05-02,https://www.instagram.com/p/DX0uGfhCZkM/,N,🐾 치아바타로 태어난 강아지?
knewnew.official,knewnew.life,2026-05-02,https://www.instagram.com/p/DX0nPA6ET8D/,N,🍞 이 식빵으로 청소를 할 수 있다고?
knewnew.official,knewnew.official,2026-05-02,https://www.instagram.com/p/DX0nUljk8l5/,Y,#제작지원​ 🕊️ 어버이날 선물 고르기 어렵다면 이게 답입니다
knewnew.official,knewnew.official,2026-05-02,https://www.instagram.com/p/DX0gb6Yk1o2/,N,"🛌 그럼, 늦잠 자고 천천히 만나도 되겠다."
knewnew.official,knewnew.official,2026-05-01,https://www.instagram.com/p/DXyyk7TkiCd/,Y,"#제작지원 이왕 마시는 맥주, 이거 챙기고 드세요 🍻"
knewnew.official,knewnew.official,2026-05-01,https://www.instagram.com/p/DXyu-shERNE/,N,🌀 이국적인 레트로 무드 가득한
knewnew.official,knewnew.trend,2026-05-01,https://www.instagram.com/p/DXykylACYhb/,N,🍵 기상천외한 도쿄의 네일 디자인 모음.zip
knewnew.style,knewnew.trend,2026-05-01,https://www.instagram.com/p/DXykylACYhb/,N,🍵 기상천외한 도쿄의 네일 디자인 모음.zip
knewnew.official,knewnew.official,2026-05-01,https://www.instagram.com/p/DXyd0mpkYAp/,N,🌳 경기도 양평에선 자연의 음악이 흘러넘쳐.
knewnew.official,knewnew.official,2026-05-01,https://www.instagram.com/p/DXyQMSwkpek/,Y,#광고 짜릿한 상쾌함과 짜릿한 귀여움의 만남 ⚡️
knewnew.official,knewnew.trend,2026-05-01,https://www.instagram.com/p/DXyJThJiS-w/,N,"😎️ 요즘 가장 핫한 외출은 여기,"
knewnew.official,knewnew.life,2026-05-01,https://www.instagram.com/p/DXx7y5KkaYW/,N,🇬🇧 영국에 갔다가 요리에 빠진 모델?
knewnew.official,knewnew.official,2026-05-01,https://www.instagram.com/p/DXx0vYOEjIV/,Y,#제작지원 내 숨은 돈이 이렇게 많다니 💸
knewnew.official,knewnew.official,2026-05-01,https://www.instagram.com/p/DXxt3U2kgdm/,N,☕️ 신부동에 아기자기한 곳 많아
knewnew.official,knewnew.official,2026-05-01,https://www.instagram.com/p/DXxmS_2zwYT/,Y,#제작지원 📦 어버이날 전 도착한답니다.
knewnew.official,knewnew.official,2026-04-30,https://www.instagram.com/p/DXxgLqmEgIH/,N,💌 딩동 - 당신을 위한 4월 4주차 신상템 알림 🔔
knewnew.official,knewnew.official,2026-04-30,https://www.instagram.com/p/DXwKKeyEgMI/,N,"⚡️시끄러운 이미지의 홍대, 사실은 평화롭기도 하다?"
knewnew.official,knewnew.official,2026-04-30,https://www.instagram.com/p/DXwG1qSkjgy/,Y,#광고 🏃‍♀️ 비만은 우리 잘못이 아닙니다.
knewnew.official,knewnew.official,2026-04-30,https://www.instagram.com/p/DXwAEcgEq4f/,Y,#제작지원 ⚡️포켓걸 되고싶은 사람? 주목. 
knewnew.official,knewnew.official,2026-04-30,https://www.instagram.com/p/DXv8mDnkjuv/,N,🏠 순천은 편하고 여유로워
knewnew.official,knewnew.official,2026-04-30,https://www.instagram.com/p/DXvdp5BEmDH/,Y,#광고​ 이번 여름은 카리나처럼 ☀️
knewnew.official,knewnew.life,2026-04-30,https://www.instagram.com/p/DXvWzhZkbQV/,N,🍽️ 레몬색과 도트 조합은 무조건 됩니다.
knewnew.official,knewnew.official,2026-04-30,https://www.instagram.com/p/DXvP_QpknTb/,Y,"#제작지원 🌐️ 이 동네는 참, 낮에도 텐션이 남달라.."
knewnew.official,knewnew.official,2026-04-30,https://www.instagram.com/p/DXvJDSJkj7e/,N,"🏫 새내기 건국대생 여러분, 선배가 알려줄게요."
knewnew.official,knewnew.official,2026-04-29,https://www.instagram.com/p/DXu7YyFEfED/,N,📅 이번 주 F&B 팝업 소식 HOT 5
knewnew.official,knewnew.official,2026-04-29,https://www.instagram.com/p/DXto6Xdkfga/,N,💧파리 낭만 중심지는 생마르탱 운하야
knewnew.official,knewnew.trend,2026-04-29,https://www.instagram.com/p/DXtiDVRiZ6n/,N,"📸 요즘 핫한 편집법, 뉴뉴가 정리해 드립니다."
knewnew.official,knewnew.official,2026-04-29,https://www.instagram.com/p/DXtbHq6kcse/,N,🌳 그래. 푸릇함의 대명사는 양주시였어.
knewnew.official,knewnew.official,2026-04-29,https://www.instagram.com/p/DXtGk87EaaW/,Y,#제작지원 키위 한 알로 세계 여행을 갈 수 있다고?✈️
knewnew.official,knewnew.official,2026-04-29,https://www.instagram.com/p/DXtDsqhkW4v/,Y,#제작지원 🍵 요즘 신세대가 Tea 즐기는 법?
knewnew.official,knewnew.official,2026-04-29,https://www.instagram.com/p/DXs_w12kXZv/,N,🌱 저는 봄 날씨를 느끼러 서산으로 떠난답니다?
knewnew.official,knewnew.life,2026-04-29,https://www.instagram.com/p/DXsyEl5kTkq/,N,🇸🇪 이케아에서 탐나는 아이템만 모아 <머그컵>
knewnew.official,knewnew.official,2026-04-29,https://www.instagram.com/p/DXsq-Lyk4vd/,Y,#광고 🚛 지나가다가 이 트럭 본 적 있는 사람?
knewnew.official,knewnew.official,2026-04-29,https://www.instagram.com/p/DXskPwaEwPG/,N,🌳 서울숲에서 피크닉하고 엄마랑 데이트
knewnew.official,knewnew.trend,2026-04-28,https://www.instagram.com/p/DXsWpSBk-Yy/,N,"🏃🏻‍♀️ 무지위크, 일주일도 안 남았으니 서두르세요!"
knewnew.official,knewnew.official,2026-04-28,https://www.instagram.com/p/DXrArv1kWfe/,N,"🌀 환승하고 집 가려고 했는데, 사당 2차로 환승했어."
knewnew.official,knewnew.official,2026-04-28,https://www.instagram.com/p/DXq9P2HETgr/,Y,"#제작지원 5월, 연휴는 많고 돈은 부족하다.🥲"
knewnew.official,knewnew.official,2026-04-28,https://www.instagram.com/p/DXq2ZvykRi9/,N,🌳 평화로운 소도시의 대명사는 구례였어.
knewnew.official,knewnew.official,2026-04-28,https://www.instagram.com/p/DXqvnobESFW/,Y,#제작지원 요즘엔 자연스러운 웰니스가 대세야 💆🏻‍♀️
knewnew.official,knewnew.trend,2026-04-28,https://www.instagram.com/p/DXqo1gzCfkn/,N,🌿 고수러버와 헤이터가 모여 만든 축제?
knewnew.official,knewnew.official,2026-04-28,https://www.instagram.com/p/DXqUGIfkfEV/,Y,#제작지원 @나랑 팀홀튼 같이 가줄 사람 구함 👤
knewnew.official,knewnew.life,2026-04-28,https://www.instagram.com/p/DXqO6sMEWHX/,N,"🍅 토마토 코어를 사랑한다면, 식탁 매트까지!"
knewnew.official,knewnew.official,2026-04-28,https://www.instagram.com/p/DXqGX8ME95F/,N,️🕯️ 금호동에 숨겨진 빈티지 감성들을 사랑해.
knewnew.official,knewnew.official,2026-04-28,https://www.instagram.com/p/DXp_c2vk9XG/,Y,"#광고 콜라보 맛집 올영.. 산리오, 망그러진 곰에 이어 이번엔 포켓몬까지⚡"
knewnew.official,knewnew.trend,2026-04-27,https://www.instagram.com/p/DXpxwbtk8vV/,N,내가 만든 요리 깔롱지게 자랑하는 법? 🤳🏻
knewnew.official,knewnew.official,2026-04-27,https://www.instagram.com/p/DXofXgikTAo/,N,💫 속초 피플들은 여기서 논다더라.
knewnew.official,knewnew.official,2026-04-27,https://www.instagram.com/p/DXoYdUGkfoM/,Y,#제작지원 🛏️ 성수에서 잠시 쉴 수 있는 도피처 찾는다면 주목.
knewnew.official,knewnew.official,2026-04-27,https://www.instagram.com/p/DXoRndSEfE8/,N,✨ 대전 느낌 좋은 공간들은 갈마동에 가득하답니다?
knewnew.official,knewnew.official,2026-04-27,https://www.instagram.com/p/DXoL8XbkUo9/,Y,#광고 👀 나만 알고 있기 아까운 ‘택배 맛집’이 있다면 주목!
knewnew.official,knewnew.trend,2026-04-27,https://www.instagram.com/p/DXoD29RCZLc/,N,🍟 감튀샷 가고 치즈스틱샷 옴.
knewnew.official,knewnew.life,2026-04-27,https://www.instagram.com/p/DXnobUXkaVF/,N,🛒 29CM에서 탐나는 아이템만 모아 <티코스터>
knewnew.official,knewnew.official,2026-04-27,https://www.instagram.com/p/DXnayOUk7ue/,N,🤙🏻여기로 정했어. 오늘은 약수역에서 만나자.
knewnew.official,knewnew.trend,2026-04-26,https://www.instagram.com/p/DXnM1f2E2Fc/,N,회사에서 상사님 몰래 신상 먹방 asmr..? 👄
knewnew.official,knewnew.official,2026-04-26,https://www.instagram.com/p/DXlzuyAE44R/,N,🏖️ 진정한 휴양은 니스에 있어
knewnew.official,knewnew.trend,2026-04-26,https://www.instagram.com/p/DXlsy0eCfco/,N,🥣 느좋 소품샵 그릇이 여기선 3000원?
knewnew.official,knewnew.official,2026-04-26,https://www.instagram.com/p/DXll9OjkyN6/,Y,"#제작지원 공개 직후부터 화제인 AI, 힉스필드에 상륙 🚀"
knewnew.official,knewnew.official,2026-04-26,https://www.instagram.com/p/DXlfDxpEc9P/,N,👁️ 에디터가 주목하는 NEW F&B 브랜드들! 🆕
knewnew.official,knewnew.official,2026-04-26,https://www.instagram.com/p/DXlYJVgkZeB/,Y,#제작지원 가방에 쏙! 들어가는 작지만 강력한 여행 필수템 🌞
knewnew.official,knewnew.official,2026-04-26,https://www.instagram.com/p/DXlKOezEUz8/,Y,"#제작지원 🤤 요리 못해도, 맛있게 먹고 싶어."
knewnew.official,knewnew.life,2026-04-26,https://www.instagram.com/p/DXlDl0vkS04/,N,🏠 자라홈에서 탐나는 아이템만 모아 <물컵>
knewnew.official,knewnew.official,2026-04-26,https://www.instagram.com/p/DXk8vW7k-Ag/,N,"🛌 그럼, 늦잠 자고 천천히 만나도 되겠다."
knewnew.official,knewnew.trend,2026-04-25,https://www.instagram.com/p/DXjOw0ZCbiZ/,N,🍟 찐 막차 탑승을 위해 4절 무리했습니다.
knewnew.official,knewnew.official,2026-04-25,https://www.instagram.com/p/DXjIAyHkVWx/,N,"👀 성수와 뚝섬 사이, 로컬 바이브 가득한 뚝도시장에 이런 곳이."
knewnew.official,knewnew.official,2026-04-25,https://www.instagram.com/p/DXi6F5OEcuq/,N,🌿 고수에 의한 고수에 위한 고수의 고수팝업!
knewnew.official,knewnew.official,2026-04-25,https://www.instagram.com/p/DXi6Q7LEfJz/,N,"✈️ 여기 해외 아니고, 울산이야."
knewnew.official,knewnew.official,2026-04-25,https://www.instagram.com/p/DXizZkMEX2r/,Y,#제작지원 #EVENT 호텔 라운지에서 느좋 야장 바이브 즐길 사람? 🤲🏻
knewnew.official,knewnew.trend,2026-04-25,https://www.instagram.com/p/DXisiijifmJ/,N,"📸 요즘 핫한 편집법, 뉴뉴가 정리해 드립니다."
knewnew.official,knewnew.life,2026-04-25,https://www.instagram.com/p/DXilxJYEZvH/,N,🍄 디저트 위에 사는 버섯 요정들?
knewnew.official,knewnew.official,2026-04-25,https://www.instagram.com/p/DXiezRCkfgX/,N,"🛌 그럼, 늦잠 자고 천천히 만나도 되겠다."
knewnew.official,knewnew.official,2026-04-25,https://www.instagram.com/p/DXiX72Ck1fB/,Y,#제작지원 #EVENT 만우절 장난이었던 메뉴를 진짜로 출시?!🫢
knewnew.official,knewnew.official,2026-04-24,https://www.instagram.com/p/DXhIKKAkYC0/,N,🫑 하이디라오의 초록빛 피망 훠궈?
knewnew.official,knewnew.official,2026-04-24,https://www.instagram.com/p/DXgw83jEY36/,Y,#제작지원 🌿 말차와 소주가 만났다고요?
knewnew.official,knewnew.official,2026-04-24,https://www.instagram.com/p/DXgqIcLkYn8/,N,🎀 부천만 가면 자꾸 소녀가 돼.
knewnew.official,knewnew.official,2026-04-24,https://www.instagram.com/p/DXgjM2GEWun/,Y,#제작지원 #EVENT 🤲🏻 여러분을 여기로 초대합니다.
knewnew.official,knewnew.official,2026-04-24,https://www.instagram.com/p/DXgfxQukeHb/,Y,"#제작지원 한정선‍, 감사합니다🙇‍♀️️"
knewnew.official,knewnew.trend,2026-04-24,https://www.instagram.com/p/DXgVer3id97/,N,작은 동네 카페에서 열린 결혼식이요? 💍
knewnew.official,knewnew.official,2026-04-24,https://www.instagram.com/p/DXgOmvnkTYf/,N,🍃️ 힐링이 필요하다면 옥천이지
knewnew.official,knewnew.trend,2026-04-24,https://www.instagram.com/p/DXgHvjpibUm/,N,"🌟 2000년대 감성이 그대로,"
knewnew.official,knewnew.official,2026-04-24,https://www.instagram.com/p/DXgA35ckXZg/,Y,"#광고 게토레이, 쏘니를 향한 진심이 담긴 마음 .. ⚽️"
knewnew.official,knewnew.life,2026-04-24,https://www.instagram.com/p/DXf6BRKkQ06/,N,👁️ H&M에서 탐나는 아이템만 모아 <물컵>
knewnew.official,knewnew.official,2026-04-24,https://www.instagram.com/p/DXfy8e5k1bZ/,Y,"#제작지원 🥤 전국 느좋 스탭밀 레시피, 펩시가 털었다."
knewnew.official,knewnew.official,2026-04-24,https://www.instagram.com/p/DXfsdGPk-Aw/,N,🌟 광주 쌍촌동은 다채로워
knewnew.official,knewnew.trend,2026-04-24,https://www.instagram.com/p/DXfladWE_c_/,N,오뚜기 컵라면의 비밀을 아시나요? 🤫
knewnew.official,knewnew.official,2026-04-23,https://www.instagram.com/p/DXfeigEk96V/,N,💌 딩동 - 당신을 위한 4월 3주차 신상템 알림 🔔
knewnew.official,knewnew.official,2026-04-23,https://www.instagram.com/p/DXeMI5xESF7/,N,⚡️ 감각적인 세련미부터 빈티지 감성까지.
knewnew.official,knewnew.official,2026-04-23,https://www.instagram.com/p/DXeFRZLkZkA/,Y,#제작지원 🙌 어버이날 엄마 선물 못 정했다면 주목.
knewnew.official,knewnew.official,2026-04-23,https://www.instagram.com/p/DXd-buxEcXG/,Y,"#제작지원 🍗 기쁘다, 을지로핫플 숙입 오셨네."
knewnew.official,knewnew.official,2026-04-23,https://www.instagram.com/p/DXd3ilHEfDa/,N,🚗 춘천은 서울에서 1시간이면 가
knewnew.official,knewnew.official,2026-04-23,https://www.instagram.com/p/DXdpzyxEVSL/,Y,"#광고 💐 #EVENT 어버이날 선물 고민 중이라면, 실패 없는 컬리로!"
knewnew.official,knewnew.official,2026-04-23,https://www.instagram.com/p/DXdi8ugEfNK/,N,🚶🏻‍♀️️ 봄날엔 대흥동으로
knewnew.official,knewnew.official,2026-04-23,https://www.instagram.com/p/DXdfhHRkacN/,N,"⚡️ 시끄러운 도시 옆, 구리가 이렇게도 평화로운 곳이라니."
knewnew.official,knewnew.life,2026-04-23,https://www.instagram.com/p/DXdVBPoEdHY/,N,"👁️ 한남동 아이쇼핑 스폿, 하나 더 늘었네요"
knewnew.official,knewnew.trend,2026-04-23,https://www.instagram.com/p/DXdOWIHiUpQ/,N,💳 법카 찬스로 혼자 김밥 5종 먹고 온 썰 푼다...
knewnew.official,knewnew.official,2026-04-23,https://www.instagram.com/p/DXdHf33Ez9j/,N,"🏫 새내기 성균관대생 여러분, 선배가 알려줄게요."
knewnew.official,knewnew.life,2026-04-23,https://www.instagram.com/p/DXdAwdQkicK/,N,🇬🇧 이런 게 영국 브런치 감성인가요.
knewnew.official,knewnew.official,2026-04-22,https://www.instagram.com/p/DXc5vppk-Es/,N,📅 이번 주 F&B 팝업 소식 HOT 5
knewnew.official,knewnew.official,2026-04-22,https://www.instagram.com/p/DXbnWMwESed/,N,🇩🇪 낭만 찾아? 그럼 독일 본이지.
knewnew.official,knewnew.official,2026-04-22,https://www.instagram.com/p/DXbSv1Fkbdf/,N,🌿 힐링이 필요해. 그래서 요즘 포천에서 힐링 데이트하거든
knewnew.official,knewnew.official,2026-04-22,https://www.instagram.com/p/DXa-JdPkWNH/,N,⛰️ 북악산 아래 숨은 아지트
knewnew.official,knewnew.official,2026-04-22,https://www.instagram.com/p/DXairkNkwH9/,N,"🙋🏻‍♀️️ 엄마, 나랑 한남동 데이트 가자"
knewnew.official,knewnew.official,2026-04-21,https://www.instagram.com/p/DXaUihWk7YM/,N,"❗️노스텔지어를 느끼는 가장 빠른 방법,"
knewnew.official,knewnew.official,2026-04-21,https://www.instagram.com/p/DXZCjfgEdwk/,N,🌀동네에서 끝까지 달릴 답십리역 주민들?
knewnew.official,knewnew.trend,2026-04-21,https://www.instagram.com/p/DXZAyLSCXPM/,N,막장 과일 드라마 직접 만드는 법? 🍓
knewnew.official,knewnew.official,2026-04-21,https://www.instagram.com/p/DXY6WTsEdiF/,N,👤 뉴뉴매거진 채용 공고 오픈
knewnew.official,knewnew.official,2026-04-21,https://www.instagram.com/p/DXY02q0Eaop/,N,"👀 태국엔 치앙마이가 있다면, 한국엔 하동!"
knewnew.official,knewnew.official,2026-04-21,https://www.instagram.com/p/DXYs_YhETYi/,Y,#제작지원 대사·연출·제작 고민? AI로 한번에 해결 🤖
knewnew.official,knewnew.official,2026-04-21,https://www.instagram.com/p/DXYf_OKEZyX/,Y,"#광고 🍃 쑥, 흑임자, 말차, 오트 다 있다?"
knewnew.official,knewnew.official,2026-04-21,https://www.instagram.com/p/DXYZWszkbzA/,N,🫖 카페가 질렸다면 티는 어때?
knewnew.official,knewnew.official,2026-04-21,https://www.instagram.com/p/DXYEwNCk5gM/,N,🏡 신수동은 차분한 매력이 있어
knewnew.official,knewnew.official,2026-04-21,https://www.instagram.com/p/DXX95I3k01v/,N,"⚡️ 홍대는 너무 시끄러워. 난 상수, 합정이 딱 좋더라."
knewnew.official,knewnew.trend,2026-04-20,https://www.instagram.com/p/DXXwL4xE4bO/,N,🦖품절대란 요시 팝콘 통 구하긴 했는데...
knewnew.official,knewnew.official,2026-04-20,https://www.instagram.com/p/DXWdwiekQjM/,N,💫 천안 피플들은 신불당동에서 저녁 약속 잡더라.
knewnew.official,knewnew.trend,2026-04-20,https://www.instagram.com/p/DXWW5W2ib8N/,N,💧이건 한국 들어올 때가 됐다고 봐요.
knewnew.official,knewnew.official,2026-04-20,https://www.instagram.com/p/DXWQB1eEXR2/,N,💌 동네 안에서도 느좋 데이트 가능.
knewnew.official,knewnew.official,2026-04-20,https://www.instagram.com/p/DXWJLQFkRDe/,N,"👀 노원구 공리단길 너, 굉장히 감각적이였구나?"
knewnew.official,knewnew.trend,2026-04-20,https://www.instagram.com/p/DXWCX4cCUFm/,N,🍡 하말넘많이 꼽은 제 2의 창억떡? 
knewnew.official,knewnew.official,2026-04-20,https://www.instagram.com/p/DXV7bAlEfFe/,N,📚 트렌드는 텍스트힙
knewnew.official,knewnew.life,2026-04-20,https://www.instagram.com/p/DXVmTsakvvS/,N,💌 썩지 않는 마음을 썩지 않는 접시에 담아.
knewnew.official,knewnew.official,2026-04-20,https://www.instagram.com/p/DXVZSjtk04X/,N,🏡 영등포 하면 문래동이지
knewnew.official,knewnew.official,2026-04-19,https://www.instagram.com/p/DXVLW7MEyu6/,N,🍄‍ 요즘 버섯이 유행이긴 한가봐요.
knewnew.official,knewnew.trend,2026-04-19,https://www.instagram.com/p/DXTx_qjiaq6/,N,🐾 수상할 정도로 책상 위를 좋아하는 강아지?
knewnew.official,knewnew.official,2026-04-19,https://www.instagram.com/p/DXTrOxmkesO/,N,🚶🏻‍♀️혼자서도 알찬 바르셀로나 여행 가능
knewnew.official,knewnew.official,2026-04-19,https://www.instagram.com/p/DXTkiDHkQ9m/,N,🐢 사무실에서 코스터라도 귀여운 걸로...
knewnew.official,knewnew.official,2026-04-19,https://www.instagram.com/p/DXTdf6OEW3T/,N,🥙 판교는 사실 브런치 카페 성지가 맞다.
knewnew.official,knewnew.official,2026-04-19,https://www.instagram.com/p/DXTWsvYEZTz/,Y,#광고 한강을 뛰어다니는 게토레이 런? 🏃‍♂️💦
knewnew.official,knewnew.trend,2026-04-19,https://www.instagram.com/p/DXTPxcJCbaL/,N,⭐ 숨은 그림 찾기 고수 다 모여.
knewnew.official,knewnew.life,2026-04-19,https://www.instagram.com/p/DXTIhB8Ea0Q/,N,🇸🇪 이케아에서 탐나는 아이템만 모아 <밥그릇>
knewnew.official,knewnew.official,2026-04-19,https://www.instagram.com/p/DXTCB9SkSvi/,N,"🛌 그럼, 늦잠 자고 천천히 만나도 되겠다."
knewnew.official,knewnew.official,2026-04-19,https://www.instagram.com/p/DXS7L7lk271/,N,👁️ 에디터가 주목하는 NEW F&B 브랜드들! 🆕
knewnew.official,knewnew.official,2026-04-18,https://www.instagram.com/p/DXRUKy3EWxL/,N,🌀 벚꽃보러 성북천까지 왔는데 집가기 아쉽지 않아?
knewnew.official,knewnew.official,2026-04-18,https://www.instagram.com/p/DXRGb9WkTCA/,N,👀 이태원과 한남동 골목은 엔틱 분위기 맛집인거 알지?
knewnew.official,knewnew.official,2026-04-18,https://www.instagram.com/p/DXQ4suhkS32/,N,✨ 캐비어를 입안 가득 먹어본 건 처음입니다..
knewnew.official,knewnew.official,2026-04-18,https://www.instagram.com/p/DXQx1P0EclZ/,N,💫 대전 느좋 피플들은 다 갈마동에서 모인다더라.
knewnew.official,knewnew.life,2026-04-18,https://www.instagram.com/p/DXQqfITESpF/,N,🤫 누가 ‘짠’ 소리를 내었는가.
knewnew.official,knewnew.official,2026-04-18,https://www.instagram.com/p/DXQkGTjkfTl/,N,✨지금 일본편의점에선 이게 핫하다.
knewnew.official,knewnew.official,2026-04-18,https://www.instagram.com/p/DXQdO26ERjM/,N,"🛌 그럼, 늦잠 자고 천천히 만나도 되겠다."
knewnew.official,knewnew.official,2026-04-17,https://www.instagram.com/p/DXOogVrkfWE/,N,🌟 모란역 힐링 되는 감성 좀 보란 말이다.
knewnew.official,knewnew.official,2026-04-17,https://www.instagram.com/p/DXOhqvjEbXQ/,N,🌀 너 진짜 집가게? 딱 한잔만 더하자
knewnew.official,knewnew.official,2026-04-17,https://www.instagram.com/p/DXOaxR6EfDq/,Y,#제작지원 👚 이제 덥다. 반팔 티셔츠 살 타이밍이다.
knewnew.official,knewnew.official,2026-04-17,https://www.instagram.com/p/DXOT-qdEdur/,N,"붐비는 성북천 야장 대신, 낭만 가맥을 즐겨."
knewnew.official,knewnew.official,2026-04-17,https://www.instagram.com/p/DXOM7A6EVMw/,Y,#제작지원 무타공으로 1분 만에 설치하는 브리타 정수기? 🤩
knewnew.official,knewnew.trend,2026-04-17,https://www.instagram.com/p/DXOGLkPiYdy/,N,여러분의 ‘러브 랭귀지(Love Language)’는? 💕
knewnew.official,knewnew.life,2026-04-17,https://www.instagram.com/p/DXOGLLjETf6/,N,🍄 버섯 냉.꾸 저도 해봐야겠어요.
knewnew.official,knewnew.official,2026-04-17,https://www.instagram.com/p/DXN_Ul8kQtc/,Y,#제작지원 🍔 롯데리아 X 삐딱한 천재 콜라보라니
knewnew.official,knewnew.life,2026-04-17,https://www.instagram.com/p/DXNxOAzEjej/,N,👁️ 이 집 포크 재밌네요..
knewnew.official,knewnew.official,2026-04-17,https://www.instagram.com/p/DXNqt6mk9au/,N,🥯 반전미 있는 포항 여행
knewnew.official,knewnew.official,2026-04-16,https://www.instagram.com/p/DXNc-KakycV/,Y,💌 딩동 - 당신을 위한 4월 2주차 신상템 알림 🔔
knewnew.official,knewnew.official,2026-04-16,https://www.instagram.com/p/DXMKlAEkaP4/,N,🧺이번주말 피크닉 가기로 했는데 계획 짜기 귀찮지?
knewnew.official,knewnew.trend,2026-04-16,https://www.instagram.com/p/DXMD1MPCelg/,N,"제주하면 돌, 바람 그리고 미깡 🍊?"
knewnew.official,knewnew.official,2026-04-16,https://www.instagram.com/p/DXL8108kXwY/,N,👾 군산에서 레트로 감성 충전 완료
knewnew.official,knewnew.official,2026-04-16,https://www.instagram.com/p/DXL1-bekXbL/,Y,"#광고 아, 비주얼 보자마자 침부터 고여 🤤"
knewnew.official,knewnew.official,2026-04-16,https://www.instagram.com/p/DXLvHpAkVvL/,N,🏫️ 홍대 근처 상수역 감성 맛 볼래?
knewnew.official,knewnew.official,2026-04-16,https://www.instagram.com/p/DXLoRi-EQN9/,N,🌱역시 세종 조치원은 봄이랑 제일 잘 어울리는 것 같아.
knewnew.official,knewnew.trend,2026-04-16,https://www.instagram.com/p/DXLhbiwCbQd/,N,💎 나도 핀터레스트 감성 가능?
knewnew.official,knewnew.official,2026-04-16,https://www.instagram.com/p/DXLa0XpEUOo/,N,"🛌 그럼, 늦잠 자고 천천히 만나도 되겠다."
knewnew.official,knewnew.life,2026-04-16,https://www.instagram.com/p/DXLTrLfES8h/,N,🐎 빈티지를 사랑한다면 이 물건에 주목!
knewnew.official,knewnew.life,2026-04-16,https://www.instagram.com/p/DXLM5yBElFV/,N,🌞 여름이 옵니다.. 우리 언니들 소환 필요.
knewnew.official,knewnew.official,2026-04-16,https://www.instagram.com/p/DXLF6diE2_e/,N,"🏫 새내기 서울대생 여러분, 선배가 알려줄게요."
knewnew.official,knewnew.official,2026-04-15,https://www.instagram.com/p/DXK4LTUk_9D/,N,📅 이번 주 F&B 팝업 소식 HOT 5
knewnew.official,knewnew.official,2026-04-15,https://www.instagram.com/p/DXJlx9kkWKs/,N,🗃️ 파리 빈티지 스폿 알려줄게
knewnew.official,knewnew.official,2026-04-15,https://www.instagram.com/p/DXJe63ZkcGS/,Y,#광고 🤣 이젠 게토레이도 런닝 뛰네..
knewnew.official,knewnew.trend,2026-04-15,https://www.instagram.com/p/DXJbfOUiY_w/,N,"👅 애슐리 꿀맛 조합, 바로 알려드립니다."
knewnew.official,knewnew.official,2026-04-15,https://www.instagram.com/p/DXJYDEjkfOX/,Y,#제작지원 🐟 요즘 뜨는 맥주 안주는 느좋 먹태.
knewnew.official,knewnew.official,2026-04-15,https://www.instagram.com/p/DXJRMlPEc90/,N,"🤫 안산 주민들이 아끼는 아지트, 너만 알려줄게."
knewnew.official,knewnew.official,2026-04-15,https://www.instagram.com/p/DXJKVHwEQ2A/,N,🍚 전국 도감 이번엔 <김밥 편>
knewnew.official,knewnew.official,2026-04-15,https://www.instagram.com/p/DXJDcmeEZ8a/,Y,#광고 👩🏻‍❤️‍👩🏻 센스 있는 딸은 케이크도 그냥 안 삽니다.
knewnew.official,knewnew.trend,2026-04-15,https://www.instagram.com/p/DXI-J_KiSWO/,N,점심으로 빵 먹은 사람?
knewnew.official,knewnew.official,2026-04-15,https://www.instagram.com/p/DXI1woCkbdR/,N,"🏫 새내기 이화여대생 여러분, 선배가 알려줄게요."
knewnew.official,knewnew.official,2026-04-15,https://www.instagram.com/p/DXIu2-hEcog/,N,"✨경기도 이천 쌀만 있는게 아니라, 낭만도 있었네."
knewnew.official,knewnew.life,2026-04-15,https://www.instagram.com/p/DXInvCcEnD-/,N,🇯🇵 칼디에서 스프레드만 찾지 마세요!
knewnew.official,knewnew.official,2026-04-15,https://www.instagram.com/p/DXIhILRk-nV/,N,🚶🏻‍♀️엄마랑 양재천 걷고 데이트
knewnew.official,knewnew.trend,2026-04-14,https://www.instagram.com/p/DXITlqVk6wC/,N,"🐴 유행이라는 밤티 말빵, 뉴뉴표 레시피 공개합니다."
knewnew.official,knewnew.official,2026-04-14,https://www.instagram.com/p/DXHA_sOEVzg/,Y,#제작지원 🍹단 거 마시고 싶고 살찌긴 싫어?
knewnew.official,knewnew.official,2026-04-14,https://www.instagram.com/p/DXG6IIZESS6/,N,🕰️ 경상북도 문경시의 시간이 멈춘 것만 같은 진짜 레트로 감성들.
knewnew.official,knewnew.official,2026-04-14,https://www.instagram.com/p/DXGzQhqEV4w/,N,🌟 이거 꼭 갖고 싶어요...
knewnew.official,knewnew.official,2026-04-14,https://www.instagram.com/p/DXGsZhcEec9/,N,🍺오후에 동네에서 만나서 한잔할까?
knewnew.official,knewnew.life,2026-04-14,https://www.instagram.com/p/DXGlhZKkYT2/,N,"👙 식탁 위 팬티, 매력 있네?"
knewnew.official,knewnew.official,2026-04-14,https://www.instagram.com/p/DXGeqDvkYIL/,N,🏡️ 망원동만 갈 거야? 이젠 성산동이야
knewnew.official,knewnew.official,2026-04-14,https://www.instagram.com/p/DXGKBfwEZlT/,N,회사에서도 만들 수 있는 초간단 불닭토마토탕! 🍜+🍅
knewnew.official,knewnew.life,2026-04-14,https://www.instagram.com/p/DXGDg02Emfr/,N,❗️MUJI에는 국수 시리즈가 있다?
knewnew.official,knewnew.official,2026-04-14,https://www.instagram.com/p/DXF8VA-k2py/,N,"🏘️ 동대문역 골목, 의외로 매력이 넘쳐나더라?"
knewnew.official,knewnew.official,2026-04-13,https://www.instagram.com/p/DXEcPIsEfxQ/,N,⚡️ 동탄 피플들은 여기서 논다더라.
knewnew.official,knewnew.official,2026-04-13,https://www.instagram.com/p/DXEVbs7EUKE/,N,🍨 젤라또가 좋아서 해방촌에 사는 여성?
knewnew.official,knewnew.official,2026-04-13,https://www.instagram.com/p/DXEOeCdkcDs/,N,🌟 광주 동명동에 귀여운거 다 모여있잖아...?
knewnew.official,knewnew.official,2026-04-13,https://www.instagram.com/p/DXEHl4fEWj2/,N,🚉 보문역 인근 감성을 찾는다면 여기
knewnew.official,knewnew.official,2026-04-13,https://www.instagram.com/p/DXD53BZEdxE/,N,👩🏻‍💻 곧 중간고사잖아 카공가야지
knewnew.official,knewnew.official,2026-04-13,https://www.instagram.com/p/DXD5G-xEWV6/,N,🌿 고수 안 먹는데도 가고 싶어요...
knewnew.official,knewnew.official,2026-04-13,https://www.instagram.com/p/DXDlQ0UkUZP/,N,🎂 생크림 케이크와 똑닮은 보관함?
knewnew.official,knewnew.life,2026-04-13,https://www.instagram.com/p/DXDeX_Tkvmr/,N,🛒 29CM에서 탐나는 아이템만 모아 <수세미>
knewnew.official,knewnew.official,2026-04-13,https://www.instagram.com/p/DXDXh01Ewzj/,N,"🤦🏻 있지, 내가 이래서 강북구를 못떠나."
knewnew.official,knewnew.life,2026-04-12,https://www.instagram.com/p/DXDJ2zKEi65/,N,🍱 도시락러 눈 돌아가게 만드는 물건.zip
knewnew.official,knewnew.official,2026-04-12,https://www.instagram.com/p/DXBwh0wkbjf/,N,🫂 내가 이래서 봉천동을 떠나지 못해 ..
knewnew.official,knewnew.official,2026-04-12,https://www.instagram.com/p/DXBpqixkWLF/,N,🌸 줄이어폰 홀더도 감성 챙길래.
knewnew.official,knewnew.official,2026-04-12,https://www.instagram.com/p/DXBizHBkR9_/,N,🌸 도쿄에도 봄이 왔어
knewnew.official,knewnew.life,2026-04-12,https://www.instagram.com/p/DXBcMy3kZE5/,N,🌷 올해 봄 소풍 준비는 이걸로 해결.
knewnew.official,knewnew.official,2026-04-12,https://www.instagram.com/p/DXBVFRSkXtY/,N,👁️ 에디터가 주목하는 NEW F&B 브랜드들! 🆕
knewnew.official,knewnew.official,2026-04-12,https://www.instagram.com/p/DXBPwnsEVty/,N,🚣🏻 내 커피잔에는 배가 둥둥 떠다녀!
knewnew.official,knewnew.life,2026-04-12,https://www.instagram.com/p/DXBG0kNEU0J/,N,🧂 오브제 아니고 액막이 소금단지입니다.
knewnew.official,knewnew.official,2026-04-12,https://www.instagram.com/p/DXBAek8kd8m/,N,"🛌 그럼, 늦잠 자고 천천히 만나도 되겠다."
knewnew.official,knewnew.official,2026-04-12,https://www.instagram.com/p/DXA5mfhE3rh/,N,🍃 봄바람은 불고 서순라길은 이렇게 낭만적이야
knewnew.official,knewnew.official,2026-04-11,https://www.instagram.com/p/DW_SnF2kfgY/,N,💓자자~ 귀여움 충전 할 시간됐다~ 은평구에서 만나
knewnew.official,knewnew.official,2026-04-11,https://www.instagram.com/p/DW--ACZEc18/,N,⚡️ 부산 느좋 피플들은 다 전포로 모인다더라.
knewnew.official,knewnew.official,2026-04-11,https://www.instagram.com/p/DW-3IuqEVE1/,N,"🐶 4월 11일 반려 동물의 날, 그냥 지나치기 아쉬워서"
knewnew.official,knewnew.official,2026-04-11,https://www.instagram.com/p/DW-pZ2yERuh/,N,"🚶🏻‍♀️날씨가 풀리고 어디로 놀러 갈지 고민이라면,"
knewnew.official,knewnew.official,2026-04-11,https://www.instagram.com/p/DW-m87xEYBl/,Y,#제작지원 🏃‍♀️ 성수동 이제 오전에도 줄서?
knewnew.official,knewnew.official,2026-04-11,https://www.instagram.com/p/DW-brXXEfmP/,N,"🛌 그럼, 늦잠 자고 천천히 만나도 되겠다."
knewnew.official,knewnew.life,2026-04-11,https://www.instagram.com/p/DW-UEszkoXa/,N,🇸🇪 이케아에서 탐나는 아이템만 모아 <물컵>
knewnew.official,knewnew.trend,2026-04-10,https://www.instagram.com/p/DW8m_NViTgN/,N,🥜 화제의 콜라 땅콩 조합? 무슨 맛이길래...
knewnew.official,knewnew.official,2026-04-10,https://www.instagram.com/p/DW8jgmYkQ4N/,N,☕️ 울산 중구 감성 놓치지 마
knewnew.official,knewnew.official,2026-04-10,https://www.instagram.com/p/DW8gBgTEVHO/,Y,#제작지원 이 느좋 브레빌의 신제품 커피머신.. 체험하러 갈 사람 ✋🏻
knewnew.official,knewnew.official,2026-04-10,https://www.instagram.com/p/DW8cpAaEbBs/,N,💌 딩동 - 당신을 위한 4월 2주차 신상템 알림 🔔
knewnew.official,knewnew.official,2026-04-10,https://www.instagram.com/p/DW8Nt0kEZB2/,N,"🚛 친구야, 안양시 동안구로 이사 올 생각 없어?"
knewnew.official,knewnew.life,2026-04-10,https://www.instagram.com/p/DW7wgGPkp7B/,N,🌷 집에 생화 대신 꽃 접시는 어떤가요
knewnew.official,knewnew.official,2026-04-09,https://www.instagram.com/p/DW6P4PUEYLb/,N,🚏경기도민인데 사당와서 어디갈지 고민이였다고?
knewnew.official,knewnew.official,2026-04-09,https://www.instagram.com/p/DW6JAvwEQNg/,N,"⚾️ 이게 에그타르트야, 야구공이야?"
knewnew.official,knewnew.official,2026-04-09,https://www.instagram.com/p/DW6CKKqkTU5/,N,🌿 아 역시 영월은 힐링이야
knewnew.official,knewnew.trend,2026-04-09,https://www.instagram.com/p/DW5_hb-ib1o/,N,김풍님이 뉴뉴에게 꽃다발을..? (설렘) 💐
knewnew.official,knewnew.official,2026-04-09,https://www.instagram.com/p/DW57V6jkYLy/,Y,#제작지원 🎀 소녀들 취향저격할 콜라보 소식 떴다... 🤍
knewnew.official,knewnew.official,2026-04-09,https://www.instagram.com/p/DW50bO8EXIT/,N,📝 서울 근교에서 소도시 감성을 느끼고 싶다면 공주로!
knewnew.official,knewnew.official,2026-04-09,https://www.instagram.com/p/DW5tkFCkVBa/,N,🍨 밥 대신 파르페 찾는 달달파 모여라
knewnew.official,knewnew.trend,2026-04-09,https://www.instagram.com/p/DW5Ybc4CSgD/,N,"오늘 풀린 CGV 요시 팝콘통,"
knewnew.official,knewnew.life,2026-04-09,https://www.instagram.com/p/DW5TIsdkelw/,N,🎀 내 요즘 집밥 추구미는 수사샤.
knewnew.official,knewnew.official,2026-04-09,https://www.instagram.com/p/DW5LKaXk2xN/,Y,#제작지원 💪🏻 나 이번엔 이걸로 진짜 관리한다.
knewnew.official,knewnew.official,2026-04-08,https://www.instagram.com/p/DW42nMIk717/,N,📅 이번 주 F&B 팝업 소식 HOT 5
knewnew.official,knewnew.official,2026-04-08,https://www.instagram.com/p/DW3x-zTk6eT/,N,"🌀대흥, 공덕에서 술을 마셨는데 알코올이 부족하다고?"
knewnew.official,knewnew.official,2026-04-08,https://www.instagram.com/p/DW3rGqckUa-/,N,👩🏻‍🎓 틸버그 교환학생이 애정하는 코스 따라와
knewnew.official,knewnew.trend,2026-04-08,https://www.instagram.com/p/DW3np5ICRgs/,N,"🍔 바로 내일, 등장하는 버거킹 신메뉴!"
knewnew.official,knewnew.official,2026-04-08,https://www.instagram.com/p/DW3dZ6ZkXf7/,N,"🚛 친구야, 수원 영화동으로 이사 올 생각 없어?"
knewnew.official,knewnew.official,2026-04-08,https://www.instagram.com/p/DW3Wj2uEXpr/,N,🌭 소시지를 활용한 도시락 꾸미기?
knewnew.official,knewnew.official,2026-04-08,https://www.instagram.com/p/DW3QLH1kTKx/,N,🍃 삶에 지쳤다면 덴마크로 가자
knewnew.official,knewnew.official,2026-04-08,https://www.instagram.com/p/DW3B4lpkSCs/,Y,#제작지원 ✨ 이런 전통주 시음회는 처음이야.. 
knewnew.official,knewnew.official,2026-04-08,https://www.instagram.com/p/DW27BtSEaZU/,N,🌱저는 봄 날씨엔 제천으로 떠난답니다?
knewnew.official,knewnew.official,2026-04-08,https://www.instagram.com/p/DW220ifkezB/,N,소녀 감성 자극하는 신규 매장 오픈..! 🎀
knewnew.official,knewnew.official,2026-04-08,https://www.instagram.com/p/DW2s_iUkT93/,N,🆕 맥날 비밀조합? 쿠폰쓰고 먹어봤는데...
knewnew.official,knewnew.life,2026-04-08,https://www.instagram.com/p/DW2l5hrksfV/,N,"👛 한남동에서 돈 쓸 곳, 하나 더 늘었네요"
knewnew.official,knewnew.official,2026-04-08,https://www.instagram.com/p/DW2fjVtk0IY/,N,"🚶🏻‍♀️ 엄마, 석촌호수 산책하고 데이트가자"
knewnew.official,knewnew.official,2026-04-07,https://www.instagram.com/p/DW1GSwak51B/,N,🌀아니 너 진짜 집가려고? 2차가야지.
knewnew.official,knewnew.official,2026-04-07,https://www.instagram.com/p/DW04nFrkSVn/,N,🚶🏼느낌있는 애들은 꼭 청주에서 성안길을 좋아하더라.
knewnew.official,knewnew.trend,2026-04-07,https://www.instagram.com/p/DW0xHAXCbSo/,N,"장동윤 감독의 고백, 뉴뉴.. 전 어때요? 💌"
knewnew.official,knewnew.official,2026-04-07,https://www.instagram.com/p/DW0rk6IkVrV/,N,⚡️ 용인 피플들은 여기서 논다더라.
knewnew.official,knewnew.official,2026-04-07,https://www.instagram.com/p/DW0j9U0kbCJ/,N,🦢 여기가 레트로 카페 찐이야
knewnew.official,knewnew.official,2026-04-07,https://www.instagram.com/p/DW0dF5jkXH1/,Y,"#광고 아직 늦지 않았어, 벚(꽃) 꾸(미기) 트렌드. "
knewnew.official,knewnew.official,2026-04-07,https://www.instagram.com/p/DW0WQ94EYeK/,N,🍞 빵의도시 대전girl들은 이렇게 하루를 보냅니다!
knewnew.official,knewnew.trend,2026-04-07,https://www.instagram.com/p/DW0IffiiZni/,N,"🫜 그러니까, 이게 다 펠트란 말이죠?"
knewnew.official,knewnew.official,2026-04-07,https://www.instagram.com/p/DWz6yK2Eyo7/,N,🏠 전통과 현대가 어우러진 한옥거리 데이트.
knewnew.official,knewnew.official,2026-04-06,https://www.instagram.com/p/DWycS6lEd7m/,Y,"#광고 📞 어어 나 우베인데, 투썸 도착했어."
knewnew.official,knewnew.trend,2026-04-06,https://www.instagram.com/p/DWyUaw8Cdnl/,N,"💭 요즘 Z세대 유행은 이거, 셋로그"
knewnew.official,knewnew.trend,2026-04-06,https://www.instagram.com/p/DWyQooHiS55/,N,이번엔 뉴뉴가 코쿤의 밥 걱정을 해봤습니다... 🥺
knewnew.official,knewnew.trend,2026-04-06,https://www.instagram.com/p/DWyM5OwidFr/,Y,#제작지원 🍋 클렌징 라인으로 1등 먹은 마녀공장.
knewnew.official,knewnew.official,2026-04-05,https://www.instagram.com/p/DWv87FkEXTD/,N,🧸 크래커 위 잠든 곰돌이라니...
knewnew.official,knewnew.official,2026-04-05,https://www.instagram.com/p/DWvaXbYkVXe/,N,"☕️ 나는 피크닉 말고, 꽃 보러 카페 간다 봄을 제대로 만끽할 수 있는 꽃과 공존하는 카페들 🌸"
knewnew.official,knewnew.official,2026-04-05,https://www.instagram.com/p/DWu6xijk4pO/,N,🌼 33아파트먼트가 서촌점으로 다시 돌아왔습니다!
knewnew.official,knewnew.official,2026-04-05,https://www.instagram.com/p/DWu4HpKE8uT/,Y,"#제작지원 👛 웨어러블 뷰티 (a.k.a 파꾸), 어렵다고요?"
knewnew.official,knewnew.official,2026-04-05,https://www.instagram.com/p/DWuxNOhE_VH/,N,"🛌 그럼, 늦잠 자고 천천히 만나도 되겠다."
knewnew.official,knewnew.official,2026-04-04,https://www.instagram.com/p/DWtRCqpkZPt/,N,🫂 내가 이래서 성북구를 못 떠나..
knewnew.official,knewnew.official,2026-04-04,https://www.instagram.com/p/DWtKOzQkSw2/,N,🇪🇸 바르셀로나의 숨은 아지트 알려줄게
knewnew.official,knewnew.official,2026-04-04,https://www.instagram.com/p/DWsigS2kaYP/,Y,#제작지원 ☕ 코쿤이 서울숲길에 온 이유?
knewnew.official,knewnew.official,2026-04-04,https://www.instagram.com/p/DWsaILEEXHx/,N,"🌿 404, 포오포, PHO? 오늘 쌀국수 먹는 날 🍜"
knewnew.official,knewnew.official,2026-04-04,https://www.instagram.com/p/DWsManXE3xR/,N,"🛌 그럼, 늦잠 자고 천천히 만나도 되겠다."
knewnew.official,knewnew.official,2026-04-03,https://www.instagram.com/p/DWqzH6yk1Il/,N,🌀 샤로수길 2차 장소 고민 중이신 분들 주목.
knewnew.official,knewnew.official,2026-04-03,https://www.instagram.com/p/DWqwlurE6t8/,Y,#제작지원 🍞 성수에 빵 먹을 곳 하나 더 늘었다.
knewnew.official,knewnew.official,2026-04-03,https://www.instagram.com/p/DWqr736kaNZ/,Y,"#제작지원 ✈️ 여의도 봄꽃축제, 이렇게 즐기셔라."
knewnew.official,knewnew.official,2026-04-03,https://www.instagram.com/p/DWqQyf7Ebc_/,N,"📸 요즘 내 기분, 과자로 설명하는 게 유행?"
knewnew.official,knewnew.official,2026-04-03,https://www.instagram.com/p/DWqJ6chkZlU/,Y,#광고 🍔 다이어트할 때 이 버거는 먹어도 됨. 
knewnew.official,knewnew.official,2026-04-03,https://www.instagram.com/p/DWp1d5ZEbAQ/,N,"🌞 빈티지숍부터 빈티지무드까지 사랑하는 에디터의 산책하기 좋은 대전 소제동 빈티지 코스, 알려줄께.🚶🏻"
knewnew.official,knewnew.official,2026-04-03,https://www.instagram.com/p/DWpug_hExxp/,N,🌸 벚꽃을 닮은 핑크빛 감성 맛집 알려줄게
knewnew.official,knewnew.official,2026-04-03,https://www.instagram.com/p/DWpnn8Dk1Dq/,N,😎 힙쟁이라면 대구 삼덕동이지
knewnew.official,knewnew.official,2026-04-03,https://www.instagram.com/p/DWpguD2E3vv/,N,🫂 내가 이래서 독산동을 떠나지 못해 ..
knewnew.official,knewnew.official,2026-04-02,https://www.instagram.com/p/DWpZ164EyZs/,N,💌 딩동 - 당신을 위한 4월 1주차 신상템 알림 🔔 
knewnew.official,knewnew.official,2026-04-02,https://www.instagram.com/p/DWoVLigEwvZ/,N,"🗝️ 숨은 취향을 하나씩 발견하는 재미,"
knewnew.official,knewnew.official,2026-04-02,https://www.instagram.com/p/DWoHdYDkaoO/,Y,#제작지원 🎬 만우절에 등장했던 '하나픽처스'.
knewnew.official,knewnew.official,2026-04-02,https://www.instagram.com/p/DWoAmFqkaGe/,N,☕️ 통영이 이렇게나 카페 맛집이라니
knewnew.official,knewnew.official,2026-04-02,https://www.instagram.com/p/DWn5ZIwETE5/,Y,#제작지원 🤤한국인이 좋아하는 속도로 알려드립니다🚨
knewnew.official,knewnew.official,2026-04-02,https://www.instagram.com/p/DWnwY9_kbrY/,N,🍄 나랑 초딩처럼 즐기러 가줄 친구 구함.
knewnew.official,knewnew.official,2026-04-02,https://www.instagram.com/p/DWnsB-cEdQo/,N,😮‍💨 삶에 지쳤다면 봄도 다가온 지금.....힐링해도 좋잖아?
knewnew.official,knewnew.life,2026-04-02,https://www.instagram.com/p/DWneQt3kXAl/,N,🥤컵 슬리브까지 귀여워야
knewnew.official,knewnew.official,2026-04-02,https://www.instagram.com/p/DWnXYjfkZK-/,N,📅 이번 주 F&B 팝업 소식 HOT 5
knewnew.official,knewnew.official,2026-04-02,https://www.instagram.com/p/DWnQkG-EbAg/,N,"🏫 새내기 경희대생 여러분, 선배가 알려줄게요."
knewnew.official,knewnew.official,2026-04-02,https://www.instagram.com/p/DWnJpkskwEc/,Y,#광고 🍩 크리스피크림 도넛 드디어 해냈다
knewnew.official,knewnew.official,2026-04-01,https://www.instagram.com/p/DWlpcEWE4nF/,N,📆 만우절의 축복이 끝이 없네
knewnew.official,knewnew.official,2026-04-01,https://www.instagram.com/p/DWlh3c0ER5t/,Y,#제작지원 🔮 기묘하게 빠져드는 풍스터치...
knewnew.official,knewnew.official,2026-04-01,https://www.instagram.com/p/DWlbyhdE4nu/,N,"🌊 인천 개항로에 이런 곳, 왜 모르고 있었지."
knewnew.official,knewnew.official,2026-04-01,https://www.instagram.com/p/DWksIoRkVvO/,N,"❄️ 쵸코하임 급속 냉각기, 무조건 사죠."
knewnew.official,knewnew.official,2026-04-01,https://www.instagram.com/p/DWkrvN6kSSu/,N,#월간운세 💘 나도 이걸로 솔로 탈출 각
knewnew.official,knewnew.official,2026-04-01,https://www.instagram.com/p/DWkk6AKBQuX/,Y,#제작지원 🍚 햇반에서 밥이 아니라 차를요...?
knewnew.official,knewnew.official,2026-04-01,https://www.instagram.com/p/DWkeC5ekTHx/,N,🧑🏻 : 여긴 어떻게 찾았대?
knewnew.official,knewnew.official,2026-03-31,https://www.instagram.com/p/DWi96JdkcVz/,N,"😊 잘생긴 남자, 이케맨을 아시나요?"
knewnew.official,knewnew.official,2026-03-31,https://www.instagram.com/p/DWi3A6hEbUe/,N,"🫵🏻 전주에서 한옥마을만 가는 거기 너, 중앙동 느낌 좀 봐."
knewnew.official,knewnew.official,2026-03-31,https://www.instagram.com/p/DWiwJCsEzS4/,N,🚪 요즘 내 송파구 아지트는 여기.
knewnew.official,knewnew.official,2026-03-31,https://www.instagram.com/p/DWibjz8Ea7n/,Y,"#제작지원 ✊🏻 여러분, 이게 마지막 기회입니다."
knewnew.official,knewnew.official,2026-03-31,https://www.instagram.com/p/DWiUs58kVLs/,N,"👀 급식인데 소금빵에, 포케까지?"
knewnew.official,knewnew.official,2026-03-31,https://www.instagram.com/p/DWiTTBvEVS4/,N,🚌 요즘 고터 옥상 삼겹이 핫하답니다.
knewnew.official,knewnew.official,2026-03-31,https://www.instagram.com/p/DWiTIjdEXvI/,N,👨‍🍳 영혼...을!! 조려 만든 케이스?
knewnew.official,knewnew.official,2026-03-31,https://www.instagram.com/p/DWiSJ_3kbRW/,N,"💚 피스타치오 덕후들, 크라운이 일 냈습니다."
knewnew.official,knewnew.official,2026-03-31,https://www.instagram.com/p/DWiNyz-EftD/,Y,#제작지원 📢 미피 러버들은 어서 모이세요.
knewnew.official,knewnew.official,2026-03-31,https://www.instagram.com/p/DWiG7cGk5LP/,N,🌞️ 봄 햇빛 맛집은 역시 한남동이지
knewnew.official,knewnew.official,2026-03-31,https://www.instagram.com/p/DWiAJZ_BGie/,Y,#제작지원 🪥 네? 말차향 치약? 아이스크림 치약?
knewnew.official,knewnew.official,2026-03-31,https://www.instagram.com/p/DWh5OfVkx5o/,N,🪩 신당동 힙쟁이들은 이렇게 놀아.
knewnew.official,knewnew.official,2026-03-30,https://www.instagram.com/p/DWgf8bBkZlU/,N,❌ 수원 행궁동에는 카페만 있는거 아닙니다 !
knewnew.official,knewnew.official,2026-03-30,https://www.instagram.com/p/DWgZFBxkV__/,N,"🇺🇸 2006년, 미국 하이틴은 이거?"
knewnew.official,knewnew.official,2026-03-30,https://www.instagram.com/p/DWgSTSyk10w/,N,"🚘 이번주말, 나는 벚꽃보러 경주로 떠날래~"
knewnew.official,knewnew.life,2026-03-30,https://www.instagram.com/p/DWgEdaZEYlZ/,N,"🍎 미피러버라면, 세라믹 미피도 사랑하죠..."
knewnew.official,knewnew.official,2026-03-30,https://www.instagram.com/p/DWf2vYwkSH-/,Y,#제작지원 💌 VIP행사에 파티도 초대해준다고.
knewnew.official,knewnew.official,2026-03-30,https://www.instagram.com/p/DWfygMGEQw9/,N,"🎃 호박 인절미의 변신은 무죄,"
knewnew.official,knewnew.life,2026-03-30,https://www.instagram.com/p/DWfv6U5EcP8/,N,"🍞 이게 집게 핀이야, 빵이야?"
knewnew.official,knewnew.official,2026-03-30,https://www.instagram.com/p/DWfiJbGk4mw/,N,☕️ 아인슈페너 맛집은 방배동이야
knewnew.official,knewnew.official,2026-03-30,https://www.instagram.com/p/DWfb4zChUqx/,Y,#제작지원 👀 이 레시피 아직 모르시나요?
knewnew.official,knewnew.official,2026-03-30,https://www.instagram.com/p/DWfUfgsk0QY/,N,🌸 기다리던 봄의 냄새가 찾아왔다.
knewnew.official,knewnew.life,2026-03-29,https://www.instagram.com/p/DWd7L5Jka47/,N,❤️‍🩹 이게 사실 스트레스 볼의 원조랍니다.
knewnew.official,knewnew.official,2026-03-29,https://www.instagram.com/p/DWd0XOOE55k/,N,🏡 바로 현지인처럼 베를린 여행하자
knewnew.official,knewnew.life,2026-03-29,https://www.instagram.com/p/DWdtZ-IEW6h/,N,🍙 이 대왕 오니기리 안에는
knewnew.official,knewnew.official,2026-03-29,https://www.instagram.com/p/DWdR_orkcPm/,N,👁️ 에디터가 주목하는 NEW F&B 브랜드들! 🆕
knewnew.official,knewnew.life,2026-03-29,https://www.instagram.com/p/DWdLE3AkYYO/,N,🥕 당근 싫어 인간도 좋아할 스푼? 🥄
knewnew.official,knewnew.official,2026-03-29,https://www.instagram.com/p/DWdEPjskZ7E/,Y,#제작지원 🍪 이번 만우절은 여기서 해결합니다.
knewnew.official,knewnew.official,2026-03-29,https://www.instagram.com/p/DWc9gfiEfah/,N,"📱 인스타 최신 유행, 펀칭 사꾸!"
knewnew.official,knewnew.official,2026-03-29,https://www.instagram.com/p/DWcvryIEdk3/,N,"🛌 그럼, 늦잠 자고 천천히 만나도 되겠다."
knewnew.official,knewnew.official,2026-03-28,https://www.instagram.com/p/DWbhdOKE2sX/,N,🇫🇷 파리에서 발견한 한국 학생의 느좋 작품
knewnew.style,knewnew.official,2026-03-28,https://www.instagram.com/p/DWbhdOKE2sX/,N,🇫🇷 파리에서 발견한 한국 학생의 느좋 작품
knewnew.official,knewnew.official,2026-03-28,https://www.instagram.com/p/DWbWJ4gE8AU/,N,🥛 자판기 최애 메뉴가 율무차였던 사람?
knewnew.official,knewnew.official,2026-03-28,https://www.instagram.com/p/DWbPi6kk7U_/,N,"🚉 답십리역에서 만나자, 멀리 갈 필요 없잖아."
knewnew.official,knewnew.official,2026-03-28,https://www.instagram.com/p/DWbMGD0Ea_8/,N,🤷🏻‍♀️ 이거 진짜 AI가 아니라고요?
knewnew.official,knewnew.official,2026-03-28,https://www.instagram.com/p/DWbIpwYEQlY/,Y,"#제작지원 ⚾️ 야구 개막만 기다린 사람들, 여기 모여라!"
knewnew.official,knewnew.official,2026-03-28,https://www.instagram.com/p/DWa66_FEQf4/,N,🐳 부산 해리단길 매력쟁이 아이가
knewnew.official,knewnew.official,2026-03-28,https://www.instagram.com/p/DWatN2lkRnq/,N,💫 대구 청춘들은 여기서 논다더라.
knewnew.official,knewnew.life,2026-03-28,https://www.instagram.com/p/DWamVuzkkRp/,N,"✨ 껌통 이제 버리지 마세요,"
knewnew.official,knewnew.official,2026-03-28,https://www.instagram.com/p/DWaffTMhCGv/,Y,#제작지원 🍔 베이컨 토마토 디럭스가 프레시해졌다고요?
knewnew.official,knewnew.official,2026-03-28,https://www.instagram.com/p/DWaYlRDkzNq/,N,"✨ 아시아 미식계의 올해 성적표, 나왔습니다."
knewnew.official,knewnew.official,2026-03-28,https://www.instagram.com/p/DWaK5aMEbW0/,N,"🛌 그럼, 늦잠 자고 천천히 만나도 되겠다."
knewnew.official,knewnew.official,2026-03-27,https://www.instagram.com/p/DWYxpPskxL-/,N,"🌀 홍대, 연남동 갔는데 2차 갈 곳 없다고?"
knewnew.official,knewnew.life,2026-03-27,https://www.instagram.com/p/DWYvrGsEsFz/,N,해외의 도자기 공예가 이리도 아트적 🖼️
knewnew.official,knewnew.official,2026-03-27,https://www.instagram.com/p/DWYnR-zkU3J/,N,✍🏻 이제부터 신부동은 ‘Hip’동이라고 부르겠습니다.
knewnew.official,knewnew.official,2026-03-27,https://www.instagram.com/p/DWYj5QwkwOD/,N,⚡️시끄러운 도심을 벗어나 자연과 함께 여유로운 힐링을.
knewnew.official,knewnew.official,2026-03-27,https://www.instagram.com/p/DWYdAxHkf9n/,Y,#제작지원 ☝🏻 내가 이 동네에서 1-3차 다 짜 왔어.
knewnew.official,knewnew.official,2026-03-27,https://www.instagram.com/p/DWYZuookR4O/,N,🥄 신세계에 웰니스 카페의 등장이라.
knewnew.official,knewnew.official,2026-03-27,https://www.instagram.com/p/DWYWISTkTAT/,Y,#광고 🍁 캐나다 감성 끝판 조합 등장했다.
knewnew.official,knewnew.official,2026-03-27,https://www.instagram.com/p/DWYLzLLEaiu/,N,"🛌 그럼, 늦잠 자고 천천히 만나도 되겠다."
knewnew.official,knewnew.official,2026-03-27,https://www.instagram.com/p/DWYIZFykS23/,Y,#제작지원 🎥 정말 이게 AI 영상이라고요?
knewnew.official,knewnew.official,2026-03-27,https://www.instagram.com/p/DWX1gKRERn0/,N,🎂️ 대전 여행 가시는 분 주목.
knewnew.official,knewnew.official,2026-03-27,https://www.instagram.com/p/DWXzwkjkydT/,N,🤛🏻사장님들의 천재적인 아이디어가 더해져
knewnew.official,knewnew.official,2026-03-27,https://www.instagram.com/p/DWXmAbAEasH/,N,🏝️ 제주도가 이렇게 빈티지 맛집인지 몰랐어
knewnew.official,knewnew.official,2026-03-26,https://www.instagram.com/p/DWXYTpcEXIW/,N,💌 딩동 - 당신을 위한 3월 4주차 신상템 알림 🔔
knewnew.official,knewnew.official,2026-03-26,https://www.instagram.com/p/DWWTrqCE7QD/,N,🍺퇴근한 도쿄 직장인들 사이에 끼어 한잔?
knewnew.official,knewnew.official,2026-03-26,https://www.instagram.com/p/DWWMwMnkeBd/,N,😎 연희동 느좋 피플에게 받아왔습니다.
knewnew.official,knewnew.official,2026-03-26,https://www.instagram.com/p/DWWJY-HEeJv/,N,"🤳 음식샷, 이렇게 찍는거였어."
knewnew.official,knewnew.official,2026-03-26,https://www.instagram.com/p/DWWF7CIEQMr/,Y,#광고 ☘️ 이거 피크닉템으로 뜨겠네요.
knewnew.official,knewnew.life,2026-03-26,https://www.instagram.com/p/DWWCQERkTiq/,N,🍩 단친자 주우재 픽 간식은? ✔️
knewnew.official,knewnew.official,2026-03-26,https://www.instagram.com/p/DWV_AmGEQFL/,N,✅ 기대만큼 좋은 강원 원주 체크리스트
knewnew.official,knewnew.official,2026-03-26,https://www.instagram.com/p/DWV4OzQEXW8/,Y,"#광고 🍹제로 칼로리여도, 맛있어야죠.​"
knewnew.official,knewnew.official,2026-03-26,https://www.instagram.com/p/DWVqc9bkdjt/,N,🕰️영화속에서 본 것만같은 그 풍경들 그 낭만.
knewnew.official,knewnew.official,2026-03-26,https://www.instagram.com/p/DWVjnOSkQEP/,Y,#제작지원 👀 커피빈 이번 만우절 심상치 않다…
knewnew.official,knewnew.official,2026-03-26,https://www.instagram.com/p/DWVV6TeE2oR/,N,🕰️️ 중구가 이렇게 빈티지 무드 맛집이야
knewnew.official,knewnew.official,2026-03-26,https://www.instagram.com/p/DWVQzuYkXH_/,N,"🌼 GD 호두과자, 이건 못 참지."
knewnew.official,knewnew.official,2026-03-26,https://www.instagram.com/p/DWVPS0dERGU/,N,🌸 이번 봄에는 벚꽃 구경 하지말고 먹자고?
knewnew.official,knewnew.official,2026-03-26,https://www.instagram.com/p/DWVPBhnE1cq/,N,🚉 용산역 옆 골목에 이런 데가?
knewnew.official,knewnew.official,2026-03-26,https://www.instagram.com/p/DWVBRLzEQTj/,N,"🏫 예비 부산대생 여러분, 선배가 알려줄게요."
knewnew.official,knewnew.official,2026-03-25,https://www.instagram.com/p/DWUzj3gETUa/,N,📅 이번 주 F&B 팝업 소식 HOT 5
knewnew.official,knewnew.official,2026-03-25,https://www.instagram.com/p/DWToDSXEacT/,N,🇪🇸 바르셀로나 처음이면 이렇게만 가면 돼
knewnew.official,knewnew.official,2026-03-25,https://www.instagram.com/p/DWTkhc3ESc_/,N,✨ 그 시절 무도 떠오르는 할명수 속 기사식당 모음!
knewnew.official,knewnew.official,2026-03-25,https://www.instagram.com/p/DWThLAfB0xB/,Y,#제작지원 🏁  형원 & 기현이랑 같이 보고 왔어요
knewnew.official,knewnew.life,2026-03-25,https://www.instagram.com/p/DWTdlZUEvZ2/,N,🎨 나는 도화지 대신 식빵.
knewnew.official,knewnew.official,2026-03-25,https://www.instagram.com/p/DWTaUyjkarC/,N,"🤦🏻 있지, 내가 이래서 평택을 못떠나."
knewnew.official,knewnew.official,2026-03-25,https://www.instagram.com/p/DWTWyyBEfOD/,N,📆 우리 같이 와플...먹을래?
knewnew.official,knewnew.official,2026-03-25,https://www.instagram.com/p/DWTTXbTk9Vl/,Y,#광고 ✨북촌에서 포토제닉 한 스폿 발견
knewnew.official,knewnew.official,2026-03-25,https://www.instagram.com/p/DWTMjkDESdQ/,Y,#제작지원 #EVENT 👀 캡슐 커피로 이런 메뉴까지 만들 수 있다고?
knewnew.official,knewnew.official,2026-03-25,https://www.instagram.com/p/DWSxIQhE4zS/,Y,#제작지원 ❗️AI로 이제 이것까지 된다고?
knewnew.official,knewnew.official,2026-03-25,https://www.instagram.com/p/DWSwPsxEVjT/,N,🌿️ 밀크티 러버 주목.
knewnew.official,knewnew.official,2026-03-25,https://www.instagram.com/p/DWStQRYESh_/,N,"✨ 쌀포대인 줄 알았는데, 누네띠네였습니다.🌟"
knewnew.official,knewnew.official,2026-03-25,https://www.instagram.com/p/DWSsAuCkawd/,N,☕️ 아모멘토와 리셉션이 말아주는 킷사텐?
knewnew.official,knewnew.official,2026-03-25,https://www.instagram.com/p/DWScgSzkc6Q/,N,"🫂 엄마, 사랑해 그리고 건강해!"
knewnew.official,knewnew.official,2026-03-24,https://www.instagram.com/p/DWRDPwhkX_u/,N,"망원동 느좋 피플들 사이에 도는 2차 리스트,"
knewnew.official,knewnew.official,2026-03-24,https://www.instagram.com/p/DWQ8Ym9kZMQ/,N,"🧾 26년을 강타할 영수증샷,"
knewnew.official,knewnew.official,2026-03-24,https://www.instagram.com/p/DWQ1g9GEd_t/,N,📝 한국의 소도시 감성 낭낭한 곳은 충주시가 맞다.
knewnew.official,knewnew.official,2026-03-24,https://www.instagram.com/p/DWQytwckWGQ/,N,💅🏻 네일아트 하셨나요? 그럼 카페로 달려갑시다. ☕️
knewnew.official,knewnew.official,2026-03-24,https://www.instagram.com/p/DWQnzC1hXBY/,Y,#제작지원 #EVENT 🫢 샐러디에서 파스타를? 그것도 김희은 셰프님이랑?
knewnew.official,knewnew.official,2026-03-24,https://www.instagram.com/p/DWQVmepEeGB/,N,"🚊 이번 주말은 용산, 신용산 쪽으로 고."
knewnew.official,knewnew.official,2026-03-24,https://www.instagram.com/p/DWQKt03ka-0/,N,✨ 몬치치에 이어 치이카와?
knewnew.official,knewnew.official,2026-03-24,https://www.instagram.com/p/DWQKZbakSa9/,N,"🤫 쉿. 여러분만 아세요,"
knewnew.official,knewnew.official,2026-03-24,https://www.instagram.com/p/DWQIRYmEfh-/,N,"🍓딸기, 먹지 마세요. 줄 이어폰에 양보하세요."
knewnew.official,knewnew.official,2026-03-24,https://www.instagram.com/p/DWQFW2yk11M/,N,#EVENT 🍺 흑석동에 이런 이자카야가...
knewnew.official,knewnew.official,2026-03-24,https://www.instagram.com/p/DWQCjqrk5MM/,N,사랑스러운 그녀가 내 끼니를 걱정하다니 💧
knewnew.official,knewnew.official,2026-03-24,https://www.instagram.com/p/DWP-j3BESv3/,Y,"#제작지원 👀 틱톡에서만 보던 고추장 레시피,"
knewnew.official,knewnew.official,2026-03-24,https://www.instagram.com/p/DWP3pcHkcuB/,N,🌱 날이 많이 풀려 점점 따뜻해지는 요즘.
knewnew.official,knewnew.official,2026-03-23,https://www.instagram.com/p/DWOecm4Ea1-/,N,🫢의정부에서 부대찌개만 드시고 오신다고요?
knewnew.official,knewnew.official,2026-03-23,https://www.instagram.com/p/DWOQpC5Ee-p/,N,"⏰ 예쁜 게 많아, 구경하느라 시간 순삭."
knewnew.official,knewnew.official,2026-03-23,https://www.instagram.com/p/DWOHFGSEdRQ/,N,🍭 요즘 이게 또 유행이랍니다.
knewnew.official,knewnew.official,2026-03-23,https://www.instagram.com/p/DWN1O8NkU6G/,Y,#제작지원 🆕 젤리 맛집 츄파춥스 신상 떴다.
knewnew.official,knewnew.official,2026-03-23,https://www.instagram.com/p/DWNl3x1kR9P/,N,🌀 향과 소리가 나는 도라에몽 키링 등장!
knewnew.official,knewnew.official,2026-03-23,https://www.instagram.com/p/DWNkYPZkbC-/,N,"⚾️ 전국의 승리 요정들 주목,"
knewnew.official,knewnew.official,2026-03-23,https://www.instagram.com/p/DWNikq_Ed5B/,N,🛒 이제 한국에서도 살 수 있는 MUJI 토핑 컵 도시락!
knewnew.official,knewnew.official,2026-03-23,https://www.instagram.com/p/DWNgogJE8s3/,N,🥓 전국 도감 이번엔 <삼겹살 편>
knewnew.official,knewnew.official,2026-03-23,https://www.instagram.com/p/DWNS2gYE_08/,N,"🗣️ (속닥속닥) 있잖아, 나는 양천구 감성이 그렇게 좋더라?"
knewnew.official,knewnew.official,2026-03-22,https://www.instagram.com/p/DWL5kQpkd6l/,N,👀 대전 저녁 바이브는 어떤지 궁금하다고?
knewnew.official,knewnew.official,2026-03-22,https://www.instagram.com/p/DWLlBILkQ1R/,N,📸 너 사진 찍은 데 어디야? 너무 궁금해
knewnew.official,knewnew.official,2026-03-22,https://www.instagram.com/p/DWLd_XckZDV/,N,"🎂 라이즈 은석의 생일 케익 리액션,"
knewnew.official,knewnew.official,2026-03-22,https://www.instagram.com/p/DWLQdUEk3aS/,N,👁️ 에디터가 주목하는 NEW F&B 브랜드들! 🆕
knewnew.official,knewnew.official,2026-03-22,https://www.instagram.com/p/DWK7zktkUzA/,N,"📷 이 쿠키는 느좋인데, 맛도 좋대."
knewnew.official,knewnew.official,2026-03-22,https://www.instagram.com/p/DWKuCFKEWCy/,N,"🛌 그럼, 늦잠 자고 천천히 만나도 되겠다."
knewnew.official,knewnew.official,2026-03-21,https://www.instagram.com/p/DWJN66ME2zV/,N,🍜 마음대로 조합하는 마라탕 이모티콘 등장.
knewnew.official,knewnew.official,2026-03-21,https://www.instagram.com/p/DWJANTYkTL3/,N,✨사실 광주광역시에도 감성이 넘친답니다...?
knewnew.official,knewnew.official,2026-03-21,https://www.instagram.com/p/DWI-NPiEeg4/,N,순대국집 계정이 왜이리 릴스 맛집이야 💦
knewnew.official,knewnew.official,2026-03-21,https://www.instagram.com/p/DWIrp26kyq3/,N,🥢 다채로운 맛의 도시 전주.
knewnew.official,knewnew.official,2026-03-21,https://www.instagram.com/p/DWIktyuESEH/,N,🍺이따 오후에 만나 카페 들렸다 이자카야에서 한잔할까?
knewnew.official,knewnew.official,2026-03-21,https://www.instagram.com/p/DWId7iKEa4a/,N,🔔 주간 빵지순례 알림 ON
knewnew.official,knewnew.official,2026-03-21,https://www.instagram.com/p/DWIXBpWkze4/,N,🐈 이 책은 고양이가 먹지 않도록 주의해 주세요!
knewnew.official,knewnew.official,2026-03-21,https://www.instagram.com/p/DWIJTzQkRxO/,N,"🛌 그럼, 늦잠 자고 천천히 만나도 되겠다."
knewnew.official,knewnew.official,2026-03-20,https://www.instagram.com/p/DWGwDIDEfgO/,N,"🫢️ 힙당동까지 갔는데, 2차 갈 곳 없다고?"
knewnew.official,knewnew.official,2026-03-20,https://www.instagram.com/p/DWGv_xgETkA/,N,"🩵 연프의 근본, 핱시 5 데이트 궁예 도착"
knewnew.official,knewnew.official,2026-03-20,https://www.instagram.com/p/DWGiWRjEX0g/,N,"🚛 친구야, 용인 수지구로 이사 올 생각 없어?"
knewnew.official,knewnew.official,2026-03-20,https://www.instagram.com/p/DWGpMaohBfy/,N,이걸 어떻게 골라요 .... 💭
knewnew.official,knewnew.official,2026-03-20,https://www.instagram.com/p/DWGbexekbAQ/,Y,"#광고 핫플 압구정, 이렇게 다시 뜨나요?"
knewnew.official,knewnew.official,2026-03-20,https://www.instagram.com/p/DWF_7GnkYz7/,N,🍓 초코 바게트 먹으면 늦은 거임.
knewnew.official,knewnew.official,2026-03-20,https://www.instagram.com/p/DWF5GWTkxei/,Y,"#제작지원 #EVENT ☘️ 말차코어, 이렇게 강해진다고?"
knewnew.official,knewnew.official,2026-03-20,https://www.instagram.com/p/DWF4OPVEWEq/,N,"🥢 곽범 왈, 건희 소스 나가 범이 간다."
knewnew.official,knewnew.official,2026-03-20,https://www.instagram.com/p/DWF2rmtkcQJ/,N,"👩🏻‍🍳 윤남노 새 레스토랑, 5월까지 예약마감이라고요?"
knewnew.official,knewnew.official,2026-03-20,https://www.instagram.com/p/DWF19rIEZJm/,N,"🍧 빙수 러버 주목, 이태원 빵어니스타가 돌아왔습니다."
knewnew.official,knewnew.official,2026-03-20,https://www.instagram.com/p/DWFyMlOkR38/,N,💧난 ㄱr끔 ュんı절○l ュ己l워.....★
knewnew.official,knewnew.official,2026-03-20,https://www.instagram.com/p/DWFrUZmkVlO/,Y,#제작지원 #풀무원 
knewnew.official,knewnew.official,2026-03-20,https://www.instagram.com/p/DWFkjYckY8Y/,N,🎶 둘이서 제주도 애월로 떠나기 전 여긴 체크해
knewnew.official,knewnew.official,2026-03-19,https://www.instagram.com/p/DWFdjJ0E0ES/,N,"✨ 오늘만큼은, 행복해져요 우리 🫶🏻"
knewnew.official,knewnew.official,2026-03-19,https://www.instagram.com/p/DWFWwvlkSGM/,N,💌 딩동 - 당신을 위한 3월 3주차 신상템 알림 🔔
knewnew.official,knewnew.official,2026-03-19,https://www.instagram.com/p/DWELP1Ekf7k/,N,📸 비주얼에 카메라부터 들게 되는 외출.
knewnew.official,knewnew.official,2026-03-19,https://www.instagram.com/p/DWD9c2kkaO3/,N,"🔖 속초 출발 전, 여긴 북마크하고 가."
knewnew.official,knewnew.official,2026-03-19,https://www.instagram.com/p/DWD2ldOkcXo/,N,✨ 요즘은 장볼 때도 느좋이어야 하네..
knewnew.style,knewnew.official,2026-03-19,https://www.instagram.com/p/DWD2ldOkcXo/,N,✨ 요즘은 장볼 때도 느좋이어야 하네..
knewnew.official,knewnew.official,2026-03-19,https://www.instagram.com/p/DWDzKLkkTfG/,N,🤦🏻 이젠 봄동이 양식도 점령할 기세.
knewnew.official,knewnew.official,2026-03-19,https://www.instagram.com/p/DWDvzHukSwf/,Y,#제작지원 🔥 롯데리아 X 온정돈까스 콜라보라니.
knewnew.official,knewnew.official,2026-03-19,https://www.instagram.com/p/DWDfLqxkezJ/,N,"🍕 다들 오늘 6시, 캘박하세요."
knewnew.official,knewnew.official,2026-03-19,https://www.instagram.com/p/DWDQ0gCEYkr/,N,👀 이거 진짜예요?
knewnew.official,knewnew.official,2026-03-19,https://www.instagram.com/p/DWDQP_FkU0w/,N,"🍙 오니기리 비주얼, 진짜 끝이 없으시다"
knewnew.official,knewnew.official,2026-03-19,https://www.instagram.com/p/DWDNNCmk873/,N,🍨 나영 언니 저도 좀 데려가 주세요...
knewnew.official,knewnew.official,2026-03-19,https://www.instagram.com/p/DWDDqvcE6nn/,N,🐙 쭈꾸미 & 미나리 김밥은 나 처음보네..
knewnew.official,knewnew.official,2026-03-19,https://www.instagram.com/p/DWC_v6ikQsq/,N,"🏫 예비 고려대생 여러분, 선배가 알려줄게요."
knewnew.official,knewnew.official,2026-03-18,https://www.instagram.com/p/DWCx_ukEQLK/,N,📅 이번 주 F&B 팝업 소식 HOT 5
knewnew.official,knewnew.official,2026-03-18,https://www.instagram.com/p/DWBmfnjESQl/,N,🤳🏻 베를린에서는 핀터맛 여행 가능하다는 거 알아?
knewnew.official,knewnew.official,2026-03-18,https://www.instagram.com/p/DWBYtSKkVoy/,N,"🚛 친구야, 안산시 상록구로 이사 올 생각 없어?"
knewnew.official,knewnew.official,2026-03-18,https://www.instagram.com/p/DWBOEcTEUyJ/,N,"🙊 내 첫 히퍼는 감자숭이, 너로 정했다."
knewnew.official,knewnew.official,2026-03-18,https://www.instagram.com/p/DWAa9nUkacQ/,N,"🧑🏻🩷🧒🏻 엄마와 딸, 모두 만족 100%"
knewnew.official,knewnew.official,2026-03-17,https://www.instagram.com/p/DV_BmvVkbcy/,N,"🌀 을지로 2차, 어디 갈지 고민이라면?"
knewnew.official,knewnew.official,2026-03-17,https://www.instagram.com/p/DV-z74kk2Mm/,N,🫧 귀여운 디저트가 땡길땐 원주시로.
knewnew.official,knewnew.official,2026-03-17,https://www.instagram.com/p/DV-YbfiEV3O/,Y,"#제작지원 🌿  쑥 코어, 전 뜬다고 봅니다."
knewnew.official,knewnew.official,2026-03-17,https://www.instagram.com/p/DV95gSfk-hd/,N,"👩‍❤️‍👨 자기야, 오늘은 컨셉은 빈티지야."
knewnew.official,knewnew.official,2026-03-16,https://www.instagram.com/p/DV8cz73ERJn/,N,👀 부천 느좋 피플들은 여기서 모인다더라.
knewnew.official,knewnew.official,2026-03-16,https://www.instagram.com/p/DV8Q1bpkTm-/,N,💘골목 감성부터 바다 낭만을 모두 담은 코스.
knewnew.official,knewnew.official,2026-03-15,https://www.instagram.com/p/DV5xJ5WEaQ0/,N,🙋🏻‍♀️ 나랑 낭만 충전하러 갈 사람?
knewnew.official,knewnew.official,2026-03-15,https://www.instagram.com/p/DV5Ozy2k50S/,N,👁️ 에디터가 주목하는 NEW F&B 브랜드들! 🆕
knewnew.official,knewnew.official,2026-03-15,https://www.instagram.com/p/DV46SvRkWwS/,N,"🛌 그럼, 늦잠 자고 천천히 만나도 되겠다."
knewnew.official,knewnew.official,2026-03-14,https://www.instagram.com/p/DV36H09E7B5/,N,🍜 농심이 이렇게 열심히 해..
knewnew.official,knewnew.official,2026-03-14,https://www.instagram.com/p/DV3MbtmEamj/,N,😮‍💨 삶에 지쳤다면… 잠깐 도망가도 좋잖아?
knewnew.official,knewnew.official,2026-03-14,https://www.instagram.com/p/DV2-prMkTvw/,N,💗인천 부평구 이렇게 귀여움이 넘쳐...
knewnew.official,knewnew.official,2026-03-13,https://www.instagram.com/p/DVz0QZjkZM3/,N,🙊 이거 AI 이미지 아니고 진짜라고 합니다.
knewnew.official,knewnew.official,2026-03-13,https://www.instagram.com/p/DVzi9_fkU2F/,N,"💪🏻 건강관리, 식단 중에 약속이 잡혔다면?"
knewnew.official,knewnew.official,2026-03-12,https://www.instagram.com/p/DV0npKhEf-F/,Y,💌 딩동 - 당신을 위한 3월 2주차 신상템 알림 🔔
knewnew.official,knewnew.official,2026-03-12,https://www.instagram.com/p/DVyJpz1EUv2/,N,☕️ 경북 구미가 이렇게 매력적인지 몰랐어
knewnew.official,knewnew.official,2026-03-12,https://www.instagram.com/p/DVyG22yEUTA/,Y,#제작지원 🎥 AI? 사람? 구분도 안되는 AI 영화 배우 등장
knewnew.official,knewnew.official,2026-03-12,https://www.instagram.com/p/DVyCxQTkQtw/,Y,#제작지원 😮 으아 .. 체력이 예전 같지 않아!
knewnew.official,knewnew.official,2026-03-12,https://www.instagram.com/p/DVx8ZXpEXot/,N,👃🏻 츄에게 향따 당한 썰 풉니다.. 🤍
knewnew.official,knewnew.official,2026-03-12,https://www.instagram.com/p/DVx78jUEVhb/,N,🤔 건대와 어린이대공원 사이 2차 어디 가지?
knewnew.official,knewnew.official,2026-03-12,https://www.instagram.com/p/DVw-KQVkRtU/,N,"🚛 친구야, 양천구로 이사 올 생각 없어?"
knewnew.official,knewnew.official,2026-03-11,https://www.instagram.com/p/DVwwZUbkbcK/,N,📅 이번 주 F&B 팝업 소식 HOT 5
knewnew.official,knewnew.official,2026-03-11,https://www.instagram.com/p/DVvk4gxkeHt/,N,🏫 예비 충남대생들을 위해 충남대 선배가 알려드릴게요!
knewnew.official,knewnew.official,2026-03-11,https://www.instagram.com/p/DVvXJM3kZdc/,N,🌹 위례신도시가 이렇게 낭만적이라니
knewnew.official,knewnew.official,2026-03-11,https://www.instagram.com/p/DVvJaIOAU91/,Y,#제작지원 📱 갤럭시 S26 울트라가 왜 이리 열일해 ..
knewnew.official,knewnew.official,2026-03-11,https://www.instagram.com/p/DVunG1Dk_m0/,N,#EVENT 🤤 심지어 라구 봄동비빔밥..
knewnew.official,knewnew.official,2026-03-11,https://www.instagram.com/p/DVugMW2ky5U/,Y,#제작지원 🚨 생크림 맛집 투썸이 작정했다…
knewnew.official,knewnew.official,2026-03-11,https://www.instagram.com/p/DVuZUankeFH/,N,🗺️ 마포의 중심에서 숲길과 빌딩숲이 맞닿은 곳.
knewnew.official,knewnew.official,2026-03-10,https://www.instagram.com/p/DVtAIFXkSLU/,N,🍊️ 서귀포 제대로 즐기시라고 끓여왔습니다.
knewnew.official,knewnew.official,2026-03-10,https://www.instagram.com/p/DVsyUXBEXRZ/,N,"🧑🏻‍🎓혼자 어떻게 놀아야할지 고민 된다면, 혼놀 마스터가 알려줄게!"
knewnew.official,knewnew.official,2026-03-10,https://www.instagram.com/p/DVsJLxzEW6w/,Y,#제작지원 #EVENT ☕️ 이번 커피 엑스포 라인업 진짜 귀하다..
knewnew.official,knewnew.official,2026-03-10,https://www.instagram.com/p/DVr7bdlEUBD/,Y,"#제작지원 🌟 요즘 피부 예민했는데, 이때 쟁여야겠다"
knewnew.official,knewnew.official,2026-03-10,https://www.instagram.com/p/DVr0hQLEcbA/,N,🚊️ 강동구 감성의 중심지는 천호역이야.
knewnew.official,knewnew.official,2026-03-09,https://www.instagram.com/p/DVqo_cbkbiM/,N,💌 동네 안에서도 느좋 데이트 가능.
knewnew.official,knewnew.official,2026-03-09,https://www.instagram.com/p/DVqUa8ZE2Rd/,N,#EVENT 🍺 광안리에서 2차로 다들 여기 가던데
knewnew.official,knewnew.official,2026-03-09,https://www.instagram.com/p/DVqNlDfkYuI/,N,"🌹 대단지 속 피어난 반전 감성, 평택 고덕"
knewnew.official,knewnew.official,2026-03-09,https://www.instagram.com/p/DVqGpSpEdG6/,Y,"#제작지원 🧢 개강 생존 패션템, 이구패션위크로 해결하기!"
knewnew.official,knewnew.official,2026-03-09,https://www.instagram.com/p/DVpdeZmk7cv/,N,🏛️ 장충동 스타벅스는 좀 특이하던데?
knewnew.official,knewnew.official,2026-03-09,https://www.instagram.com/p/DVpPyAeER0a/,N,"🏫 예비 세종대생 여러분, 선배가 알려줄게요."
knewnew.official,knewnew.official,2026-03-08,https://www.instagram.com/p/DVnh6GakX4-/,N,🚶🏻‍♂️ 과천시는 감성과 힐링의 도시다.
knewnew.official,knewnew.official,2026-03-08,https://www.instagram.com/p/DVnNVUgEQ6t/,N,👀 소개팅을 곧 앞두고 계신 분들!
knewnew.official,knewnew.official,2026-03-08,https://www.instagram.com/p/DVm4uRMk711/,N,👁 에디터가 주목하는 NEW F&B 브랜드들! 🆕 
knewnew.official,knewnew.official,2026-03-07,https://www.instagram.com/p/DVk9DhnEWo_/,N,🇯🇵 도쿄 갈 때 잠깐 들러도 좋겠다.
knewnew.official,knewnew.official,2026-03-07,https://www.instagram.com/p/DVkoiM7kec3/,N,💧 사실 여긴 알려주고 싶지 않았어요..
knewnew.official,knewnew.official,2026-03-07,https://www.instagram.com/p/DVkT5vdkfHE/,N,"🛌 그럼, 늦잠 자고 천천히 만나도 되겠다."
knewnew.official,knewnew.official,2026-03-06,https://www.instagram.com/p/DVis724EbML/,N,"🎧 광주에서 Chill하게 놀고 싶다면, 동명동으로."
knewnew.official,knewnew.official,2026-03-06,https://www.instagram.com/p/DVilNDUkUJ6/,Y,#제작지원 🍟 맥도날드의 공식 감튀모임은 차원이 달라.
knewnew.official,knewnew.official,2026-03-06,https://www.instagram.com/p/DVifJd2kQua/,N,"✨ 어쩐지, 이 집 미감이 좀 남다르다 했어."
knewnew.official,knewnew.official,2026-03-06,https://www.instagram.com/p/DViYV5vE2cR/,Y,#제작지원 🐼 젤리 맛집 츄파춥스 신상 떴다.
knewnew.official,knewnew.official,2026-03-06,https://www.instagram.com/p/DViRbEsEY-I/,Y,"#제작지원 ⚽️ 요즘 트렌드 ‘풋볼룩’, 미즈노가 맛집이래"
knewnew.official,knewnew.official,2026-03-06,https://www.instagram.com/p/DViDwdWgUYh/,Y,#제작지원 🌸 무인양품에 벚꽃 먹으러 갈 사람?
knewnew.official,knewnew.official,2026-03-06,https://www.instagram.com/p/DVhoRAGEbz_/,Y,#제작지원 💶 티켓값이 만원? 배그 덕후라면 달려가세요.
knewnew.official,knewnew.official,2026-03-06,https://www.instagram.com/p/DVhhVn9ke-X/,N,👚 마포구 망원동 곳곳의 감각적인 빈티지 숍을 탐방하며
knewnew.official,knewnew.official,2026-03-05,https://www.instagram.com/p/DVhTmmJkRd_/,N,💌 딩동 - 당신을 위한 3월 1주차 신상템 알림 🔔
knewnew.official,knewnew.official,2026-03-05,https://www.instagram.com/p/DVgII-Jkc37/,N,"🚌 경기도 안성시 감성, 나에게 안성맞춤"
knewnew.official,knewnew.official,2026-03-05,https://www.instagram.com/p/DVf2W8vkSjr/,N,🧆 이젠 오픈 행사 케이터링으로도 두바이가..
knewnew.official,knewnew.official,2026-03-05,https://www.instagram.com/p/DVfsot9AaFi/,Y,#제작지원 👅 드디어 떴다 GS25 X 최강록 셰프.
knewnew.official,knewnew.official,2026-03-05,https://www.instagram.com/p/DVfL4FTk4yb/,N,🍕 부산 ‘이재모피자’의 숨은 사이드 메뉴는...?
knewnew.official,knewnew.official,2026-03-05,https://www.instagram.com/p/DVe8mXDEdO4/,N,🇧🇪 나랑 벨기에 브뤼셀 낭만 여행해 볼 사람?
knewnew.official,knewnew.official,2026-03-04,https://www.instagram.com/p/DVeu3kFEWwJ/,N,📅 이번 주 F&B 팝업 소식 HOT 5
knewnew.official,knewnew.official,2026-03-04,https://www.instagram.com/p/DVdjURdEY9f/,N,🌀 성수 2차 고민 중이라면.
knewnew.official,knewnew.official,2026-03-04,https://www.instagram.com/p/DVdWCsPEd_d/,N,#뉴뉴로그💡 젤리를 웰치스에 말아먹는다고?
knewnew.official,knewnew.official,2026-03-04,https://www.instagram.com/p/DVdRYLWEblQ/,N,🇫🇷 파리에 진출한 한국 마이크로 커피 브랜드?
knewnew.official,knewnew.official,2026-03-04,https://www.instagram.com/p/DVdH5Z6gftN/,Y,"#제작지원 💸 배민 역대급 할인, 뽕 뽑아야지."
knewnew.official,knewnew.official,2026-03-04,https://www.instagram.com/p/DVc6GrWkUZs/,Y,#제작지원 👅 먼저 맛보고 온 맘스터치 X 후덕죽 셰프.
knewnew.official,knewnew.official,2026-03-04,https://www.instagram.com/p/DVcXwlaEZVe/,N,"🏫 예비 충남대생 여러분, 선배가 알려줄게요."
knewnew.official,knewnew.official,2026-03-03,https://www.instagram.com/p/DVa-eHbkaSl/,N,🚅 광명역만 기억한다면 속상해.
knewnew.official,knewnew.official,2026-03-03,https://www.instagram.com/p/DVak4bKkZh9/,N,🙋🏻 오늘 나랑 삼겹살 번개할 사람?
knewnew.official,knewnew.official,2026-03-03,https://www.instagram.com/p/DVaHkirE1WV/,Y,#제작지원 🕶️ 트렌디하고 감성있는 사람들은 다 여기 있다는데?
knewnew.official,knewnew.official,2026-03-03,https://www.instagram.com/p/DVaAhrakyFC/,N,💌 동네 안에서도 느좋 데이트 가능.
knewnew.official,knewnew.official,2026-03-02,https://www.instagram.com/p/DVYZtGwkQil/,N,✏️ 천천히 걸으며 행복하고 평화로운 베를린 미테로.
knewnew.official,knewnew.official,2026-03-02,https://www.instagram.com/p/DVXwkzyE3uN/,Y,#제작지원 🎀 요즘 글래스헤어가 유행이라고?
knewnew.official,knewnew.official,2026-03-02,https://www.instagram.com/p/DVXOOIrkUmQ/,N,"🏫 예비 서울여대생 여러분, 선배가 알려줄게요"
knewnew.official,knewnew.official,2026-03-01,https://www.instagram.com/p/DVVgTYPEzaN/,N,🤦‍♂️울산 느좋남들의 아지트 모음zip.
knewnew.official,knewnew.official,2026-03-01,https://www.instagram.com/p/DVVSjWsE4rX/,N,🎀 핫하게 떠오르는 패션 아이템 = 로제트?
knewnew.official,knewnew.official,2026-03-01,https://www.instagram.com/p/DVVLtbKE21s/,Y,#제작지원 #EVENT 🤳🏻 갤럭시 스튜디오 요즘 감다살이네.
knewnew.official,knewnew.official,2026-03-01,https://www.instagram.com/p/DVU3EqEk9Hc/,N,👁 에디터가 주목하는 NEW F&B 브랜드들! 🆕 
knewnew.official,knewnew.official,2026-02-28,https://www.instagram.com/p/DVTJSPjgWZI/,Y,#제작지원 🛒 제철 혜택이 푸짐하다길래
knewnew.official,knewnew.official,2026-02-28,https://www.instagram.com/p/DVS7k1eEeYI/,N,"🍁 캐나다 최대 도시, 최대 재미 밴쿠버 여행"
knewnew.official,knewnew.official,2026-02-28,https://www.instagram.com/p/DVSm6WVE0kw/,Y,#제작지원 🥃 퇴근하고 가볍게 일본여행? 가로수길 가면 됨.
knewnew.official,knewnew.official,2026-02-28,https://www.instagram.com/p/DVSgFRkE9NS/,N,✂️ ️이제 케이크도 누끼 따서 먹어야하니..
knewnew.official,knewnew.official,2026-02-28,https://www.instagram.com/p/DVSSTTKE_DC/,N,"🛌 그럼, 늦잠 자고 천천히 만나도 되겠다."
knewnew.official,knewnew.official,2026-02-27,https://www.instagram.com/p/DVQrSYcESvb/,N,🌀 건대 갔는데 너무 북적인다고?
knewnew.official,knewnew.official,2026-02-27,https://www.instagram.com/p/DVQWr8MkR4G/,N,"🧁 요즘 트렌드라는 키키맛, 이 집 잘하네?"
knewnew.style,knewnew.official,2026-02-27,https://www.instagram.com/p/DVQWr8MkR4G/,N,"🧁 요즘 트렌드라는 키키맛, 이 집 잘하네?"
knewnew.official,knewnew.official,2026-02-27,https://www.instagram.com/p/DVQCHiogf_f/,Y,#제작지원 🤷🏻‍♀️ 물티슈가 거기서 거기 아니냐고?
knewnew.official,knewnew.official,2026-02-27,https://www.instagram.com/p/DVPfyu2E0pL/,N,"💌 자기야, 우리도 이번 주말엔 동대구역 어때?"
knewnew.official,knewnew.official,2026-02-26,https://www.instagram.com/p/DVPSDCOE96K/,N,💌 딩동 - 당신을 위한 2월 4주차 신상템 알림 🔔
knewnew.official,knewnew.official,2026-02-26,https://www.instagram.com/p/DVOGfVYERlr/,N,🌀 대전 피플은 여기서 술을 즐긴다.
knewnew.official,knewnew.official,2026-02-26,https://www.instagram.com/p/DVNx_bnkecc/,N,🍸 술 없이도 친해질 수 있는 시대가 왔다.
knewnew.official,knewnew.official,2026-02-26,https://www.instagram.com/p/DVM6-9ukcZE/,N,"🏝️ 뉴질랜드의 낭만적인 북섬, 오클랜드를 아시나요"
knewnew.official,knewnew.official,2026-02-25,https://www.instagram.com/p/DVMwcPek0FD/,N,📅 이번 주 F&B 팝업 소식 HOT 6
knewnew.official,knewnew.official,2026-02-25,https://www.instagram.com/p/DVLhxUTkaMq/,N,🫢 여기면 내향인도 집 밖으로 나온다는데..
knewnew.official,knewnew.official,2026-02-25,https://www.instagram.com/p/DVLa4_LgeQL/,Y,#제작지원 역사 속 인물들이 동계올림픽에 출전한다면? ❄️
knewnew.official,knewnew.official,2026-02-25,https://www.instagram.com/p/DVLUCh3keVv/,N,"🧆 두바이, 이제는 스테디인가 봅니다"
knewnew.official,knewnew.official,2026-02-25,https://www.instagram.com/p/DVLNKF_ESBz/,N,📚 느좋 마케팅 맛집을 파헤치는 #뉴포인트 시리즈!
knewnew.style,knewnew.official,2026-02-25,https://www.instagram.com/p/DVLNKF_ESBz/,N,📚 느좋 마케팅 맛집을 파헤치는 #뉴포인트 시리즈!
knewnew.official,knewnew.official,2026-02-25,https://www.instagram.com/p/DVLGRq2E7FA/,Y,#제작지원 🛒 요즘은 향이 첫인상에 제일 중요.
knewnew.official,knewnew.official,2026-02-25,https://www.instagram.com/p/DVKq2gGkz11/,Y,#제작지원 🌟 이제 너 진짜 영양제 챙겨먹어야 돼.
knewnew.official,knewnew.official,2026-02-25,https://www.instagram.com/p/DVKWOOVkf84/,N,💌 우리 동네 안에서도 느좋 데이트 가능.
knewnew.official,knewnew.official,2026-02-24,https://www.instagram.com/p/DVI86bOESMR/,N,"🛫 유럽 북서부 교통의 요지, 암스테르담으로."
knewnew.official,knewnew.official,2026-02-24,https://www.instagram.com/p/DVI2GHKgcco/,N,#뉴뉴로그💡 해외에서 유행 중이라는 고추장 메로나?
knewnew.official,knewnew.official,2026-02-24,https://www.instagram.com/p/DVIvQ4AEbya/,N,🕶️ 울산 달동 이제 개성파 동네야.
knewnew.official,knewnew.official,2026-02-24,https://www.instagram.com/p/DVInQY4kQT6/,Y,#제작지원 🍫 개그우먼 이수지가 학원까지 개강했대요(대박)
knewnew.official,knewnew.official,2026-02-24,https://www.instagram.com/p/DVIalN0kXmw/,Y,#제작지원 👂🏻 성수동에 70평짜리 청음실 생겼대.
knewnew.official,knewnew.official,2026-02-24,https://www.instagram.com/p/DVITuwbky8Y/,Y,#광고 🥯 이제 건강빵은 편의점에서 산다고?
knewnew.official,knewnew.official,2026-02-24,https://www.instagram.com/p/DVIM5VAExAh/,Y,#제작지원 👀 너네 집 아직까지도 칙칙하니?
knewnew.official,knewnew.official,2026-02-24,https://www.instagram.com/p/DVHxaSkkRJ-/,N,🌰경기 일산은 의외로 빈티지와 감성의 도시다.
knewnew.official,knewnew.official,2026-02-23,https://www.instagram.com/p/DVGYH5sESrp/,N,🌊 느좋 제주 여행의 근본은 역시 애월읍.
knewnew.official,knewnew.official,2026-02-23,https://www.instagram.com/p/DVGKZ1HEa59/,Y,#제작지원 ⌨️ 인위적인 AI는 그만!
knewnew.official,knewnew.official,2026-02-23,https://www.instagram.com/p/DVGDmXQEQDj/,N,#월간운세 💸 내 사주팔자에 딱 맞는 럭키푸드?!
knewnew.official,knewnew.official,2026-02-23,https://www.instagram.com/p/DVF8qtCEyNw/,Y,#제작지원 ☀️ 보검 오빠 + 샌드위치 = 이게 봄이지..
knewnew.official,knewnew.official,2026-02-23,https://www.instagram.com/p/DVFyDpQEUmz/,N,🧊️ 나랑 25일에 스벅 별다방점 달려갈 사람?
knewnew.official,knewnew.official,2026-02-23,https://www.instagram.com/p/DVFMrTAkRQZ/,N,"💌 자기야, 이번 주말엔 용산으로 가볼까?"
knewnew.official,knewnew.official,2026-02-22,https://www.instagram.com/p/DVDzVtykQPZ/,N,🍂 가을이 그립다면 포르투갈 리스본으로.
knewnew.official,knewnew.official,2026-02-22,https://www.instagram.com/p/DVDzVcrE6eI/,Y,#제작지원 🍟 아니 레전드 감튀모임의 재결합이 된다고? 
knewnew.official,knewnew.official,2026-02-22,https://www.instagram.com/p/DVC1kNWE3aL/,N,👁 에디터가 주목하는 NEW F&B 브랜드들! 🆕 
knewnew.official,knewnew.official,2026-02-21,https://www.instagram.com/p/DVAQv7rkSRI/,N,"🛌 그럼, 늦잠 자고 천천히 만나도 되겠다."
knewnew.official,knewnew.official,2026-02-20,https://www.instagram.com/p/DU-pzl9EcT-/,N,🫂 내가 이래서 미아동을 못 떠나..
knewnew.official,knewnew.official,2026-02-20,https://www.instagram.com/p/DU-QedxkcEg/,N,📋 이태원에 느좋 맛집 하나 추가요.
knewnew.official,knewnew.official,2026-02-20,https://www.instagram.com/p/DU-OP_rE0Us/,Y,"#제작지원 🍜 6,900원짜리 편의점 마라샹궈라."
knewnew.official,knewnew.official,2026-02-20,https://www.instagram.com/p/DU-ArDQEYiW/,N,✈️ 리락쿠마 팬은 당장 비행기표 사.
knewnew.official,knewnew.official,2026-02-20,https://www.instagram.com/p/DU95vhYE5GN/,Y,"#제작지원 📣 빵순이 여러분, 정모 일정 떴습니다."
knewnew.official,knewnew.official,2026-02-20,https://www.instagram.com/p/DU9eQDQERZM/,N,💧 중앙로역만 다니면 우리 서운해.
knewnew.official,knewnew.official,2026-02-19,https://www.instagram.com/p/DU9QedQEUkt/,N,💌 딩동 - 당신을 위한 2월 3주차 신상템 알림 🔔
knewnew.official,knewnew.official,2026-02-19,https://www.instagram.com/p/DU8E7_VESAN/,N,🌀 1차는 홍대였다면 2차는 합정으로.
knewnew.official,knewnew.official,2026-02-19,https://www.instagram.com/p/DU7pe8ckcrU/,N,📷 오랫동안 기억에 남을
knewnew.official,knewnew.official,2026-02-19,https://www.instagram.com/p/DU7eyy8kYO2/,Y,#제작지원 꾸준한 다이어트가 어려운 사람? 🙋🏻‍♀️
knewnew.official,knewnew.official,2026-02-19,https://www.instagram.com/p/DU65d7Fk987/,N,🚅 나랑 대전으로 당일치기 여행 갈 사람?
knewnew.official,knewnew.official,2026-02-18,https://www.instagram.com/p/DU6ruE3kc-Y/,N,📅 이번 주 F&B 팝업 소식 HOT 6
knewnew.official,knewnew.official,2026-02-18,https://www.instagram.com/p/DU5ZVcIkXJr/,N,"🏫 예비 성신여대생 여러분, 선배가 알려줄게요."
knewnew.official,knewnew.official,2026-02-18,https://www.instagram.com/p/DU4iWheEStx/,N,🍇 마이 구미가 이렇게 개성이 넘쳐...
knewnew.official,knewnew.official,2026-02-17,https://www.instagram.com/p/DU20f0_E_b-/,N,🥭 추울 땐 따뜻한 나라 베트남 나트랑으로
knewnew.official,knewnew.official,2026-02-17,https://www.instagram.com/p/DU19mFwkw4B/,N,🤜🏻 우리 인천도 감성이 있단 말이다.
knewnew.official,knewnew.official,2026-02-16,https://www.instagram.com/p/DU0PwKjESca/,N,🚄 요즘 부산 2호선 말고 1호선도 뜬다.
knewnew.official,knewnew.official,2026-02-16,https://www.instagram.com/p/DUzYxvZk_FR/,N,"🐶‍ 몽이야, 우리 용리단길 산책갈까?"
knewnew.official,knewnew.official,2026-02-15,https://www.instagram.com/p/DUxx0dvkaAa/,N,"☕️ 비엔나 커피는 없고, 낭만은 있어."
knewnew.official,knewnew.official,2026-02-15,https://www.instagram.com/p/DUxq6mOE2Cw/,Y,#제작지원 🥵 너 매운 거 잘 먹지? 이거 좀 대신 먹어 봐.
knewnew.official,knewnew.official,2026-02-15,https://www.instagram.com/p/DUxdPDgE-xK/,N,"👩🏻‍💻 느좋 프리랜서 걸들,, 연휴에도 일하시나요."
knewnew.official,knewnew.official,2026-02-15,https://www.instagram.com/p/DUxIpkLAQAM/,Y,#제작지원 드디어 찾았다. 내가 찾던 청바지.
knewnew.official,knewnew.official,2026-02-15,https://www.instagram.com/p/DUw0BZMk4pU/,N,👁 에디터가 주목하는 NEW F&B 브랜드들! 🆕 
knewnew.official,knewnew.official,2026-02-14,https://www.instagram.com/p/DUvOcJnk_w5/,N,🗣️ 귀차니즘 장착 피플도 이걸론 설득 가능.
knewnew.official,knewnew.official,2026-02-14,https://www.instagram.com/p/DUu4cqBEcQe/,Y,"#제작지원 🧆 우리 엄마 아빠, 이걸로 두바이 입문 예정."
knewnew.official,knewnew.official,2026-02-14,https://www.instagram.com/p/DUujxxAkTLG/,Y,#제작지원 🍅 키링부자는 출근룩 이렇게 입는다.
knewnew.official,knewnew.official,2026-02-13,https://www.instagram.com/p/DUsoMP_kUMl/,N,🌀 아 여기로 2차 가면 막차 놓치는데..
knewnew.official,knewnew.official,2026-02-13,https://www.instagram.com/p/DUshU0jkX5J/,Y,"#제작지원 🤳🏻 마스크팩 붙이고 셀카 찍는 느낌, 알지?"
knewnew.official,knewnew.official,2026-02-13,https://www.instagram.com/p/DUsadPVE5Hs/,N,"📅 발렌타인데이 D-1, 안 챙기기 좀 그렇다면."
knewnew.official,knewnew.official,2026-02-13,https://www.instagram.com/p/DUsTmUBEf0A/,Y,"#광고 🍕 오늘 점심은 4,300원으로 해결 가능."
knewnew.official,knewnew.official,2026-02-13,https://www.instagram.com/p/DUsMslgE0y1/,N,🧑🏻‍🍳 음식으로 추억하는 
knewnew.official,knewnew.official,2026-02-13,https://www.instagram.com/p/DUsF6kLk8AH/,Y,"#광고 #EVENT 👩‍❤️‍👨 여친, 남친 사주면 엄청 좋아할 걸?"
knewnew.official,knewnew.official,2026-02-13,https://www.instagram.com/p/DUr4Lgnk0ai/,Y,#제작지원 🐯 앙! BBQ에 아기 맹수가 나타났다!
knewnew.official,knewnew.official,2026-02-13,https://www.instagram.com/p/DUrxO9qE94n/,N,🎀 무슨 케이크가 나보다 잘 꾸며.
knewnew.official,knewnew.official,2026-02-13,https://www.instagram.com/p/DUrqZUdgci2/,Y,#제작지원 🌿 망원동에는 카페 안에 연못이 있대 (에이)
knewnew.official,knewnew.official,2026-02-13,https://www.instagram.com/p/DUrcqpBEfp_/,N,🧑🏻👨🏻 : 어머 우리 딸 센스있다 🤍
knewnew.official,knewnew.official,2026-02-12,https://www.instagram.com/p/DUrO4u3kS_O/,N,💌 딩동 - 당신을 위한 2월 2주차 신상템 알림 🔔
knewnew.official,knewnew.official,2026-02-12,https://www.instagram.com/p/DUqDb9akTw3/,N,🍞성심당 옆 동네 중구청역 이리 느좋이라니...
knewnew.official,knewnew.official,2026-02-12,https://www.instagram.com/p/DUp1rZdEVRB/,N,🍡 이왕 먹는 한 살.. 귀엽게라도 먹어봅시다
knewnew.official,knewnew.official,2026-02-12,https://www.instagram.com/p/DUpu112k3su/,N,🍷 동네에서 편하게 와인 한잔 콜?
knewnew.official,knewnew.official,2026-02-12,https://www.instagram.com/p/DUpn_h9EQtK/,Y,#제작지원 🧸 이 정도면 편의점이 아니라 소품샵.
knewnew.official,knewnew.official,2026-02-12,https://www.instagram.com/p/DUpaNDHEwuk/,Y,#제작지원 ☝🏻 실패 없는 진주 기념품 총정리.
knewnew.official,knewnew.official,2026-02-12,https://www.instagram.com/p/DUpMfsykyQG/,Y,"#제작지원 🍃 가장 먼저 봄 바람 쐴 수 있는 곳,"
knewnew.official,knewnew.official,2026-02-12,https://www.instagram.com/p/DUo34eyk-Z-/,N,🌊 요즘 묵호가 그렇게 핫한 국내 여행지라며.
knewnew.official,knewnew.official,2026-02-11,https://www.instagram.com/p/DUoqJDiE1J1/,N,📅 이번 주 F&B 팝업 소식 HOT 6
knewnew.official,knewnew.official,2026-02-11,https://www.instagram.com/p/DUnen6WEViS/,N,"👀 후쿠오카를 이미 가봤다면, 오늘은 현지인처럼 👤"
knewnew.official,knewnew.official,2026-02-11,https://www.instagram.com/p/DUnQ4vskSVt/,N,💌 여기 예약하면 일단 싸울 일은 없음.
knewnew.official,knewnew.official,2026-02-11,https://www.instagram.com/p/DUm3OO6kTFo/,Y,#제작지원 🍰 다들 발렌타인데이 때 뭐 줄거야?
knewnew.official,knewnew.official,2026-02-11,https://www.instagram.com/p/DUmvkrmk5B7/,Y,#제작지원 🍜 진짜 부산 미식은 미포항이라던데?
knewnew.official,knewnew.official,2026-02-11,https://www.instagram.com/p/DUmgzKzAQDC/,Y,#제작지원 #EVENT 🍃우리 올리브베러 가서 밀크티 한 잔 할래?
knewnew.official,knewnew.official,2026-02-11,https://www.instagram.com/p/DUmZ2Nyk1J3/,Y,#제작지원 👀 솔직히 귀엽긴 해. 갖고 싶긴 해.
knewnew.official,knewnew.official,2026-02-11,https://www.instagram.com/p/DUmTDyUkXcL/,N,🏢 강남구가 차갑고 노잼이라고? 여긴 달라
knewnew.official,knewnew.official,2026-02-10,https://www.instagram.com/p/DUk5xo9Efh1/,N,"📜 감성력 충전하는 국내 여행, 전주 필수 체크리스트."
knewnew.official,knewnew.official,2026-02-10,https://www.instagram.com/p/DUkC4qGkyEO/,Y,"#제작지원 🙇🏻 무신사, 이러면 그랜절 올릴게요."
knewnew.official,knewnew.official,2026-02-10,https://www.instagram.com/p/DUjuSDYEw0V/,N,🛄 김포공항 옆에 이런 개성 넘치는 곳들이..
knewnew.official,knewnew.official,2026-02-09,https://www.instagram.com/p/DUiUtgbk7V-/,N,🌞 여름이 그립다면 호주 시드니로.
knewnew.official,knewnew.official,2026-02-09,https://www.instagram.com/p/DUiOHnDkTdn/,Y,#제작지원 ☝🏻 진짜 진짜 쉬운 것부터 알려드림.​
knewnew.official,knewnew.official,2026-02-09,https://www.instagram.com/p/DUiAYGsk541/,N,"🤦🏻 설 연휴 D-7, 아직도 설 선물 준비 못했나요?"
knewnew.official,knewnew.official,2026-02-09,https://www.instagram.com/p/DUh6Vzkkd7L/,Y,#제작지원 설 명절날 확실한 마음 표현에는 투쁠 한우세트가 근본.
knewnew.official,knewnew.official,2026-02-09,https://www.instagram.com/p/DUhyp0JE6bN/,N,🍽️ 배고픈데 언제까지 환승해
knewnew.official,knewnew.official,2026-02-09,https://www.instagram.com/p/DUheGtmk4bE/,Y,#광고 ☝🏻 대전 가서 빵만 사 올 건 아니죠?
knewnew.official,knewnew.official,2026-02-09,https://www.instagram.com/p/DUhJdSIEzMR/,N,🧣 익산에 이렇게 개성 넘치는 곳이 많았나..
knewnew.official,knewnew.official,2026-02-08,https://www.instagram.com/p/DUfbmAOkSMt/,N,"🏫 예비 동국대생 여러분, 선배가 알려줄게요"
knewnew.official,knewnew.official,2026-02-08,https://www.instagram.com/p/DUfG-1Ek32f/,Y,#제작지원 🚗 이번 연휴에 가족 드라이브 어디 가지?
knewnew.official,knewnew.official,2026-02-08,https://www.instagram.com/p/DUeyeWDk3Fm/,N,"🎀 키티 좋아하는 친구야, 너 여기 가라."
knewnew.official,knewnew.official,2026-02-08,https://www.instagram.com/p/DUektN1keGD/,N,👁️ 에디터가 주목하는 NEW F&B 브랜드들! 🆕
knewnew.official,knewnew.official,2026-02-07,https://www.instagram.com/p/DUc23XykfJm/,N,🇯🇵 후쿠오카 여행 갈 때 들러도 좋겠다.
knewnew.official,knewnew.official,2026-02-07,https://www.instagram.com/p/DUcv-0dgRev/,Y,"#광고 📣 남친들아, 잘 들어."
knewnew.official,knewnew.official,2026-02-07,https://www.instagram.com/p/DUciMGjkWDQ/,N,합정역의 숨겨진 
knewnew.official,knewnew.official,2026-02-07,https://www.instagram.com/p/DUcNnMVk0Pb/,N,"🛌 그럼, 늦잠 자고 천천히 만나도 되겠다."
knewnew.official,knewnew.official,2026-02-06,https://www.instagram.com/p/DUamrcOESpv/,N,👸🏻 공주시는 감성 공주의 동네구나.
knewnew.official,knewnew.official,2026-02-06,https://www.instagram.com/p/DUaN8PDkVIG/,Y,#제작지원 🎵 전 성수에서 그녀의 목소리에 취하렵니다..
knewnew.official,knewnew.official,2026-02-06,https://www.instagram.com/p/DUZvrBmk1Ms/,Y,#제작지원 #EVENT 📅 취향 컬렉터라면 이건 필수 연례 행사.
knewnew.official,knewnew.official,2026-02-06,https://www.instagram.com/p/DUZbD2pE0k9/,N,🧑🏻🫰🏻 이거 사가면 엄마가 무조건 좋아함.
knewnew.official,knewnew.official,2026-02-05,https://www.instagram.com/p/DUZNU9Yk-v0/,N,💌 딩동 - 당신을 위한 2월 1주차 신상템 알림 🔔
knewnew.official,knewnew.official,2026-02-05,https://www.instagram.com/p/DUYBzzwEeqr/,N,💌 동네 안에서도 느좋 데이트 가능.
knewnew.official,knewnew.official,2026-02-05,https://www.instagram.com/p/DUXmYkxgTz7/,Y,#광고 🥮 설 선물로 센스 있는 디저트 찾나요?
knewnew.official,knewnew.official,2026-02-05,https://www.instagram.com/p/DUXYnrUER2Q/,N,❤️ 급하게 발렌타인데이 케이크 찾다가
knewnew.official,knewnew.official,2026-02-05,https://www.instagram.com/p/DUW2VL2k_I_/,N,👟 도보 10분 거리 안으로만 구성한 동선.
knewnew.official,knewnew.official,2026-02-04,https://www.instagram.com/p/DUWongGETuG/,N,📅 이번 주 F&B 팝업 소식 HOT 8
knewnew.official,knewnew.official,2026-02-04,https://www.instagram.com/p/DUVdG6Qk1oO/,N,🌀 안양 범계 피플은 여기서 마신다.
knewnew.official,knewnew.official,2026-02-04,https://www.instagram.com/p/DUVDTlxkYzN/,N,두쫀쿠가 지배하는 세상 .. 🧆
knewnew.style,knewnew.official,2026-02-04,https://www.instagram.com/p/DUVDTlxkYzN/,N,두쫀쿠가 지배하는 세상 .. 🧆
knewnew.official,knewnew.official,2026-02-04,https://www.instagram.com/p/DUUs_fzk3JL/,Y,#광고 🥮 벌써 설날이 성큼. 설 선물 고르셨나요?
knewnew.official,knewnew.official,2026-02-04,https://www.instagram.com/p/DUURgqtkxI4/,N,"🚛 친구야, 중랑구로 이사 올 생각 없어?"
knewnew.official,knewnew.official,2026-02-03,https://www.instagram.com/p/DUS4HQrEXvZ/,N,"🍙 김밥축제 열렸던 그 김천, 사실 감성도 있다고."
knewnew.official,knewnew.official,2026-02-03,https://www.instagram.com/p/DUSjotLEaat/,Y,#광고 💌 이번 발렌타인데이엔 이걸로 고백 간다.
knewnew.official,knewnew.official,2026-02-03,https://www.instagram.com/p/DUSc0p8gTZl/,Y,#광고 🏃🏻‍♀️ 러너들의 도파민을 책임진 <인사이더런 W>
knewnew.official,knewnew.official,2026-02-03,https://www.instagram.com/p/DURsuFhkc1b/,N,💌 동네 안에서도 느좋 데이트 가능.
knewnew.official,knewnew.official,2026-02-02,https://www.instagram.com/p/DUQTfzAkaJG/,N,🎺 나랑 낭만 즐기러 떠날 사람?
knewnew.official,knewnew.official,2026-02-02,https://www.instagram.com/p/DUPqPLDEe7Y/,N,🐴 2월에 만날 수 있는 내 운명의 상대는?
knewnew.official,knewnew.official,2026-02-02,https://www.instagram.com/p/DUPcfkYAZoR/,Y,"#광고 🍽️ 잔뜩 먹는 설 명절, 센스있는 선물 추천해 드림."
knewnew.official,knewnew.official,2026-02-02,https://www.instagram.com/p/DUPH6hJE-RK/,N,🪑 의왕시는 감성과 힐링의 도시다.
knewnew.official,knewnew.official,2026-02-01,https://www.instagram.com/p/DUNuqUxEyrD/,N,💭 난 가끔 갈마동에 사는 상상을 해.
knewnew.official,knewnew.official,2026-02-01,https://www.instagram.com/p/DUNg59MAUYr/,Y,#제작지원 🏃🏻 러너들의 턱선 유지 비결은... 더보기
knewnew.official,knewnew.official,2026-02-01,https://www.instagram.com/p/DUMw10cE-FF/,N,👁️ 에디터가 주목하는 NEW F&B 브랜드들! 🆕
knewnew.official,knewnew.official,2026-01-31,https://www.instagram.com/p/DUK1PYSE-sN/,N,✍🏻 아쉬움이 있을 수 없는 알찬 외출.
knewnew.official,knewnew.official,2026-01-31,https://www.instagram.com/p/DUKudjfE_QU/,Y,#제작지원 🥃 삼각지 유일무이 스탠딩 바를 아시나요.
knewnew.official,knewnew.official,2026-01-31,https://www.instagram.com/p/DUKMCDDEcPq/,N,👥 천안 느좋 피플은 다시 야우리를 찾아.
knewnew.official,knewnew.official,2026-01-30,https://www.instagram.com/p/DUIlCQdEa0P/,N,❗️ 누가 술찌는 밤까지 놀 거 없대.
knewnew.official,knewnew.official,2026-01-30,https://www.instagram.com/p/DUIQbGEE6Wx/,N,"🍔 여기 미국이냐고? 아니, 나 해방촌인데."
knewnew.official,knewnew.official,2026-01-30,https://www.instagram.com/p/DUIJpjYEVS-/,N,👀 요즘 원희기니가 꽂힌 인형은?
knewnew.official,knewnew.official,2026-01-30,https://www.instagram.com/p/DUHZk5GEaKG/,N,🚶🏻 가끔은 훌쩍 떠나는 것도 필요하니까.
knewnew.official,knewnew.official,2026-01-29,https://www.instagram.com/p/DUHL0F-kVfK/,N,💌 딩동 - 당신을 위한 1월 4주차 신상템 알림 🔔
knewnew.official,knewnew.official,2026-01-29,https://www.instagram.com/p/DUGAUmbEWSy/,N,"🏫 예비 숙대생 여러분, 언니가 알려줄게요"
knewnew.official,knewnew.official,2026-01-29,https://www.instagram.com/p/DUFygTyAQSL/,N,#뉴뉴로그 🍪 일본 대표 디저트가 한자리에 모인 날?
knewnew.official,knewnew.official,2026-01-29,https://www.instagram.com/p/DUFXFAgk-3s/,N,👩‍❤️‍👨 오늘은 우리가 주인공. 
knewnew.official,knewnew.official,2026-01-29,https://www.instagram.com/p/DUE0tI-E28q/,N,☝🏻 오션뷰만 있다고 생각한다면 오산.
knewnew.official,knewnew.official,2026-01-28,https://www.instagram.com/p/DUEnDpOE6ZE/,N,📅 이번 주 F&B 팝업 소식 HOT 7
knewnew.official,knewnew.official,2026-01-28,https://www.instagram.com/p/DUDbiAEEeph/,N,🤔 행궁동에서 색다른 데이트가 필요할 때.
knewnew.official,knewnew.official,2026-01-28,https://www.instagram.com/p/DUDACkqkVFb/,Y,#광고 🇯🇵 일본 현지인들도 이걸로 선물 산다더라.
knewnew.official,knewnew.official,2026-01-28,https://www.instagram.com/p/DUCP76cEUAO/,N,❌ 카페인을 피하는 상황에 약속이 잡혔다면?
knewnew.official,knewnew.official,2026-01-27,https://www.instagram.com/p/DUA2uf2E7Ou/,N,🌟 부천시가 이렇게 개성파 동네였다니.
knewnew.official,knewnew.official,2026-01-27,https://www.instagram.com/p/DUANfJwEbCF/,N,🎫 비행기 티켓 없이도
knewnew.official,knewnew.official,2026-01-27,https://www.instagram.com/p/DT_rIBukUXc/,N,"🖌️ 예술과 트렌드의 도시, 베를린으로."
knewnew.official,knewnew.official,2026-01-26,https://www.instagram.com/p/DT-R5xZkaSL/,N,💌 동네 안에서도 느좋 데이트 가능.
knewnew.official,knewnew.official,2026-01-26,https://www.instagram.com/p/DT9oGDFEZ-m/,N,#뉴뉴깡 👜 오늘 출시된 스타벅스 X 베이프 폴더블 백.
knewnew.official,knewnew.official,2026-01-26,https://www.instagram.com/p/DT9h4Ejk6Rq/,Y,#광고 🫶🏻 추울 땐 이만한 실내 데이트가 없다.
knewnew.official,knewnew.official,2026-01-26,https://www.instagram.com/p/DT9GZdok3Mn/,N,☝🏻 자양동은 사실 느좋 카페 성지임.
knewnew.official,knewnew.official,2026-01-25,https://www.instagram.com/p/DT7mM1RE_ES/,N,🚉 모르겠으면 일단 1호선 타세요.
knewnew.official,knewnew.official,2026-01-25,https://www.instagram.com/p/DT7YgccEy8_/,N,🍹 하이볼 한 잔만 더 하고 집에 가자.
knewnew.official,knewnew.official,2026-01-25,https://www.instagram.com/p/DT7D38fk_Ne/,N,🪽 여러분의 angel을 위한
knewnew.official,knewnew.official,2026-01-25,https://www.instagram.com/p/DT6vW-vkTsQ/,N,👁 에디터가 주목하는 NEW F&B 브랜드들! 🆕 
knewnew.official,knewnew.official,2026-01-24,https://www.instagram.com/p/DT4zvBskdrO/,N,"👩🏻 👧🏻 엄마, 나랑 추억 많이 쌓자."
knewnew.official,knewnew.official,2026-01-24,https://www.instagram.com/p/DT4fIWtkc-R/,N,🥖 여기가 내 서촌 건강빵 맛집이야.
knewnew.official,knewnew.official,2026-01-24,https://www.instagram.com/p/DT4Ko-SE9S6/,N,"💪🏻 건강관리, 식단 중에 약속이 잡혔다면?"
knewnew.official,knewnew.official,2026-01-23,https://www.instagram.com/p/DT2jiYzkd8J/,N,✍🏻 아쉬움이 있을 수 없는 알찬 외출.
knewnew.official,knewnew.official,2026-01-23,https://www.instagram.com/p/DT2VyCPgYKY/,Y,#광고#EVENT 🍪 지루할 틈이 없는 미디어아트 전시 보고 옴.
knewnew.official,knewnew.official,2026-01-23,https://www.instagram.com/p/DT2IjQ2kVHh/,N,"#뉴뉴로그 🧆 1월 23일 오늘, 롯데시네마에 등장한 두쫀쿠! 뉴뉴가 빠르게 달려 가 맛보고 왔습니다 👅️"
knewnew.official,knewnew.official,2026-01-22,https://www.instagram.com/p/DT1KPqSE0ar/,N,💌 딩동 - 당신을 위한 1월 3주차 신상템 알림 🔔
knewnew.official,knewnew.official,2026-01-22,https://www.instagram.com/p/DTz-q7Xke-F/,N,"🌴 제주 남쪽 여행, 서귀포 필수 체크리스트."
knewnew.official,knewnew.official,2026-01-22,https://www.instagram.com/p/DTyzNg3ERTH/,N,💌 동네 안에서도 느좋 데이트 가능.
knewnew.official,knewnew.official,2026-01-21,https://www.instagram.com/p/DTylbRokSnt/,N,📅 이번 주 F&B 팝업 소식 HOT 7
knewnew.official,knewnew.official,2026-01-21,https://www.instagram.com/p/DTxZ5vOEVUJ/,N,⚡️ 대구 느좋 피플에게 공수해 왔습니다.
knewnew.official,knewnew.official,2026-01-21,https://www.instagram.com/p/DTxFXmwkadt/,N,🌈 요즘은 색깔별로 음식 찍는 게 유행?
knewnew.official,knewnew.official,2026-01-21,https://www.instagram.com/p/DTwwxk6E4l-/,N,🍷 술이 술술 들어가는
knewnew.official,knewnew.official,2026-01-21,https://www.instagram.com/p/DTwp3nhkz9W/,Y,#광고 🍓 딸기 메뉴 총출동한 팀홀튼?
knewnew.official,knewnew.official,2026-01-21,https://www.instagram.com/p/DTwcFFKE19O/,Y,#광고 🤨 건강 관리도 장비빨.
knewnew.official,knewnew.official,2026-01-21,https://www.instagram.com/p/DTwOaQ6kfzL/,N,❗️ 이게 바로 부평구의 반전 매력이다.
knewnew.official,knewnew.official,2026-01-20,https://www.instagram.com/p/DTu1GttkaTj/,N,🫂 청계천 옆구리를 지키는 아늑한 공간들
knewnew.official,knewnew.official,2026-01-20,https://www.instagram.com/p/DTt-Mlnk9D8/,Y,#광고 🤔 이게 밥이야 호빵이야?
knewnew.official,knewnew.official,2026-01-20,https://www.instagram.com/p/DTt3YakkVo4/,Y,#광고 👨🏻‍🍳 손종원 셰프 도시락 먹고 조선호텔 가자.
knewnew.official,knewnew.official,2026-01-20,https://www.instagram.com/p/DTtqK5hk-Zh/,N,💭 난 가끔 화명동에 사는 상상을 해.
knewnew.official,knewnew.official,2026-01-19,https://www.instagram.com/p/DTtb04SETkz/,N,👛 Y2K 달란트 만렙 찍는 키키 좀 보세요
knewnew.official,knewnew.official,2026-01-19,https://www.instagram.com/p/DTsQXxlEdEx/,N,🌞 여름이 그립다면 베트남 냐짱 (나트랑)으로.
knewnew.official,knewnew.official,2026-01-19,https://www.instagram.com/p/DTr7u02kVgv/,N,🛒 헤일리 비버 언니 따라 꽂혔어요.
knewnew.official,knewnew.official,2026-01-19,https://www.instagram.com/p/DTruAHXk1Zu/,N,🚉 ‘느좋'의 집약체 6호선만 따라가면
knewnew.official,knewnew.official,2026-01-19,https://www.instagram.com/p/DTrnFVaASBJ/,Y,#광고 📣파리바게뜨가 전국의 남친들 살려준다.
knewnew.official,knewnew.official,2026-01-19,https://www.instagram.com/p/DTrE0KPEefU/,N,"🩶 하트, 땡땡이, 키티, 몬치치.. 딱 기다려."
knewnew.official,knewnew.official,2026-01-18,https://www.instagram.com/p/DTpW6baEc3e/,N,🫂 고성이 힘든 널 안아줄거야.
knewnew.official,knewnew.official,2026-01-18,https://www.instagram.com/p/DTpCTfuk2G6/,N,👜 가방 대신 들고 싶은 비주얼..
knewnew.official,knewnew.official,2026-01-18,https://www.instagram.com/p/DTotyVxkS3J/,N,👁️ 에디터가 주목하는 NEW F&B 브랜드들! 🆕
knewnew.official,knewnew.official,2026-01-18,https://www.instagram.com/p/DTof99dET63/,N,☀️ 일요일 아침마다 찾아오는 선데이 모닝 플레이팅 시리즈 🍽️
knewnew.official,knewnew.official,2026-01-17,https://www.instagram.com/p/DTmyGTdExbG/,N,🌷 군산은 군산만의 낭만이 있다.
knewnew.official,knewnew.official,2026-01-17,https://www.instagram.com/p/DTmI-AmE-Eo/,N,"🛌 그럼, 늦잠 자고 천천히 만나도 되겠다."
knewnew.official,knewnew.official,2026-01-16,https://www.instagram.com/p/DTkh9dVEZdn/,N,"🤫 이거 숨겨둔 건데, 너한테만 줄게."
knewnew.official,knewnew.official,2026-01-16,https://www.instagram.com/p/DTj_mcnEXTa/,N,🫢 중세 시대 작품 아니야?
knewnew.official,knewnew.official,2026-01-16,https://www.instagram.com/p/DTjWc0uk8dp/,N,👩🏻‍🏫 예비 중앙대생 여러분이라면 주목!
knewnew.official,knewnew.official,2026-01-15,https://www.instagram.com/p/DTjIrKHk-Ng/,N,💌 딩동 - 당신을 위한 1월 2주차 신상템 알림 🔔
knewnew.official,knewnew.official,2026-01-15,https://www.instagram.com/p/DTh-tXHkdeO/,N,🎒 이렇게 알찬 추억이 또 있을까.
knewnew.official,knewnew.official,2026-01-15,https://www.instagram.com/p/DThvZibETai/,N,🍕 피자 먹고 웃음꽃 피자.
knewnew.official,knewnew.official,2026-01-15,https://www.instagram.com/p/DThiDlXEfcE/,Y,#광고 🪽 여기가 천국인가 .. 딸기 천국?
knewnew.official,knewnew.official,2026-01-15,https://www.instagram.com/p/DThe0rlEYad/,N,커피도 커피지만
knewnew.official,knewnew.official,2026-01-15,https://www.instagram.com/p/DThYQe_EVlp/,N,🎂 이 케이크.. 누구 작품인가 했더니.
knewnew.official,knewnew.official,2026-01-15,https://www.instagram.com/p/DThNHi_kUUs/,Y,#광고 🍃 마음의 힐링이 필요할 땐 전시회를 가.
knewnew.official,knewnew.official,2026-01-14,https://www.instagram.com/p/DTgj16fEQ7Y/,N,📅 이번 주 F&B 팝업 소식 HOT 6
knewnew.official,knewnew.official,2026-01-14,https://www.instagram.com/p/DTfYYrUkS34/,N,🤔 이 10곳 중에 너 취향 하나는 있겠지.
knewnew.official,knewnew.official,2026-01-14,https://www.instagram.com/p/DTfQ-cWEc9A/,N,"⚠️ 스포주의 ⚠️ 탈락으로 끝난 줄 알았던 이름, 최강록."
knewnew.official,knewnew.official,2026-01-14,https://www.instagram.com/p/DTevMfQk2kE/,N,🏆 골든글로브 시상식에선 뭘 먹을까?
knewnew.official,knewnew.official,2026-01-14,https://www.instagram.com/p/DTeM26NkdKn/,N,💌 이러니 4호선을 사랑할 수밖에.
knewnew.official,knewnew.official,2026-01-13,https://www.instagram.com/p/DTczjOZkV6j/,N,❗️의정부에 이런 곳이 있었다고?
knewnew.official,knewnew.official,2026-01-13,https://www.instagram.com/p/DTcl4dEEY4E/,N,🪶 나랑 낭만 되찾으러 떠나자.
knewnew.official,knewnew.official,2026-01-13,https://www.instagram.com/p/DTcfDJMkWCS/,N,💭 제과제빵 서바이벌 <천하제빵>
knewnew.official,knewnew.official,2026-01-13,https://www.instagram.com/p/DTcKXXGEXQP/,N,🍓 나랑 딸기 파우치 사러 갈 사람.
knewnew.official,knewnew.official,2026-01-13,https://www.instagram.com/p/DTboCJaEW2U/,N,🛫 나랑 감각 찾으러 떠날 사람?
knewnew.official,knewnew.official,2026-01-12,https://www.instagram.com/p/DTbaWXbEVhA/,N,🧆 두친자 머릿속엔 이런 두쫀쿠가 ..
knewnew.official,knewnew.official,2026-01-12,https://www.instagram.com/p/DTaOz2Ika28/,N,"️ 부산 해운대, 누가 뻔하대."
knewnew.official,knewnew.official,2026-01-12,https://www.instagram.com/p/DTaBDliESYB/,N,🍒 그녀의 상상은 어디까지..
knewnew.official,knewnew.official,2026-01-12,https://www.instagram.com/p/DTZlg-Ak2C5/,N,"종로구에서만 느낄 수 있는 감성,"
knewnew.official,knewnew.official,2026-01-12,https://www.instagram.com/p/DTZeu2DE2HC/,Y,#광고 🍃 나주의 무료 전시가 좋은 느낌을 줌.
knewnew.official,knewnew.official,2026-01-12,https://www.instagram.com/p/DTZDRhtkWWQ/,N,🎀 행궁동은 어쩜 한식집도 뽀짝하니..
knewnew.official,knewnew.official,2026-01-11,https://www.instagram.com/p/DTXVaKlERgA/,N,🚙 올해엔 부산 대신 김해 가볼까?
knewnew.official,knewnew.official,2026-01-11,https://www.instagram.com/p/DTWsH17EThl/,N,👁️ 에디터가 주목하는 NEW F&B 브랜드들! 🆕
knewnew.official,knewnew.official,2026-01-11,https://www.instagram.com/p/DTWeeb2ETCK/,N,다시 돌아온 ❗️
knewnew.official,knewnew.official,2026-01-10,https://www.instagram.com/p/DTUwnQDkd7s/,N,💌 이거 엄마한테 보내줘야지
knewnew.official,knewnew.official,2026-01-10,https://www.instagram.com/p/DTUptEqkaac/,N,🍊 집에 귤 있으면 두바이 귤 퐁듀 도전!
knewnew.official,knewnew.official,2026-01-10,https://www.instagram.com/p/DTUb8_SkUYR/,N,어서 와 충남대는 처음이지? 👏🏻 
knewnew.official,knewnew.official,2026-01-10,https://www.instagram.com/p/DTUHWYXEaLd/,N,🕰️ 레트로한 감성까지 곁들인..
knewnew.official,knewnew.official,2026-01-09,https://www.instagram.com/p/DTSgbzTkTCl/,N,"⚡️ 오늘 금요일인데, 아무데나 갈거야?"
knewnew.official,knewnew.official,2026-01-09,https://www.instagram.com/p/DTSL0IiE4c6/,N,🆕 구글맵 편집 방법 new 버전 떴습니다.
knewnew.official,knewnew.official,2026-01-09,https://www.instagram.com/p/DTR3JIVk2hQ/,N,🐴 2026년 너의 사주팔자에 딱 맞는 지역이 있다고!
knewnew.official,knewnew.official,2026-01-09,https://www.instagram.com/p/DTRU4aIkfrS/,N,🧘🏻‍♀️ 나 지금... 진짜 쉼이 필요해
knewnew.official,knewnew.official,2026-01-08,https://www.instagram.com/p/DTRHJtOkRWE/,N,💌 딩동 - 당신을 위한 1월 1주차 신상템 알림 🔔
knewnew.official,knewnew.official,2026-01-08,https://www.instagram.com/p/DTP7n6vE9M2/,N,🚪 이제 집만 구하면 되겠어요.
knewnew.official,knewnew.official,2026-01-08,https://www.instagram.com/p/DTPfcbqkRle/,Y,#광고 👩🏻‍🍳 서울엄마 우정욱 & 김희은 셰프님의 레스토랑 식사권 받아 가세요~
knewnew.official,knewnew.official,2026-01-08,https://www.instagram.com/p/DTOwCMDEdyf/,N,"👁️‍🗨️ 전포를 알아봤다면, 당신은 멋쟁이."
knewnew.official,knewnew.official,2026-01-07,https://www.instagram.com/p/DTOiRt8kb2Y/,N,📅 이번 주 F&B 팝업 소식 HOT 6
knewnew.official,knewnew.official,2026-01-07,https://www.instagram.com/p/DTNWvehke10/,N,🚗 우리 주말에 강화도나 다녀올까?
knewnew.official,knewnew.official,2026-01-07,https://www.instagram.com/p/DTMzpgXERAv/,N,🧋‘요리하는 돌아이’와 공차의 만남!
knewnew.official,knewnew.official,2026-01-07,https://www.instagram.com/p/DTMLO83EQlr/,N,👌🏻 이렇게 느좋이면 특급 인정입니다.
knewnew.official,knewnew.official,2026-01-06,https://www.instagram.com/p/DTKyAWIEVjz/,N,💭 망원동 바로 옆도 알아주세요.
knewnew.official,knewnew.official,2026-01-06,https://www.instagram.com/p/DTKh-pYkfzB/,N,💸 근데 이제 가격은 안 귀여운..
knewnew.official,knewnew.official,2026-01-06,https://www.instagram.com/p/DTJ7FTlk_lt/,N,👨🏻‍🍳 3스타 셰프가 함께 준비한 새해 떡국 나눔 현장
knewnew.official,knewnew.official,2026-01-06,https://www.instagram.com/p/DTJ0MbREzkK/,N,🔖 내 최애 까까에 이런 뜻이
knewnew.official,knewnew.official,2026-01-06,https://www.instagram.com/p/DTJmg7VESii/,N,🎀 진주의 귀여움이 나를 구한다..
knewnew.official,knewnew.official,2026-01-06,https://www.instagram.com/p/DTJfjJuEUca/,Y,#광고 💵 케이크를 샀는데 비트코인을 준다고?
knewnew.official,knewnew.official,2026-01-05,https://www.instagram.com/p/DTJYuqxEf07/,N,"👩🏻‍🍳 중식 여신 박은영 셰프, 레스토랑 오픈?"
knewnew.official,knewnew.official,2026-01-05,https://www.instagram.com/p/DTINNTTk_v-/,N,"🌀 한남동 갔는데, 2차 갈 곳 없다고?"
knewnew.official,knewnew.official,2026-01-05,https://www.instagram.com/p/DTIHq6nkQdl/,N,"👀 공릉동 주민 여러분, 여길 아시나요?"
knewnew.official,knewnew.official,2026-01-05,https://www.instagram.com/p/DTH4mHUgfYO/,Y,#광고 🏫 연세대 의대생들은 어떻게 공부하나요?
knewnew.official,knewnew.official,2026-01-05,https://www.instagram.com/p/DTHBsa8EcVp/,N,🫰🏻 남원이 괜히 사랑의 도시겠어요.
knewnew.official,knewnew.official,2026-01-04,https://www.instagram.com/p/DTFTz7dEze8/,N,"📮 부산 감성 동네, 망미동을 아시나요?"
knewnew.official,knewnew.official,2026-01-04,https://www.instagram.com/p/DTE_MjvE5bs/,N,🍚 뉴요커들이 줄 서서 먹는다는 K-백반?
knewnew.official,knewnew.official,2026-01-04,https://www.instagram.com/p/DTEqoniEZvg/,N,👁️ 에디터가 주목하는 NEW F&B 브랜드들! 🆕
knewnew.official,knewnew.official,2026-01-04,https://www.instagram.com/p/DTEc5M6kzLe/,N,🧑🏻 : 어머 우리 딸 센스있다 🤍 
knewnew.official,knewnew.official,2026-01-03,https://www.instagram.com/p/DTCvAEaEZA5/,N,🗺️ 이러면 내 마음속엔 특별시...
knewnew.official,knewnew.official,2026-01-03,https://www.instagram.com/p/DTCF29JE4C9/,N,⛄️ 오겡끼데스까의 낭만까지..
knewnew.official,knewnew.official,2026-01-02,https://www.instagram.com/p/DTAezdQkYr5/,N,⚡️ 청주 패피들은 여기서 논다더라.
knewnew.official,knewnew.official,2026-01-02,https://www.instagram.com/p/DTASV9vkXpq/,N,👛 지갑은 준비됐어요. 언제 사면 되나요.
knewnew.official,knewnew.official,2026-01-02,https://www.instagram.com/p/DS_TQKkkTfs/,N,🥵 새해 첫날부터 살짝 당황스럽네..
knewnew.official,knewnew.official,2026-01-02,https://www.instagram.com/p/DS_MZjIEzyJ/,N,💌 딩동 - 당신을 위한 12월 5주차 신상템 알림 🔔
knewnew.official,knewnew.official,2026-01-01,https://www.instagram.com/p/DS9lZpzE90G/,Y,#광고 👩🏻‍🏫 무신사로 2025 트렌드 복습 끝.
knewnew.official,knewnew.official,2026-01-01,https://www.instagram.com/p/DS9Q2eEEQfy/,N,"🖼️ 2026년 첫 피드, 이렇겐 어때요?"
knewnew.official,knewnew.official,2026-01-01,https://www.instagram.com/p/DS88LbRE8FB/,N,"경기도민의 안식처, 사당역. 🪑"
knewnew.official,knewnew.official,2026-01-01,https://www.instagram.com/p/DS8noWUEzLm/,N,📅 이번 주 F&B 팝업 소식 HOT 6
knewnew.official,knewnew.official,2025-12-31,https://www.instagram.com/p/DS8gubzke-K/,N,🏃🏻‍♀️ 선착순 26명만 스타벅스 커피가 공짜?
knewnew.official,knewnew.official,2025-12-31,https://www.instagram.com/p/DS7VRnOkWX-/,N,진짜 빈티지는 목포에 있었다. 🕰️
knewnew.official,knewnew.official,2025-12-31,https://www.instagram.com/p/DS6y2-jkfsl/,Y,#광고 ✨ 이게 요즘 인테리어 트렌드?
knewnew.official,knewnew.official,2025-12-31,https://www.instagram.com/p/DS6sAYDkWxt/,Y,#광고 🍓 이게 진짜 과일이 아니라고?
knewnew.official,knewnew.official,2025-12-31,https://www.instagram.com/p/DS6eMjmEZES/,Y,#광고 🧑‍💼 고래 신입사원 들어온다고? 
knewnew.official,knewnew.official,2025-12-31,https://www.instagram.com/p/DS6JwPjEasp/,N,"망원동 골목에서 마주한 장면들, 🚶🏻‍♀️"
knewnew.official,knewnew.official,2025-12-30,https://www.instagram.com/p/DS4wZzlEbzi/,N,🎆 내일 카운트다운 2026 보러 갈래?
knewnew.official,knewnew.official,2025-12-30,https://www.instagram.com/p/DS4bzXrkeuU/,N,🕺🏻 시켜줘... 명예 울산 피플
knewnew.official,knewnew.official,2025-12-30,https://www.instagram.com/p/DS4U9Dlkfpc/,N,🎼 음식보다 플리를 신경 쓰는 당신
knewnew.official,knewnew.official,2025-12-30,https://www.instagram.com/p/DS4OHo8EV9m/,N,📷 제니 전시회는 건물도 감다살..
knewnew.official,knewnew.official,2025-12-30,https://www.instagram.com/p/DS3k5qLk_B_/,N,"2026년 해돋이, 놓칠 수 없죠. 🌅"
knewnew.official,knewnew.official,2025-12-29,https://www.instagram.com/p/DS2LmfaESuj/,N,"✍🏻 2025년의 끝, 다들 어떻게 마무리 하나요?"
knewnew.official,knewnew.official,2025-12-29,https://www.instagram.com/p/DS1ifoGE5Ny/,Y,#광고 🥐 소금빵이 핫도그로도 나왔다고?
knewnew.official,knewnew.official,2025-12-29,https://www.instagram.com/p/DS1bnO_k4QX/,N,🛒 한국에 이런 미국st 마트가?
knewnew.official,knewnew.official,2025-12-29,https://www.instagram.com/p/DS1ADwlkyVJ/,N,☝🏻 노잼도시 X. 느낌 도시 O.
knewnew.official,knewnew.official,2025-12-28,https://www.instagram.com/p/DSypAJkk65P/,N,👁️ 에디터가 주목하는 NEW F&B 브랜드들! 🆕
knewnew.official,knewnew.official,2025-12-28,https://www.instagram.com/p/DSybSYVEz04/,N,🌹 잃어버린 낭만을 찾아서.
knewnew.official,knewnew.official,2025-12-27,https://www.instagram.com/p/DSwtaHmEYTc/,N,✨ 화려한 맛의 끝.. 상하이로 떠날래.
knewnew.official,knewnew.official,2025-12-27,https://www.instagram.com/p/DSwY1pjk6cQ/,N,🔍 이곳은 중식당입니다.
knewnew.official,knewnew.official,2025-12-27,https://www.instagram.com/p/DSwTuw6Eeu2/,N,🧸 젤리캣을 요리하는 여자가 있다?
knewnew.official,knewnew.official,2025-12-27,https://www.instagram.com/p/DSwEdumE-Di/,N,나도 오늘은 감각적이고 싶어 👁️
knewnew.official,knewnew.official,2025-12-26,https://www.instagram.com/p/DSudRlJkfuS/,N,🧣 겨울에 내 몸을 녹이는 건 여기..
knewnew.official,knewnew.official,2025-12-26,https://www.instagram.com/p/DSuBzHmEelz/,N,"🕊️ 실패 없는 연말 디저트는, 역시 티그레."
knewnew.official,knewnew.official,2025-12-26,https://www.instagram.com/p/DSt-i2fEba_/,N,드디어 올 것이 왔다 ✈️
knewnew.official,knewnew.official,2025-12-26,https://www.instagram.com/p/DSt0EyYE0iI/,Y,#광고 ✈️ 최고의 여행메이트를 찾아라!
knewnew.official,knewnew.official,2025-12-26,https://www.instagram.com/p/DStvyUmkZLA/,N,#초청 🇮🇹 여기면 이탈리아로 순간이동?
knewnew.official,knewnew.official,2025-12-26,https://www.instagram.com/p/DSttJqIkV7u/,N,💌 딩동 - 당신을 위한 12월 4주차 신상템 알림 🔔
knewnew.official,knewnew.official,2025-12-26,https://www.instagram.com/p/DStRrUdExX9/,N,🧘🏻‍♀️ 가끔은 이런 고요한 감도가 필요해..
knewnew.official,knewnew.official,2025-12-25,https://www.instagram.com/p/DSr5FMzkT7r/,N,🇯🇵 여기 일본 아니라고요?
knewnew.official,knewnew.official,2025-12-25,https://www.instagram.com/p/DSrquc-EVDp/,Y,"#제작지원 🥓 냉삼엔 사실 하이볼이 찰떡인 거, 알지?"
knewnew.official,knewnew.official,2025-12-25,https://www.instagram.com/p/DSrPQLNE9f0/,N,🤓 서일페v.20 안경만두 굿즈 보고가세요
knewnew.official,knewnew.official,2025-12-25,https://www.instagram.com/p/DSrIbPgkQNu/,N,📅 이번 주 F&B 팝업 소식 HOT 6
knewnew.official,knewnew.official,2025-12-25,https://www.instagram.com/p/DSq6qJ5k6wD/,N,🚊 서울에서 ITX로 한시간이면 도착.
knewnew.official,knewnew.official,2025-12-24,https://www.instagram.com/p/DSpUGJwE775/,N,🚪 이런 곳들이 숨겨져 있다니.
knewnew.official,knewnew.official,2025-12-24,https://www.instagram.com/p/DSpM2aTEXJc/,N,🛋️ 디저트로 가구에 트리까지 장만.
knewnew.official,knewnew.official,2025-12-24,https://www.instagram.com/p/DSo_GpmgVQh/,N,🪩 지디오빠네 파티에서 눈에 띈 ‘이것‘?
knewnew.official,knewnew.official,2025-12-24,https://www.instagram.com/p/DSoqc-3k2fN/,Y,#광고 👉 어느 것을 고를까요
knewnew.official,knewnew.official,2025-12-24,https://www.instagram.com/p/DSoV1V-kwZu/,Y,#광고 🧑‍🍳 오픈하자마자 예약 마감된 곳?
knewnew.official,knewnew.official,2025-12-24,https://www.instagram.com/p/DSoIK5Kkzes/,N,💭 청주의 감도.. 한수 배웁니다
knewnew.official,knewnew.official,2025-12-23,https://www.instagram.com/p/DSn6WD3kWjp/,N,📸 커플 사진도 느낌 있게 찍는 법?
knewnew.official,knewnew.official,2025-12-23,https://www.instagram.com/p/DSmu0cAEwHU/,N,🌠 밤이 길어지면 이런 곳이 당겨요.
knewnew.official,knewnew.official,2025-12-23,https://www.instagram.com/p/DSmhIvMkbX2/,Y,#광고 🗼남산에 트리보러 간다고?
knewnew.official,knewnew.official,2025-12-23,https://www.instagram.com/p/DSmaU1MkQZX/,N,🗓️ 연말이라고 꼭 거창할 필요 있나
knewnew.official,knewnew.official,2025-12-23,https://www.instagram.com/p/DSlxD9XEykc/,N,"🪐 비비안 웨스트우드 걸, 바로 출발."
knewnew.style,knewnew.official,2025-12-23,https://www.instagram.com/p/DSlxD9XEykc/,N,"🪐 비비안 웨스트우드 걸, 바로 출발."
knewnew.official,knewnew.official,2025-12-23,https://www.instagram.com/p/DSlqQXvk3Zn/,N,📆 오늘이 진짜 마지막 공차데이라고?
knewnew.official,knewnew.official,2025-12-23,https://www.instagram.com/p/DSljYCek0FH/,N,"🗻절경이네요, 장관이고요.."
knewnew.official,knewnew.official,2025-12-22,https://www.instagram.com/p/DSkKEAjER48/,N,️인사해. 💁🏻‍♀️
knewnew.official,knewnew.official,2025-12-22,https://www.instagram.com/p/DSj1kBkEb7_/,N,🛍️ 느좋녀 슬기가 도쿄에서 캐리어 가득 채워온
knewnew.official,knewnew.official,2025-12-22,https://www.instagram.com/p/DSjylZUESA3/,N,✍🏻 손그림 메뉴판까지.. 정성 가득
knewnew.official,knewnew.official,2025-12-22,https://www.instagram.com/p/DSjukIMkdgV/,Y,#광고 🏃‍♀️ 겨울에도 뛰어야 산다!
knewnew.official,knewnew.official,2025-12-22,https://www.instagram.com/p/DSjnscQEVNX/,N,🎅 크리스마스 D-3.
knewnew.official,knewnew.official,2025-12-22,https://www.instagram.com/p/DSjTLZnkR3G/,N,🍗 국뽕MAX.. 우리나라 치킨이 미국에서 3등이래ㄷㄷ
knewnew.official,knewnew.official,2025-12-22,https://www.instagram.com/p/DSjMuQHky09/,N,😪 월요일 이거 또 왔네...
knewnew.official,knewnew.official,2025-12-22,https://www.instagram.com/p/DSi-kv5EzTE/,N,"🛍️ 하라주쿠에서 쇼핑 전,"
knewnew.official,knewnew.official,2025-12-21,https://www.instagram.com/p/DShlQ7ykbUf/,N,을지로만의 빈티지 감성 📷
knewnew.official,knewnew.official,2025-12-21,https://www.instagram.com/p/DShQuyAk0De/,N,🔥 바로 내일! 두바이 와플이
knewnew.official,knewnew.official,2025-12-21,https://www.instagram.com/p/DSg8ITdEeod/,N,👁️ 에디터가 주목하는 NEW F&B 브랜드들! 🆕
knewnew.official,knewnew.official,2025-12-21,https://www.instagram.com/p/DSgnyCnE08t/,N,종강 했다며 ? 🎵
knewnew.official,knewnew.official,2025-12-20,https://www.instagram.com/p/DSesF2_kQMm/,N,나도 연프 좀 찍어보자. 👩🏻‍❤️‍👨🏻
knewnew.official,knewnew.official,2025-12-20,https://www.instagram.com/p/DSd09ExE1UV/,N,"양꼬치엔 칭따오, 그 이상을 위한 🍻"
knewnew.official,knewnew.official,2025-12-19,https://www.instagram.com/p/DScbqyBkQw9/,N,✍🏻 대학로라 쓰고 낭만이라 읽어요
knewnew.official,knewnew.official,2025-12-19,https://www.instagram.com/p/DScU3LiASYg/,N,♦️ 새해를 기다리는 슈톨렌이라니..
knewnew.official,knewnew.official,2025-12-19,https://www.instagram.com/p/DScN7DbkcN8/,N,🎀 예쁜 언니들이 먹어서 그런가..
knewnew.official,knewnew.official,2025-12-19,https://www.instagram.com/p/DScHHSek1Nh/,N,🌹 여기 기념일에 가도 좋겠다.
knewnew.official,knewnew.official,2025-12-19,https://www.instagram.com/p/DScANjwEVTj/,Y,"#광고 🏝️ 올 겨울, 제주도 미식 NOL로 가요"
knewnew.official,knewnew.official,2025-12-19,https://www.instagram.com/p/DSbyfP5gTd6/,Y,#광고 🤩 올영 어워즈 이거 안 사면 반칙 🫵
knewnew.official,knewnew.official,2025-12-19,https://www.instagram.com/p/DSbroTqkftJ/,N,💌 딩동 - 당신을 위한 12월 3주차 신상템 알림 🔔
knewnew.official,knewnew.official,2025-12-19,https://www.instagram.com/p/DSbkhb-EZNb/,N,🐰 우주선에서~ 토끼가 내려와 하!는!말!
knewnew.official,knewnew.official,2025-12-19,https://www.instagram.com/p/DSbd2KPk3-F/,N,"🍽️ 오마카세 노쇼, 이제 최대 40% 위약금?"
knewnew.official,knewnew.official,2025-12-19,https://www.instagram.com/p/DSbQMW7EwrG/,N,📚 종강했는데 군산 안 가?
knewnew.official,knewnew.official,2025-12-18,https://www.instagram.com/p/DSZ23rjk9-D/,N,🌟 나한텐 이게 명품이야.
knewnew.official,knewnew.official,2025-12-18,https://www.instagram.com/p/DSZwFINEbwq/,N,#EVENT ✋🏻 이태원 연말 파티 가실 분?
knewnew.official,knewnew.official,2025-12-18,https://www.instagram.com/p/DSZpL3fgUpd/,N,"🍊이게 오렌지야, 초콜릿이야?!"
knewnew.official,knewnew.official,2025-12-18,https://www.instagram.com/p/DSZiPgZkWUO/,N,🪐 나 혹시 마크 세계에 들어온 건가?
knewnew.official,knewnew.official,2025-12-18,https://www.instagram.com/p/DSZNpIEgVQX/,Y,#광고 #EVENT 🎁 스벅 라테 러버라면 주목!
knewnew.official,knewnew.official,2025-12-18,https://www.instagram.com/p/DSZGyR1k8kQ/,N,📅 이번 주 F&B 팝업 소식 HOT 7
knewnew.official,knewnew.official,2025-12-18,https://www.instagram.com/p/DSY_7RJk6ks/,N,📺 프렌즈 덕후라면 들어와 ..
knewnew.official,knewnew.official,2025-12-18,https://www.instagram.com/p/DSYrZYAk6jC/,N,"🔧 빈티지 그 자체, 문래동 바이브 🚸 "
knewnew.official,knewnew.official,2025-12-17,https://www.instagram.com/p/DSXSEcREd1s/,N,🤫 연말이니까 알려드려요 (속닥속닥)
knewnew.official,knewnew.official,2025-12-17,https://www.instagram.com/p/DSW9duMkzDH/,N,공주는 연말에 성수를 간다.. ⭐️
knewnew.official,knewnew.official,2025-12-17,https://www.instagram.com/p/DSW2oUxEcol/,Y,"#광고 🥫 저당 소스 맛집, 비비드키친 알지?"
knewnew.official,knewnew.official,2025-12-17,https://www.instagram.com/p/DSWx45mEVYv/,N,☝🏻찰스엔터의 도교 브이로그를 봤냐는거야🧐
knewnew.official,knewnew.official,2025-12-17,https://www.instagram.com/p/DSWGhXiE885/,N,🚪이젠 시흥을 지나치지 못할걸.
knewnew.official,knewnew.official,2025-12-16,https://www.instagram.com/p/DSUx2a4k5z4/,N,🕰️ 빈티지 러버는 춘천으로 떠나라.
knewnew.official,knewnew.official,2025-12-16,https://www.instagram.com/p/DSUmewOkXzy/,N,🍽️ 왜 떡볶이 이모지는 없을까?
knewnew.official,knewnew.official,2025-12-16,https://www.instagram.com/p/DSUR1VfkZSl/,Y,#광고 🏺 이거 디저트 아니고 작품이잖아..
knewnew.official,knewnew.official,2025-12-16,https://www.instagram.com/p/DSUEGuAkf-2/,Y,#광고 ☕ 커피랑 영화라니 .. ♥️
knewnew.official,knewnew.official,2025-12-16,https://www.instagram.com/p/DSThylsE13D/,N,👁️ 에디터가 주목하는 NEW F&B 브랜드들! 🆕
knewnew.official,knewnew.official,2025-12-15,https://www.instagram.com/p/DSSIlSQk4mA/,N,이렇게 추운데 강릉을? ❄️
knewnew.official,knewnew.official,2025-12-15,https://www.instagram.com/p/DSSBr0-kZf5/,Y,"#광고 Q. 영국 돌아가기 전날,"
knewnew.official,knewnew.official,2025-12-15,https://www.instagram.com/p/DSR6wRakTA0/,N,🌇 연말 저녁 데이트는 여기다.
knewnew.official,knewnew.official,2025-12-15,https://www.instagram.com/p/DSR0hzuAa6B/,Y,#제작지원 ✈️ 12월에 마카오 가면 이런 뷰가... 더보기 🔍
knewnew.official,knewnew.official,2025-12-15,https://www.instagram.com/p/DSRz54YkQFO/,Y,#제작지원 🏰 여기가 유럽 궁전이야.. 마카오야..
knewnew.official,knewnew.official,2025-12-15,https://www.instagram.com/p/DSRmNkngd2K/,N,요즘 유행이라는 🥣
knewnew.official,knewnew.official,2025-12-15,https://www.instagram.com/p/DSQ8_Nuk-eD/,N,연말만 되면 잔잔한 북카페에서 📖
knewnew.official,knewnew.official,2025-12-14,https://www.instagram.com/p/DSPQDx4EeYx/,N,🇯🇵 일본이 처음인 19살들에게
knewnew.official,knewnew.official,2025-12-14,https://www.instagram.com/p/DSPIQBYgYfD/,Y,#광고 👩‍❤️‍👨 24시간이 모자란 크리스마스 데이트?
knewnew.official,knewnew.official,2025-12-14,https://www.instagram.com/p/DSPBaTNEfqv/,N,✨ 3년 만에 돌아온 나영 언니 대구 여행!
knewnew.official,knewnew.official,2025-12-14,https://www.instagram.com/p/DSO6jVekj1j/,Y,#광고 🎄 맛있고 예쁜 크리스마스 원해?
knewnew.official,knewnew.official,2025-12-14,https://www.instagram.com/p/DSOlwIjk06N/,N,👁️ 에디터가 주목하는 NEW F&B 브랜드들! 🆕
knewnew.official,knewnew.official,2025-12-14,https://www.instagram.com/p/DSOfAMzkWrf/,N,👩🏻‍❤️‍💋‍👨🏻 [선착순 모집] 나 안아 줄 사람?
knewnew.official,knewnew.official,2025-12-13,https://www.instagram.com/p/DSMqd51kVD2/,N,눈이 내리는 것은
knewnew.official,knewnew.official,2025-12-13,https://www.instagram.com/p/DSMcnnUkrrl/,Y,"#광고 🫡 제대한 송강, 왜이리 열일 해.."
knewnew.official,knewnew.official,2025-12-13,https://www.instagram.com/p/DSMVudCE0_z/,N,🎅🏻 이건 꼭 크리스마스에 먹어야지.
knewnew.official,knewnew.official,2025-12-13,https://www.instagram.com/p/DSMO3a1Emis/,N,🏫 와플대학 졸업하고 붕어대학으로 입학합니다.
knewnew.official,knewnew.official,2025-12-13,https://www.instagram.com/p/DSMBJ6qE7VX/,N,🧣 날이 추워지면 날씨 좋은
knewnew.official,knewnew.official,2025-12-12,https://www.instagram.com/p/DSKav_aEoTo/,N,난 조용한 이자카야가 좋더라 🍶
knewnew.official,knewnew.official,2025-12-12,https://www.instagram.com/p/DSKGtcDki0v/,Y,#광고 🍕 찍먹도 부먹도 OK -
knewnew.official,knewnew.official,2025-12-12,https://www.instagram.com/p/DSJ4eDUktY1/,N,🫢 요즘 HOT하다는 가챠깡!
knewnew.official,knewnew.official,2025-12-12,https://www.instagram.com/p/DSJw4SLkjrN/,Y,#광고 💕 커플들의 건대 데이트 코스는
knewnew.official,knewnew.official,2025-12-12,https://www.instagram.com/p/DSJqE2_EuYT/,N,💌 딩동 - 당신을 위한 12월 2주차 신상템 알림 🔔
knewnew.official,knewnew.official,2025-12-12,https://www.instagram.com/p/DSJOrfnEi8Y/,N,🇯🇵 일본가서 오뎅 주문할 때 🍢
knewnew.official,knewnew.official,2025-12-12,https://www.instagram.com/p/DSJHwq2kjVQ/,N,🐶 우리와 함께 연말을 맞이한 동물의 숲!
knewnew.official,knewnew.official,2025-12-11,https://www.instagram.com/p/DSH1XedkxAm/,N,여기는 어두워질수록
knewnew.official,knewnew.official,2025-12-11,https://www.instagram.com/p/DSHuf6-Eesh/,N,🎧 코르티스 Wrapped 클럽원 될 사람?
knewnew.official,knewnew.official,2025-12-11,https://www.instagram.com/p/DSHnyfRkeL_/,N,"🐎 2026년, 붉은 말의 해 슈톨렌?"
knewnew.official,knewnew.official,2025-12-11,https://www.instagram.com/p/DSHZ4PXE7UW/,Y,"#광고🍟 들어는 봤니, 치즈스틱 사전예약"
knewnew.official,knewnew.official,2025-12-11,https://www.instagram.com/p/DSHS_gikbmu/,N,📅 이번 주 F&B 팝업 소식 HOT 6
knewnew.official,knewnew.official,2025-12-11,https://www.instagram.com/p/DSG_ELek0iR/,N,💥 오늘 점심에 도파민 채울래?
knewnew.official,knewnew.official,2025-12-11,https://www.instagram.com/p/DSGpqkuk0Jv/,N,뜨개핑: 슬슬 추워질 때 우리는
knewnew.official,knewnew.official,2025-12-10,https://www.instagram.com/p/DSFQ_tTE0Fw/,N,연말에 데이트할 데 없나? 🎄
knewnew.official,knewnew.official,2025-12-10,https://www.instagram.com/p/DSFCRA0kwze/,N,🫢 저 혹시 꿈꾸는 중인가요?
knewnew.official,knewnew.official,2025-12-10,https://www.instagram.com/p/DSE1HkoEfFm/,Y,#광고 ❤️ 본 적은 있니 빨간색 호두과자.
knewnew.official,knewnew.official,2025-12-10,https://www.instagram.com/p/DSEuPt8EbHI/,N,🥇 로제가 뽑은 LA 최애 맛집은?
knewnew.official,knewnew.official,2025-12-10,https://www.instagram.com/p/DSEnY6gE83A/,Y,#광고🎄#EVENT 연말이 코앞인데 아직 선물 못 골랐다면?
knewnew.official,knewnew.official,2025-12-10,https://www.instagram.com/p/DSESsUvkziG/,Y,"#광고 🌑 12월 22일 월요일,"
knewnew.official,knewnew.official,2025-12-10,https://www.instagram.com/p/DSEL5G5k56a/,Y,#광고 🥄 요즘이 치트키 꺼냄
knewnew.official,knewnew.official,2025-12-10,https://www.instagram.com/p/DSEIyLKE9hc/,N,🍩️ 오리지널 글레이즈드에 환장하는 사람
knewnew.official,knewnew.official,2025-12-10,https://www.instagram.com/p/DSEFAqiky-o/,N,"아침부터 만나긴 이르고, 🕖"
knewnew.official,knewnew.official,2025-12-09,https://www.instagram.com/p/DSCrs7mE_y0/,N,낭만 = 파리 아니겠어? ✨
knewnew.official,knewnew.official,2025-12-09,https://www.instagram.com/p/DSCeAsiEekI/,Y,#광고 🍻 이렇게 힙한 맥주 봤어?
knewnew.official,knewnew.official,2025-12-09,https://www.instagram.com/p/DSCXMLAkwDr/,N,🍓 딸기 시즌인데
knewnew.official,knewnew.official,2025-12-09,https://www.instagram.com/p/DSCOZaeEYa5/,N,🎄크리스마스 때 집데이트 하는 사람?!
knewnew.official,knewnew.official,2025-12-09,https://www.instagram.com/p/DSCClPrkbZX/,Y,#광고 🍃 마음의 힐링 필요해?
knewnew.official,knewnew.official,2025-12-09,https://www.instagram.com/p/DSB09Nmk5vf/,N,헌터 슬리퍼 너무 예쁘잖아 🥹
knewnew.official,knewnew.official,2025-12-09,https://www.instagram.com/p/DSBt7WEE6p1/,N,🙋🏻‍♀️ 오늘 점심 먹고 공차 갈 사람?
knewnew.official,knewnew.official,2025-12-09,https://www.instagram.com/p/DSBgKlMEyoe/,N,"마음까지 추워지는 요즘,, 🥶"
knewnew.official,knewnew.official,2025-12-08,https://www.instagram.com/p/DSAHIYck5mu/,N,월요일이라 힘든 당신을 위해.. 🫠
knewnew.official,knewnew.official,2025-12-08,https://www.instagram.com/p/DSAAB3iE7Yg/,Y,#광고 #유료광고 🛵 이게 도로야 글씨야?
knewnew.official,knewnew.official,2025-12-08,https://www.instagram.com/p/DR_NO1JEyzF/,N,"주토피아2 굿즈, 🦊🐰"
knewnew.official,knewnew.official,2025-12-08,https://www.instagram.com/p/DR_JAfdk2Ql/,Y,#광고 🧸 곰돌이 사진만 찍으면 곰돌이 케이크를 공짜로?
knewnew.official,knewnew.official,2025-12-08,https://www.instagram.com/p/DR_CVUwkzKX/,N,광고 🙌🏻 드디어 올 게 왔다
knewnew.official,knewnew.official,2025-12-08,https://www.instagram.com/p/DR-7e7fk1oY/,N,🍜 나는 오늘 일식이 땡긴다
knewnew.official,knewnew.official,2025-12-07,https://www.instagram.com/p/DR9bLz_E-9N/,N,🫢 나는 대구에 테토력만 가득할 줄..
knewnew.official,knewnew.official,2025-12-07,https://www.instagram.com/p/DR9Nh5WEwju/,N,#EVENT 🕯️ 연말 모임에 소꼬리찜 케이크 어때.
knewnew.official,knewnew.official,2025-12-07,https://www.instagram.com/p/DR8yDLEE0ZG/,N,🎄 크리스마스에 딸기가 필요한 이유.
knewnew.official,knewnew.official,2025-12-07,https://www.instagram.com/p/DR8kz6tk0Fg/,N,👁️ 에디터가 주목하는 NEW F&B 브랜드들! 🆕
knewnew.official,knewnew.official,2025-12-06,https://www.instagram.com/p/DR6ox0YE4BN/,N,#EVENT 🕰️ 이제 여기가 내 2번째 고향.
knewnew.official,knewnew.official,2025-12-06,https://www.instagram.com/p/DR6UIDUE4Fw/,Y,#광고 🕰️ 갑자기 나타난 이 대형 시계는 뭐야?
knewnew.official,knewnew.official,2025-12-06,https://www.instagram.com/p/DR6Ar70Ezty/,N,🎤 내 이름은 슈 !
knewnew.official,knewnew.official,2025-12-06,https://www.instagram.com/p/DR5_3zAE5o7/,N,이번 한 주도 정말 바빴다..📝
knewnew.official,knewnew.official,2025-12-05,https://www.instagram.com/p/DR4YcauE0C0/,N,🎞️ 아날로그 감성에 푹 빠진 요즘
knewnew.official,knewnew.official,2025-12-05,https://www.instagram.com/p/DR4D-x5EUK3/,N,🎊 연말 파티 케이크 찾는 사람?
knewnew.official,knewnew.official,2025-12-05,https://www.instagram.com/p/DR4AfASk91J/,N,🎤 즉석에서 열린 라이브 현장..
knewnew.official,knewnew.official,2025-12-05,https://www.instagram.com/p/DR39IhlE5II/,Y,#광고 💖 다정한 위로가 필요해?
knewnew.official,knewnew.official,2025-12-05,https://www.instagram.com/p/DR32eHgEe2t/,Y,#광고 🗯️ 장호준 셰프의 사라졌던 메뉴가 재등장했다고?
knewnew.official,knewnew.official,2025-12-05,https://www.instagram.com/p/DR32OTIESKB/,N,😌 퇴근 후 힐링이 필요해?
knewnew.official,knewnew.official,2025-12-05,https://www.instagram.com/p/DR3ofVtkx4w/,N,💌 딩동 - 당신을 위한 12월 1주차 신상템 알림 🔔
knewnew.official,knewnew.official,2025-12-05,https://www.instagram.com/p/DR3aw_UEzhU/,Y,#광고 💕 아일릿 안 귀여워서
knewnew.official,knewnew.official,2025-12-05,https://www.instagram.com/p/DR3T5zcEwhs/,N,"정신 없고, 복잡한 도심보다"
knewnew.official,knewnew.official,2025-12-04,https://www.instagram.com/p/DR2L_b4k0ga/,N,🍷 최자에게 궁금한 거 다 물어봄 @choiza11 📍다이닝파티 {분자랑 먹자} in 하츠노스시판
knewnew.official,knewnew.official,2025-12-04,https://www.instagram.com/p/DR16mG-kzTx/,N,❄️ 오늘 첫눈 왔다고?
knewnew.official,knewnew.official,2025-12-04,https://www.instagram.com/p/DR1zyizk7Tq/,N,연말하면 빠질 수 없는 와인바🍷
knewnew.official,knewnew.official,2025-12-04,https://www.instagram.com/p/DR1qhLlk44F/,N,#EVENT 🍪 하늘에서 호도과자가 내린다?!
knewnew.official,knewnew.official,2025-12-04,https://www.instagram.com/p/DR1RT_CEVko/,N,🍊 이중 따라하고 싶은 귤까기는?
knewnew.official,knewnew.official,2025-12-04,https://www.instagram.com/p/DR1DvwxE2Kl/,Y,📅 이번 주 F&B 팝업 소식 HOT 6
knewnew.official,knewnew.official,2025-12-04,https://www.instagram.com/p/DR1A66QERIM/,N,🍰 딸기에 미친 헬로키티 쏟아지는 중⸜(｡˃ ᵕ ˂ )⸝♡
knewnew.official,knewnew.official,2025-12-04,https://www.instagram.com/p/DR019z3k6ZG/,N,#EVENT ⛄️ 귀여운 겨울 간식 먹으러 갈래
knewnew.official,knewnew.official,2025-12-04,https://www.instagram.com/p/DR0oRZik6D5/,N,대구 놀러오면 갈 곳 많다니까?
knewnew.official,knewnew.official,2025-12-03,https://www.instagram.com/p/DRzPSwWk0Eq/,N,"🧳 제주 여행이 끝나갈 때,"
knewnew.official,knewnew.official,2025-12-03,https://www.instagram.com/p/DRy6W-QEed8/,N,🍙 두바이 김밥이라고 ?!
knewnew.official,knewnew.official,2025-12-03,https://www.instagram.com/p/DRyziWnk-Xx/,Y,#광고 🍓 겨울 = 딸기의 계절
knewnew.official,knewnew.official,2025-12-03,https://www.instagram.com/p/DRytHXEkU1J/,N,🧑🏻 : 어머 우리 딸이 준비한 데이트야? 🤍
knewnew.official,knewnew.official,2025-12-03,https://www.instagram.com/p/DRynd0YEdB9/,N,🥶 일단 저는 탈퇴할래요..
knewnew.official,knewnew.official,2025-12-03,https://www.instagram.com/p/DRySxGmky3J/,N,역대 가장 큰 규모의
knewnew.official,knewnew.official,2025-12-03,https://www.instagram.com/p/DRyDfDQkUBt/,N,이번 연말 약속 장소 정해줄게
knewnew.official,knewnew.official,2025-12-02,https://www.instagram.com/p/DRwqJ8iEYG0/,N,오늘도 고생 많았다 🫳🏻 🫳🏻
knewnew.official,knewnew.official,2025-12-02,https://www.instagram.com/p/DRwOvMjESc1/,Y,"#광고 #EVENT🚶 올영 1위 클렌징, 길거리에서 나눠준다고?"
knewnew.official,knewnew.official,2025-12-02,https://www.instagram.com/p/DRwGTJkEQ1L/,N,👨🏻‍🍳 방영 전에 가는 사람이 승자! 2탄
knewnew.official,knewnew.official,2025-12-02,https://www.instagram.com/p/DRvfPhqkyFe/,N,벌써 종강할 생각에 설렌다. (두근)
knewnew.official,knewnew.official,2025-12-01,https://www.instagram.com/p/DRuFNWnE0RN/,N,이런 맛으로 겨울 여행 가는 거지 ❄️
knewnew.official,knewnew.official,2025-12-01,https://www.instagram.com/p/DRtwwymkUgt/,N,🎀 미주가 쏘아올린 ギャル갸-루⋆.˚✮
knewnew.official,knewnew.official,2025-12-01,https://www.instagram.com/p/DRtjwKtEV4C/,Y,#광고 #EVENT 😭 올해도 너무 고생했다 우리 모두
knewnew.official,knewnew.official,2025-12-01,https://www.instagram.com/p/DRs5z1sk7i8/,N,국민대 근처엔 뭐 없다고? 🥲
knewnew.official,knewnew.official,2025-11-30,https://www.instagram.com/p/DRrL8Uwk-op/,N,울산에서 낭만 찾기? 🔍
knewnew.official,knewnew.official,2025-11-30,https://www.instagram.com/p/DRrFJXPk18u/,N,🥣 세상에 이런 시리얼이? 👀
knewnew.official,knewnew.official,2025-11-30,https://www.instagram.com/p/DRq3WbEE505/,N,🍸 수유동 아지트는 여기로 당첨.
knewnew.official,knewnew.official,2025-11-30,https://www.instagram.com/p/DRqiw0WkcA8/,N,👁️ 에디터가 주목하는 NEW F&B 브랜드들! 🆕
knewnew.official,knewnew.official,2025-11-29,https://www.instagram.com/p/DRouAXAkQs_/,N,📝 크리스마스 공식 = 슈톨렌 먹기
knewnew.official,knewnew.official,2025-11-29,https://www.instagram.com/p/DRogYgjkc5e/,N,🍥 보기만 해도 따뜻해지는 기분..
knewnew.official,knewnew.official,2025-11-29,https://www.instagram.com/p/DRogR5QkZqD/,Y,#광고 🤤 애슐리 감다살이다..
knewnew.official,knewnew.official,2025-11-29,https://www.instagram.com/p/DRoZg3kE6Pa/,N,👨🏻‍🍳 방영 전에 가는 사람이 승자!
knewnew.official,knewnew.official,2025-11-29,https://www.instagram.com/p/DRn-2AnEw-7/,Y,"#광고 🍞 이마트24, 요즘 디저트 왜 이렇게 잘해?"
knewnew.official,knewnew.official,2025-11-29,https://www.instagram.com/p/DRn3qXTkwgz/,N,"아날로그 감성을 좋아하신다면,"
knewnew.official,knewnew.official,2025-11-28,https://www.instagram.com/p/DRmW8uREQGY/,N,🔥 나 슬슬 불멍이 필요해..
knewnew.official,knewnew.official,2025-11-28,https://www.instagram.com/p/DRmQIqmE5XF/,N,⭐️ 여기에 네 취향 하나쯤은 있을걸?
knewnew.official,knewnew.official,2025-11-28,https://www.instagram.com/p/DRmMpEDkeaU/,N,🆕 새롭게 발견한 구움과자 맛집!
knewnew.official,knewnew.official,2025-11-28,https://www.instagram.com/p/DRmJNvcEdKs/,Y,#제작지원 💼 이게 퇴근 후 소확행 조합..
knewnew.official,knewnew.official,2025-11-28,https://www.instagram.com/p/DRl7llLk8NS/,Y,#광고👨🏻‍🍳 장호준 셰프의 사라졌던 메뉴가 돌아왔다?
knewnew.official,knewnew.official,2025-11-28,https://www.instagram.com/p/DRl4SEYEdnR/,N,🎞️ 영화보다 더 영화같은 러브스토리 속 ‘그‘ 음식!
knewnew.official,knewnew.official,2025-11-28,https://www.instagram.com/p/DRlm_VSkVM6/,N,💌 딩동 - 당신을 위한 11월 5주차 신상템 알림 🔔
knewnew.official,knewnew.official,2025-11-28,https://www.instagram.com/p/DRlZjKgk97x/,Y,#광고 🍫 초콜릿깡을 하면 골드바가 나온다고?
knewnew.official,knewnew.official,2025-11-28,https://www.instagram.com/p/DRlVrdEE3AA/,N,"스타벅스 : 다시 카공하러 와,, 🙌🏻"
knewnew.official,knewnew.official,2025-11-28,https://www.instagram.com/p/DRlLqKvk_Au/,N,"❄️ 날이 슬쩍 추워지면 이상하게도,"
knewnew.official,knewnew.official,2025-11-27,https://www.instagram.com/p/DRjWwJOE0Go/,N,광고 #EVENT 🙊 나 이거 작년에 놓쳐서 기다렸잖아.
knewnew.official,knewnew.official,2025-11-27,https://www.instagram.com/p/DRjCJIZEe_A/,N,📅 이번 주 F&B 팝업 소식 HOT 9
knewnew.official,knewnew.official,2025-11-27,https://www.instagram.com/p/DRi0bWKk719/,Y,#제작지원 🤎 실물 후기 : 너무 귀여워서 깨물어 먹음.
knewnew.official,knewnew.official,2025-11-27,https://www.instagram.com/p/DRinGqCEwqt/,N,언제까지 강릉만 갈 거야 !! 😮
knewnew.official,knewnew.official,2025-11-26,https://www.instagram.com/p/DRhN9mWExYb/,N,😬 마포구에 이런 곳이?
knewnew.official,knewnew.official,2025-11-26,https://www.instagram.com/p/DRg4uQZkdLa/,N,혹시 그거 아세요? 💁🏻‍♀️
knewnew.official,knewnew.official,2025-11-26,https://www.instagram.com/p/DRgkLlNEUHu/,N,광고 🌳 단풍 찐 막차 타러 갈까? 🍁
knewnew.official,knewnew.official,2025-11-26,https://www.instagram.com/p/DRgdYGmEa9S/,N,🧁 11월 26일 = 케이크의 날!
knewnew.official,knewnew.official,2025-11-26,https://www.instagram.com/p/DRgB7tTk9bm/,N,"뻔한 부산 여행 말고, 🚅"
knewnew.official,knewnew.official,2025-11-25,https://www.instagram.com/p/DReoq2dEbse/,N,벌써 크리스마스 D-30 ? 😮
knewnew.official,knewnew.official,2025-11-25,https://www.instagram.com/p/DReNH4GETYh/,Y,#광고 🪩 진정한 힙스터는 겨울에 굴보쌈이지.
knewnew.official,knewnew.official,2025-11-25,https://www.instagram.com/p/DReGVgmEXLo/,N,🎀 성수에 산리오 팝업 뜬다..!
knewnew.official,knewnew.official,2025-11-25,https://www.instagram.com/p/DRd_HTwkSDg/,Y,#광고 🍦국내최초 크리스마스 아이스크림 케이스 쇼?
knewnew.official,knewnew.official,2025-11-25,https://www.instagram.com/p/DRd6_YcETtG/,N,☃️ 이젠 슈톨렌 호도과자가 나와버려..
knewnew.official,knewnew.official,2025-11-25,https://www.instagram.com/p/DRd1kIfEYVC/,N,🩷 드디어 한국에 상륙한 핑크스 핫도그!
knewnew.official,knewnew.official,2025-11-25,https://www.instagram.com/p/DRdrDVlk4bA/,N,🧸 하리보가 제니에게 선물했던 그 젤리?
knewnew.official,knewnew.official,2025-11-25,https://www.instagram.com/p/DRddH-_k2V3/,N,"여유로운 여행을 원한다면, 🧘🏻‍♀️"
knewnew.official,knewnew.official,2025-11-24,https://www.instagram.com/p/DRb-l0jE222/,N,홍대는 사람 너무 많아서 기 빨린다구 😮‍💨
knewnew.official,knewnew.official,2025-11-24,https://www.instagram.com/p/DRbvP6wEWKR/,N,"💌 결혼식 부케, 이렇게 맛있어도 돼 ?"
knewnew.official,knewnew.official,2025-11-24,https://www.instagram.com/p/DRbaoWkE5Ik/,Y,#광고 🎄 요즘 제일 잘나가는
knewnew.official,knewnew.official,2025-11-24,https://www.instagram.com/p/DRbG-KjE3P0/,N,이번엔 지디 맥주다..! 🍺
knewnew.official,knewnew.official,2025-11-24,https://www.instagram.com/p/DRbF_DSE7I3/,Y,#광고 🫴 만지면 꼬리가 사라진다고 ?
knewnew.official,knewnew.official,2025-11-24,https://www.instagram.com/p/DRa4TnQk9vY/,N,아니 세종시 양식 왜 이렇게 잘해. 🍝
knewnew.official,knewnew.official,2025-11-23,https://www.instagram.com/p/DRZYfCuET25/,N,🌰 일본 최초의 몽블랑 가게가
knewnew.official,knewnew.official,2025-11-23,https://www.instagram.com/p/DRZKZpkEWZ7/,N,😮 20대가 2위가 아니야?
knewnew.official,knewnew.official,2025-11-23,https://www.instagram.com/p/DRY12HIE1Ha/,N,🐟 숙성회랑 초밥 키링 포장이요 ~
knewnew.official,knewnew.official,2025-11-23,https://www.instagram.com/p/DRYhcp1k2eE/,N,👁️ 에디터가 주목하는 NEW F&B 브랜드들! 🆕
knewnew.official,knewnew.official,2025-11-22,https://www.instagram.com/p/DRWzUTrEcKW/,N,#뉴뉴다이어리 📒 에디터는 이렇게 다닙니다.
knewnew.style,knewnew.official,2025-11-22,https://www.instagram.com/p/DRWzUTrEcKW/,N,#뉴뉴다이어리 📒 에디터는 이렇게 다닙니다.
knewnew.official,knewnew.official,2025-11-22,https://www.instagram.com/p/DRWsi4hEbRD/,Y,#광고 🚉 건대 약속 있는 사람들 여기로 모여!
knewnew.official,knewnew.official,2025-11-22,https://www.instagram.com/p/DRWlkmDk-ms/,N,🇭🇰 지금이 딱 홍콩 여행 적기!
knewnew.official,knewnew.official,2025-11-22,https://www.instagram.com/p/DRWRD4RkedH/,N,#EVENT 🤙🏻 제발 이번엔 모이자 애들아.
knewnew.official,knewnew.official,2025-11-22,https://www.instagram.com/p/DRV8bwNE9Sq/,N,"낮=한남동, 밤=녹사평 외워. 이건 공식이야. 👩🏻‍🏫"
knewnew.official,knewnew.official,2025-11-22,https://www.instagram.com/p/DRVurGIEdNS/,N,🛒 이케아에 ‘김치독‘ 등장?! 🌭
knewnew.official,knewnew.official,2025-11-21,https://www.instagram.com/p/DRUOgodEYmM/,N,헝그릐 !!🥢(무기 장착)
knewnew.official,knewnew.official,2025-11-21,https://www.instagram.com/p/DRUHh_LEUA7/,N,#알쓸뉴잡 🔍 1. 김장철 최고의 배추 고르는 법
knewnew.official,knewnew.official,2025-11-21,https://www.instagram.com/p/DRUA9-IkWKj/,Y,#광고 🍔 크리스마스 버거 기다린 사람?
knewnew.official,knewnew.official,2025-11-21,https://www.instagram.com/p/DRTlVzEE5PJ/,N,💌 딩동 - 당신을 위한 11월 4주차 신상템 알림 🔔
knewnew.official,knewnew.official,2025-11-21,https://www.instagram.com/p/DRTkRAzkceA/,Y,#광고 뚜레쥬르 감다살 인정 .. ❤️
knewnew.official,knewnew.official,2025-11-21,https://www.instagram.com/p/DRTJ6B9kzvB/,N,성심당 말차튀소는 먹고 싶은데 뚜벅이라고요?
knewnew.official,knewnew.official,2025-11-20,https://www.instagram.com/p/DRRcTSnEbSS/,N,"서울의 중심, 가장 조용한 골목 ‘후암동’ 🌿"
knewnew.official,knewnew.official,2025-11-20,https://www.instagram.com/p/DRRJL4skXUr/,N,🤦🏻🍓 요아정에게 니즈 파악 당함..
knewnew.official,knewnew.official,2025-11-20,https://www.instagram.com/p/DRRAmZcEzi4/,N,📅 이번 주 F&B 팝업 소식 HOT 6
knewnew.official,knewnew.official,2025-11-20,https://www.instagram.com/p/DRQyzSVk5x7/,N,🍣 뚝섬역에 이런 이자카야가 있었나
knewnew.official,knewnew.official,2025-11-20,https://www.instagram.com/p/DRQlj0VE8ZS/,N,부산의 색다른 드라이브 코스 찾아? 🚙
knewnew.official,knewnew.official,2025-11-19,https://www.instagram.com/p/DRPL3p9EcoJ/,N,😋 냄새까지 나면 완벽하겠다.
knewnew.official,knewnew.official,2025-11-19,https://www.instagram.com/p/DRPEYcHkTdD/,N,💕 sexy 느낌 가득한
knewnew.official,knewnew.official,2025-11-19,https://www.instagram.com/p/DRO-mh-keX8/,N,🎅🏻 ’잠실 크리스마스 마켓‘ 내일 오픈?
knewnew.official,knewnew.official,2025-11-19,https://www.instagram.com/p/DRO3MSrk2KI/,N,#EVENT 🎄 연말 데이트 스폿 후보 +1 획득
knewnew.official,knewnew.official,2025-11-19,https://www.instagram.com/p/DROpgHqkXpf/,Y,#광고 📢 무도키즈 주목! 무도투어 떴다 ⭐️
knewnew.official,knewnew.official,2025-11-19,https://www.instagram.com/p/DROeLXIkXjr/,N,"전국 도감, 이번엔 방어편! 🐟❄️"
knewnew.official,knewnew.official,2025-11-19,https://www.instagram.com/p/DROMN3LE59q/,N,🚀 쿠팡 <식품 블랙프라이데이> 떴다!
knewnew.official,knewnew.official,2025-11-19,https://www.instagram.com/p/DROB7hVk33u/,N,🥐 광주에는 꼭 가야 할
knewnew.official,knewnew.official,2025-11-18,https://www.instagram.com/p/DRMTks-ERIs/,N,🥶 오늘 너무 춥지 않아?
knewnew.official,knewnew.official,2025-11-18,https://www.instagram.com/p/DRMLiHXEYGZ/,Y,#광고 🫢 커피 마시면 이 다이어리 준다고?
knewnew.official,knewnew.official,2025-11-18,https://www.instagram.com/p/DRMEuE1kZlc/,N,😨 깻잎 넣은 카페라떼요..?
knewnew.official,knewnew.official,2025-11-18,https://www.instagram.com/p/DRL93hHkbqB/,Y,#광고 #EVENT 🛏️ 호텔 숙박권 받을 사람?
knewnew.official,knewnew.official,2025-11-18,https://www.instagram.com/p/DRLpLhpE-vf/,N,👨🏻‍🍳 느좋 셰프와 선재스님까지...?
knewnew.official,knewnew.official,2025-11-18,https://www.instagram.com/p/DRLjliwEwWF/,N,🤳🏻 이게 새로운 여행 인증샷 트렌드인가.
knewnew.official,knewnew.official,2025-11-18,https://www.instagram.com/p/DRLbkmqE70Y/,N,김해 맛집에 오신 걸 환영합니다. 😌
knewnew.official,knewnew.official,2025-11-17,https://www.instagram.com/p/DRJt3o1EWPw/,N,🛵 포항이 은근 낭만 도시인 거 알지..?
knewnew.official,knewnew.official,2025-11-17,https://www.instagram.com/p/DRJmx4wE1US/,Y,#광고 🍖 맛.잘.알. 이라면 무.조.건.
knewnew.official,knewnew.official,2025-11-17,https://www.instagram.com/p/DRJZKywkcW_/,Y,#광고 🥛 아침에 켈로그 챙겨 먹고
knewnew.official,knewnew.official,2025-11-17,https://www.instagram.com/p/DRJGbdFEznM/,N,🍺 7도 이상의 ‘고(高)도수‘ 맥주가 인기래.
knewnew.official,knewnew.official,2025-11-17,https://www.instagram.com/p/DRJDnfekxC6/,N,"🎀 헬키 러버들, 당장 알람 맞춰두세요."
knewnew.official,knewnew.official,2025-11-17,https://www.instagram.com/p/DRI2rb3k43o/,N,"🎙️ 아아, 맛집 찾는 중대생은 주목하라."
knewnew.official,knewnew.official,2025-11-16,https://www.instagram.com/p/DRHI2U_E-YM/,N,혹시 제주도 서쪽 코스 고민해? 🤔
knewnew.official,knewnew.official,2025-11-16,https://www.instagram.com/p/DRG0Pm7EQAv/,N,"📞 심심하면 나와, 연남동 가자."
knewnew.official,knewnew.official,2025-11-16,https://www.instagram.com/p/DRGtZQTkUl1/,Y,#광고 🧶 따뜻함의 끝은 히트텍 캐시미어 .. 🤍
knewnew.official,knewnew.official,2025-11-16,https://www.instagram.com/p/DRGfsUsk88X/,N,👁️ 에디터가 주목하는 NEW F&B 브랜드들! 🆕
knewnew.official,knewnew.official,2025-11-15,https://www.instagram.com/p/DREklqpkX6B/,N,요즘 대전 젊은이들 어디 갔나 했더니
knewnew.official,knewnew.official,2025-11-15,https://www.instagram.com/p/DREPgoiEVEW/,Y,#광고 🎄 겨울 국룰 케이크 = 투썸 스초생.
knewnew.official,knewnew.official,2025-11-15,https://www.instagram.com/p/DRD65JjE3qL/,N,#EVENT 🍓 이게 한남동의 겨울 별미야.
knewnew.official,knewnew.official,2025-11-15,https://www.instagram.com/p/DRDt0ulk1EP/,N,👥 너무 붐비는 한강진역을 벗어나
knewnew.official,knewnew.official,2025-11-14,https://www.instagram.com/p/DRC4o9ZE1z4/,N,🎶 <버드와이저 싱어롱 파티>에 바밍타이거 등장 !
knewnew.official,knewnew.official,2025-11-14,https://www.instagram.com/p/DRB_YRFkYp0/,N,🍂이번 주만 지나면 은행나무 뷰 못 본대 !!
knewnew.official,knewnew.official,2025-11-14,https://www.instagram.com/p/DRB4iBxEen7/,Y,#광고 🍚 올겨울 국밥은 이걸로 종결.
knewnew.official,knewnew.official,2025-11-14,https://www.instagram.com/p/DRBkezzEQHI/,Y,💌 딩동 - 당신을 위한 11월 3주차 신상템 알림 🔔
knewnew.official,knewnew.official,2025-11-14,https://www.instagram.com/p/DRBWC4_E4fy/,Y,#광고 🍴건강식 = 순대국밥? 🧐
knewnew.official,knewnew.official,2025-11-14,https://www.instagram.com/p/DRBNCK2E60N/,N,🆕 혹시 오늘 만우절인가요...? 🍜
knewnew.official,knewnew.official,2025-11-14,https://www.instagram.com/p/DRBI1-vk1Sx/,N,😮‍💨 몸과 마음이 지쳤다면 ?
knewnew.official,knewnew.official,2025-11-13,https://www.instagram.com/p/DQ__S-BE73T/,N,🍜 센트럴씨.. 제 신라면 (마음)을 받아주세요 💧
knewnew.official,knewnew.official,2025-11-13,https://www.instagram.com/p/DQ_2DQCk0BO/,Y,#광고 🎶 성수에 스포티파이가 팝업을 연다고?
knewnew.official,knewnew.official,2025-11-13,https://www.instagram.com/p/DQ_ayYbEbDh/,N,🍴 또 성수에서 만나자고?
knewnew.official,knewnew.official,2025-11-13,https://www.instagram.com/p/DQ_YxnrEUKF/,N,🥺 수험생 여러분 모두 수고하셨습니다 🌹
knewnew.official,knewnew.official,2025-11-13,https://www.instagram.com/p/DQ_F4KHEXT7/,Y,#광고 #EVENT 🧘🏻 집순이의 퇴근 후 행복 타임 vlog..
knewnew.official,knewnew.official,2025-11-13,https://www.instagram.com/p/DQ--7lLkbat/,N,📅 이번 주 F&B 팝업 소식 HOT 9
knewnew.official,knewnew.official,2025-11-13,https://www.instagram.com/p/DQ-xRY2E0A3/,N,❤️ 약수에서 데이트할 곳 찾았다
knewnew.official,knewnew.official,2025-11-13,https://www.instagram.com/p/DQ-j-2pEx3h/,N,"🗼 혹시 도쿄 여행 중 지쳤다면,"
knewnew.official,knewnew.official,2025-11-12,https://www.instagram.com/p/DQ-V1xsEdhv/,N,🤑 오늘 디저트는 무조건 요아정임.
knewnew.official,knewnew.official,2025-11-12,https://www.instagram.com/p/DQ88fs6kwER/,Y,#광고 📢 크리에이터 지망생은 지원 필수.
knewnew.official,knewnew.official,2025-11-12,https://www.instagram.com/p/DQ8u2IcEzyy/,Y,#광고 💆🏻‍♀️ 집에서 셀프로 인생 머리 만들기?
knewnew.official,knewnew.official,2025-11-12,https://www.instagram.com/p/DQ8o6ISEUvw/,N,"📆 수능 D-1, 과연 내일은 어떤 문구가?"
knewnew.official,knewnew.official,2025-11-12,https://www.instagram.com/p/DQ8hFjuk2gc/,Y,#광고 🥿 회사에서 지압슬리퍼 신고 싶은데
knewnew.official,knewnew.official,2025-11-12,https://www.instagram.com/p/DQ8TTadk9RR/,N,📖 내일 수능인데 이거 모르면 안 돼 !
knewnew.official,knewnew.official,2025-11-12,https://www.instagram.com/p/DQ8NEdYEzvV/,N,🍫 저렇게 많이 팔렸는데 왜 나는 ..
knewnew.official,knewnew.official,2025-11-12,https://www.instagram.com/p/DQ8MhJzEanq/,Y,#광고 ❄️ 겨울엔 역시 호빵이지 🤤
knewnew.official,knewnew.official,2025-11-12,https://www.instagram.com/p/DQ7-ug8E61B/,N,혹시 아직도 단풍 보러 안 갔니? 🍁
knewnew.official,knewnew.official,2025-11-11,https://www.instagram.com/p/DQ6kvKdk7hz/,Y,"#광고 이 카페, 마치 내 기분처럼 갈대 같아 🌾"
knewnew.official,knewnew.official,2025-11-11,https://www.instagram.com/p/DQ6VlvLESV7/,N,🧋 수능 응원 선물 = 서울대 데자와 어때요?
knewnew.official,knewnew.official,2025-11-11,https://www.instagram.com/p/DQ6RCzqkepB/,N,"친구야, 모란까지는 와줄 수 있잖아"
knewnew.official,knewnew.official,2025-11-11,https://www.instagram.com/p/DQ6KBuikeGn/,Y,#광고 더 늦으면 큰일남.
knewnew.official,knewnew.official,2025-11-11,https://www.instagram.com/p/DQ6DHnFETvQ/,N,👁️ 에디터가 주목하는 강원도의 NEW F&B 브랜드들! 🆕
knewnew.official,knewnew.official,2025-11-11,https://www.instagram.com/p/DQ5xwEhkZkm/,N,🍽️ 누구나 12월 31일까지 먹을 수 있다!
knewnew.official,knewnew.official,2025-11-11,https://www.instagram.com/p/DQ5sekREyX9/,N,🍜 <고독한 미식가> 팬이라면 주목.
knewnew.official,knewnew.official,2025-11-11,https://www.instagram.com/p/DQ5Z557kzxb/,N,🍧 광안리 골목 무드가 그렇게 좋냐고 ?
knewnew.official,knewnew.official,2025-11-10,https://www.instagram.com/p/DQ3szalkRXy/,N,"📚 공부만 잘한다고 소문난 수성구,"
knewnew.official,knewnew.official,2025-11-10,https://www.instagram.com/p/DQ3eV2mEaHz/,N,"자기야, 나도 이번에 빼빼로 준비했어"
knewnew.official,knewnew.official,2025-11-10,https://www.instagram.com/p/DQ3XdZlE04a/,Y,#광고 💎 서천 판교에 숨겨진 보물이 있다고?
knewnew.official,knewnew.official,2025-11-10,https://www.instagram.com/p/DQ21Nw-EzoN/,N,혹시 청구로 알아? 😽
knewnew.official,knewnew.official,2025-11-09,https://www.instagram.com/p/DQ1Vq3yEy9N/,N,경주 가서 불국사를 안 들를 순 없지 🪷
knewnew.official,knewnew.official,2025-11-09,https://www.instagram.com/p/DQ1HQokkRda/,N,✋🏻 겨울에 털 안 달면 허전한 사람 손 들어.
knewnew.official,knewnew.official,2025-11-09,https://www.instagram.com/p/DQ0ywLnEV0o/,N,"⛅️ 그래, 이게 일요일의 평화지 .."
knewnew.official,knewnew.official,2025-11-09,https://www.instagram.com/p/DQ0eDKskyvH/,N,👁️ 에디터가 주목하는 NEW F&B 브랜드들! 🆕
knewnew.official,knewnew.official,2025-11-08,https://www.instagram.com/p/DQyqYK3E3zX/,N,🎤 나는야 아바타스타 슈 ~ 포키 !
knewnew.official,knewnew.official,2025-11-08,https://www.instagram.com/p/DQyiv19EV02/,N,⛄️ 더 추워지기 전에 포천 당일치기 갈까?
knewnew.official,knewnew.official,2025-11-08,https://www.instagram.com/p/DQyOBLZkek3/,N,🫂 2주마다 돌아오는 뉴뉴 밥친구 시리즈 #5
knewnew.official,knewnew.official,2025-11-08,https://www.instagram.com/p/DQx5psZk8lS/,N,롯폰기만 N번째 방문 중인 에디터가
knewnew.official,knewnew.official,2025-11-07,https://www.instagram.com/p/DQwEhW4Ebi8/,Y,#광고 #EVENT ‍🙇 빵순이들 주목!
knewnew.official,knewnew.official,2025-11-07,https://www.instagram.com/p/DQv2zc_Ezcn/,Y,#제작지원 😈🧁 몬스터 컵케이크? 난 이거 찍으러 가야겠다.
knewnew.official,knewnew.official,2025-11-07,https://www.instagram.com/p/DQv0ayOkW5u/,N,🍻 하이볼이 있는 곳이라면
knewnew.official,knewnew.official,2025-11-07,https://www.instagram.com/p/DQvv750E2JR/,Y,#광고 📚 이렇게 감성적인 팝콘 봤어?
knewnew.official,knewnew.official,2025-11-07,https://www.instagram.com/p/DQvsF15ETmM/,N,🏃🏻‍♂️ 광화문에 뜬 33초짜리 트레드밀?
knewnew.official,knewnew.official,2025-11-07,https://www.instagram.com/p/DQvpGXkk-VU/,N,📆 2026년이 60일도 안 남았다고..?
knewnew.official,knewnew.official,2025-11-07,https://www.instagram.com/p/DQviSIHk3Se/,N,💌 딩동 - 당신을 위한 11월 2주차 신상템 알림 🔔
knewnew.official,knewnew.official,2025-11-07,https://www.instagram.com/p/DQvNrnVk-r-/,N,🗝️ 빼빼로.. 내가 몰랐던 과거가.. 👀
knewnew.official,knewnew.official,2025-11-07,https://www.instagram.com/p/DQvGzuuE60d/,N,📆 노들섬 공사 시작일이 2주 연기 됐다고?
knewnew.official,knewnew.official,2025-11-06,https://www.instagram.com/p/DQtgBE5E2cw/,N,혹시.. 국내 여행 가고 싶지 않아? 🚗
knewnew.official,knewnew.official,2025-11-06,https://www.instagram.com/p/DQtY2tMk1YB/,N,#EVENT 🛋️ 자리도 편하고 조용하고 맛있어..
knewnew.official,knewnew.official,2025-11-06,https://www.instagram.com/p/DQtB80Ekfg0/,N,📅 이번 주 F&B 팝업 소식 HOT 9
knewnew.official,knewnew.official,2025-11-06,https://www.instagram.com/p/DQsiOhek3Pb/,N,벌써 수능 D-7 ..? ✏️
knewnew.official,knewnew.official,2025-11-05,https://www.instagram.com/p/DQq7SL4ESAI/,Y,#광고 🌟 소상공인 여러분 주목!
knewnew.official,knewnew.official,2025-11-05,https://www.instagram.com/p/DQq00acEW4Z/,N,제주도 놀러 가도 좋지만 🌴
knewnew.official,knewnew.official,2025-11-05,https://www.instagram.com/p/DQqtPBGkagh/,Y,#광고 ️🏙️ 서울에만 멋진 전시 있다고 누가 그래
knewnew.official,knewnew.official,2025-11-05,https://www.instagram.com/p/DQqmW-dEwLc/,N,DMC 인근 출퇴근러라면
knewnew.official,knewnew.official,2025-11-05,https://www.instagram.com/p/DQqfjICkaCq/,Y,#광고 🏙️ 홍대 한복판에 초콜릿 자동차가 떴다? 🚗
knewnew.official,knewnew.official,2025-11-05,https://www.instagram.com/p/DQqVGzhkVFr/,N,"🥤 스타벅스, 7년 만에 ‘플라스틱 빨대’ 재도입?"
knewnew.official,knewnew.official,2025-11-05,https://www.instagram.com/p/DQqK4tpE3Nu/,N,🌿 도심 속 힐링을 즐길 수 있는
knewnew.official,knewnew.official,2025-11-05,https://www.instagram.com/p/DQp9FqMk5wl/,N,"🤔 오늘 점심, 저녁 뭐 먹지?"
knewnew.official,knewnew.official,2025-11-04,https://www.instagram.com/p/DQoVsKmE1ut/,Y,#광고 👀 남산 타워 뷰가 TV에 그대로 들어온다고요?!
knewnew.official,knewnew.official,2025-11-04,https://www.instagram.com/p/DQoPRrpER1j/,N,대전 가면 둔산동은 꼭 가게 될걸 ? 💁🏻‍♀️
knewnew.official,knewnew.official,2025-11-04,https://www.instagram.com/p/DQoCd40kVCq/,Y,#제작지원 🫧 자신감을 넣어주는 디올 향수?
knewnew.official,knewnew.official,2025-11-04,https://www.instagram.com/p/DQngCFTk7JP/,N,"11월 4일, 오늘 단 하루만 반값 ? 💸"
knewnew.official,knewnew.official,2025-11-04,https://www.instagram.com/p/DQnY7ASE0Rc/,N,혹시 혼놀 코스 고민해? 🧐
knewnew.official,knewnew.official,2025-11-03,https://www.instagram.com/p/DQlqindET3p/,N,충주도 느좋 구석이 많다 ..♥︎
knewnew.official,knewnew.official,2025-11-03,https://www.instagram.com/p/DQljnToE2K_/,Y,"#광고 🎂 비주얼과 맛, 둘 다 잡은 하겐다즈 신상 케이크!"
knewnew.official,knewnew.official,2025-11-03,https://www.instagram.com/p/DQlPB1Jk8IV/,N,📖 책과 ☕️ 커피는
knewnew.official,knewnew.official,2025-11-03,https://www.instagram.com/p/DQkzjCYk0Dn/,N,원래 가을은 서촌의 계절이야
knewnew.official,knewnew.official,2025-11-02,https://www.instagram.com/p/DQjFrkek5y6/,N,✨ 거제는 분위기 맛집이 정말 많다.
knewnew.official,knewnew.official,2025-11-02,https://www.instagram.com/p/DQicqodk6-K/,N,👁️ 에디터가 주목하는 NEW F&B 브랜드들! 🆕
knewnew.official,knewnew.official,2025-11-01,https://www.instagram.com/p/DQgjFz-EWNj/,N,나 전주 사랑하나봐 .. ♥️
knewnew.official,knewnew.official,2025-11-01,https://www.instagram.com/p/DQgMYYEE0gh/,Y,#제작지원 👾👾 몬스터들의 크리스마스 파티? 나도 껴줘.
knewnew.official,knewnew.official,2025-11-01,https://www.instagram.com/p/DQf4dBJE48-/,N,친구와 훌쩍 떠난 즉흥 오사카 여행 ✈️
knewnew.official,knewnew.official,2025-10-31,https://www.instagram.com/p/DQeDEFzkQhu/,Y,#광고 ☃️ 우린 겨울에도 귀여워야 하잖아.
knewnew.official,knewnew.official,2025-10-31,https://www.instagram.com/p/DQd8lrjE9MX/,N,아 알차다 알차 ~ 목포 여행 🚆
knewnew.official,knewnew.official,2025-10-31,https://www.instagram.com/p/DQd1Ur9kc8J/,Y,#광고 ✨ 방문만 해도 양손이 두둑해지는
knewnew.official,knewnew.official,2025-10-31,https://www.instagram.com/p/DQduZhxEZ0R/,N,🎧 음악 좋아하는 너라면 알지도.
knewnew.official,knewnew.official,2025-10-31,https://www.instagram.com/p/DQdniywkU_J/,Y,#광고 💆‍♀️ 친구야 너 두피 리셋하러 DDP 간다며?
knewnew.official,knewnew.official,2025-10-31,https://www.instagram.com/p/DQdgqOBkX3T/,N,💌 딩동 - 당신을 위한 11월 1주차 신상템 알림 🔔
knewnew.official,knewnew.official,2025-10-31,https://www.instagram.com/p/DQdaN9Ckcc1/,N,지금은 무슨 철? 방어 철 ~~~ 🐟
knewnew.official,knewnew.official,2025-10-31,https://www.instagram.com/p/DQdS7G9EyZp/,Y,#제작지원 🤤 산토리 하이볼과 찰떡인 이자카야 맛집 추천
knewnew.official,knewnew.official,2025-10-31,https://www.instagram.com/p/DQdFP9QE_2O/,N,"👦🏻👧🏻 엄마, 아빠는 어디서 만났어?"
knewnew.official,knewnew.official,2025-10-30,https://www.instagram.com/p/DQblEa2k8rn/,Y,#광고 #EVNET 🦷 여기서 치실 쓰고 가세요 ~
knewnew.official,knewnew.official,2025-10-30,https://www.instagram.com/p/DQbgAadE_Aq/,N,🆕 오늘 출시한 코코 말차 드셔보신 분?! 🥥
knewnew.official,knewnew.official,2025-10-30,https://www.instagram.com/p/DQbeZ-cE_fg/,N,망원에 이자카야 천재들 왜 이렇게 많아요? 🎓
knewnew.official,knewnew.official,2025-10-30,https://www.instagram.com/p/DQbXZMCEfzJ/,Y,#광고 ☕ 삼성카드면 스타벅스 커피 한 잔 무료라고요?!
knewnew.official,knewnew.official,2025-10-30,https://www.instagram.com/p/DQbQdkHEaaR/,Y,#광고 #EVENT 신메뉴 이벤트 포함!
knewnew.official,knewnew.official,2025-10-30,https://www.instagram.com/p/DQbMHp2kV_u/,N,🥖 올해 대전 빵 축제에서
knewnew.official,knewnew.official,2025-10-30,https://www.instagram.com/p/DQbKAB4EW_Y/,N,👋🏻 답답한 마음은 잠시 뒤로!
knewnew.official,knewnew.official,2025-10-30,https://www.instagram.com/p/DQbDg7FEXbJ/,Y,#광고 집순이 에디터가 애정하는 스토어들 알려줄게 ✨
knewnew.official,knewnew.official,2025-10-30,https://www.instagram.com/p/DQa76PxE139/,N,📅 이번 주 F&B 팝업 소식 HOT 9
knewnew.official,knewnew.official,2025-10-30,https://www.instagram.com/p/DQauLjeEZBj/,N,⭐️ 여기에 네 취향 하나쯤은 있을걸?
knewnew.official,knewnew.official,2025-10-30,https://www.instagram.com/p/DQanjJ3k-tg/,Y,#광고 #홈플러스 #BLACK홈플런 #가을세일
knewnew.official,knewnew.official,2025-10-29,https://www.instagram.com/p/DQY5GpEk5Rp/,Y,#광고 🧑🏻‍🍳 유명 셰프님들도 놀라는 삼성전자 AI 가전?
knewnew.official,knewnew.official,2025-10-29,https://www.instagram.com/p/DQYywC7kd37/,N,언제까지 광주에서 한정식만 먹을 거야 🫠
knewnew.official,knewnew.official,2025-10-29,https://www.instagram.com/p/DQYrr1MkQfc/,Y,#광고 🐟 서울 한복판에 노르웨이 연어 등장?
knewnew.official,knewnew.official,2025-10-29,https://www.instagram.com/p/DQYky2JE8n_/,N,부평의 낮과 밤을 제대로 즐기고 싶다면 🌙✨
knewnew.official,knewnew.official,2025-10-29,https://www.instagram.com/p/DQYaEWekQ8w/,N,"🪐 팝업 컨셉 최강자 젤리캣,"
knewnew.official,knewnew.official,2025-10-29,https://www.instagram.com/p/DQYJXDwkzVe/,N,✨ 도쿄 가기 딱 좋은 날씨에 맞는
knewnew.official,knewnew.official,2025-10-29,https://www.instagram.com/p/DQX7fHdk6Zs/,N,"자기야, 이번 주 데이트는 행궁동 어때?"
knewnew.official,knewnew.official,2025-10-28,https://www.instagram.com/p/DQWNvfSkd6U/,N,😮‍💨 마음이 지칠 대로 지쳤다면?
knewnew.official,knewnew.official,2025-10-28,https://www.instagram.com/p/DQWCLxakakf/,N,"이번 할로윈, 소소하게 즐겨보는 건 어때요? 🎃"
knewnew.official,knewnew.official,2025-10-28,https://www.instagram.com/p/DQV5JQ5E4Lk/,Y,#광고 🏙️ 서울에만 멋진 전시 있다고 누가 그래
knewnew.official,knewnew.official,2025-10-28,https://www.instagram.com/p/DQVchmvE-FX/,N,🇺🇸 미국에서만 판매하던 코코 말차
knewnew.official,knewnew.official,2025-10-28,https://www.instagram.com/p/DQVWuW7k_fX/,N,마지막으로 서순라길의 낮 타임 즐기러 가자 ! ☀️
knewnew.official,knewnew.official,2025-10-27,https://www.instagram.com/p/DQT9hC2k3Dc/,Y,#광고 #EVENT 🧧 감각적인 테이블은 이렇게 연출하는 거야
knewnew.official,knewnew.official,2025-10-27,https://www.instagram.com/p/DQT2r3hERdJ/,N,🚟 성수에서 극락 가는 법 ?
knewnew.official,knewnew.official,2025-10-27,https://www.instagram.com/p/DQTv0izk2ui/,Y,#광고 #EVENT 🌼 귀여운 아이템 좋아하는 사람 집중 ~
knewnew.official,knewnew.official,2025-10-27,https://www.instagram.com/p/DQTo74Lk56F/,N,군자에서도 이런 분위기가 가능하다고? 😮
knewnew.official,knewnew.official,2025-10-27,https://www.instagram.com/p/DQTUY4XEzXi/,N,"#EVENT 🎧 아날로그가 그리울 때, 있잖아요"
knewnew.official,knewnew.official,2025-10-27,https://www.instagram.com/p/DQSyE75k_W5/,N,천안에 느낌 좋은 카페 찾고 있다고?
knewnew.official,knewnew.official,2025-10-26,https://www.instagram.com/p/DQRFjo3kexX/,N,도쿄 로컬 감성 절대 놓칠 수 없지. ☝🏻
knewnew.official,knewnew.official,2025-10-26,https://www.instagram.com/p/DQQouvzk5vb/,N,🍁 붉게 물드는 나무를 바라보며
knewnew.official,knewnew.official,2025-10-26,https://www.instagram.com/p/DQQbJcEE5Hf/,N,👁️ 에디터가 주목하는 NEW F&B 브랜드들! 🆕
knewnew.official,knewnew.official,2025-10-25,https://www.instagram.com/p/DQOfpStEQo2/,N,서해바다 예쁜 거 처음 봐 ? 😏
knewnew.official,knewnew.official,2025-10-25,https://www.instagram.com/p/DQOKzvgE1aq/,N,🫂 2주마다 돌아오는 뉴뉴 밥친구 시리즈 #4
knewnew.official,knewnew.official,2025-10-25,https://www.instagram.com/p/DQOD8yQk3R4/,Y,#광고 🫢 홍대에 초대형 자판기 건물이 등장했다고?!
knewnew.official,knewnew.official,2025-10-25,https://www.instagram.com/p/DQN2wjYEyMH/,N,🏠 강릉 사는 친구만 믿고 간 강릉 코스 !
knewnew.official,knewnew.official,2025-10-25,https://www.instagram.com/p/DQNu-wKE8-U/,Y,#광고 🐎 어 난데 여기 핫플이야.
knewnew.official,knewnew.official,2025-10-24,https://www.instagram.com/p/DQMBZMWEcDM/,N,🎓 충남대 친구들 모여라
knewnew.official,knewnew.official,2025-10-24,https://www.instagram.com/p/DQL6GYgkSd0/,Y,#광고 🍫 네? 초콜릿 국가대표가 있다고요?
knewnew.official,knewnew.official,2025-10-24,https://www.instagram.com/p/DQL3FjoEcre/,N,🕰️ 레트로 러버를 위한 월간 다방 수집 시리즈
knewnew.official,knewnew.official,2025-10-24,https://www.instagram.com/p/DQLtKF_kaVX/,N,세상에 이번 주 지역 축제 라인업 좀 보세요 👀
knewnew.official,knewnew.official,2025-10-24,https://www.instagram.com/p/DQLl-QDE0-V/,Y,#광고 👀 성수동에 보법이 다른 이들이 나타났다!
knewnew.official,knewnew.official,2025-10-24,https://www.instagram.com/p/DQLfFopEY79/,N,💌딩동 - 당신을 위한 10월 4주차 신상템 알림 🔔
knewnew.official,knewnew.official,2025-10-24,https://www.instagram.com/p/DQLD-FLEyvz/,N,혹시 그거 알았어? 😮
knewnew.official,knewnew.official,2025-10-23,https://www.instagram.com/p/DQJkJNrkdIq/,N,🎀 부천이 이렇게 핀터맛 동네였어?
knewnew.official,knewnew.official,2025-10-23,https://www.instagram.com/p/DQJczuYkWpz/,Y,#광고 🚨 한남동에 헬리녹스 웨어 떴다고?
knewnew.official,knewnew.official,2025-10-23,https://www.instagram.com/p/DQJVuxOEZVw/,N,#EVENT 🫂 온기가 필요할 땐 여기로 와.
knewnew.official,knewnew.official,2025-10-23,https://www.instagram.com/p/DQJBLu3E_CG/,Y,#광고 🍗 한식을 사랑한 이태리 셰프 ‘파브리’가 만든
knewnew.official,knewnew.official,2025-10-23,https://www.instagram.com/p/DQI6TOPEaQL/,Y,📅 이번 주 F&B 팝업 소식 HOT 10
knewnew.official,knewnew.official,2025-10-23,https://www.instagram.com/p/DQIlqTxk11d/,Y,#광고 🍟 XL로 커진 후렌치 후라이의 등장!
knewnew.official,knewnew.official,2025-10-23,https://www.instagram.com/p/DQIfVTsE3uB/,N,???: 우리 전포가 빈티지 좀 잘해요.
knewnew.official,knewnew.official,2025-10-22,https://www.instagram.com/p/DQG_iBXkaIX/,N,🏠 집에 들어가기 아쉬운 날
knewnew.official,knewnew.official,2025-10-22,https://www.instagram.com/p/DQGw49HEe5D/,N,이태원에서 깔롱진 하루를 원해? 👨🏻‍🎤
knewnew.official,knewnew.official,2025-10-22,https://www.instagram.com/p/DQGcbWKkbUn/,N,😎 홀리데이 미리 준비해 🍰
knewnew.official,knewnew.official,2025-10-22,https://www.instagram.com/p/DQGHz3Gk8UQ/,N,🇦🇺 ‘고매고매고매고매고매요리 ~’
knewnew.official,knewnew.official,2025-10-22,https://www.instagram.com/p/DQGDFuXkzNZ/,N,"🧘🏻‍♀️ 바쁜 일상에 지쳐 힐링이 필요하다면,"
knewnew.official,knewnew.official,2025-10-21,https://www.instagram.com/p/DQEMPaIkUKv/,N,퇴근하고 그냥 집에 가려고 ? 💁🏻‍♀️
knewnew.official,knewnew.official,2025-10-21,https://www.instagram.com/p/DQEFXrBEXbY/,Y,#광고 #EVENT 🍞 서울대도 크림빵 대전에 합류했다?
knewnew.official,knewnew.official,2025-10-21,https://www.instagram.com/p/DQD3mTHE6wk/,N,#EVENT ‍🧈 뉴뉴가 ‘빵’- 쏜다 👈🏻
knewnew.official,knewnew.official,2025-10-21,https://www.instagram.com/p/DQDdDMik3Zn/,N,🎂 미피 70주년 기념 스타벅스 X 미피 콜라보 등장!
knewnew.official,knewnew.official,2025-10-21,https://www.instagram.com/p/DQDVT0IExsb/,N,"청주, 너 진짜 낭만 있는 곳이구나? 🤎"
knewnew.official,knewnew.official,2025-10-20,https://www.instagram.com/p/DQBqR1nkQB3/,N,대구 토박이들만 알고 있는 🗺️
knewnew.official,knewnew.official,2025-10-20,https://www.instagram.com/p/DQA-M_1Eytj/,N,#EVENT 🐯 이런 호랑이굴이라면 바로 입장.
knewnew.official,knewnew.official,2025-10-20,https://www.instagram.com/p/DQAwsEkk8aw/,N,🏫 성신여대에 분위기 좋은 곳이
knewnew.official,knewnew.official,2025-10-19,https://www.instagram.com/p/DP_CzT3Ee66/,N,✨ 포항은 분위기 맛집부터
knewnew.official,knewnew.official,2025-10-19,https://www.instagram.com/p/DP-nXngkQt4/,N,"💳 에디터의 지갑, 이것 때문에 위험하다..."
knewnew.official,knewnew.official,2025-10-19,https://www.instagram.com/p/DP-Z3fWEbjK/,N,👁️ 에디터가 주목하는 충북의 NEW F&B 브랜드들! 🆕
knewnew.official,knewnew.official,2025-10-18,https://www.instagram.com/p/DP871ktkR1Z/,N,🔥 파라다이스 시티에 나타난 지디 오빠 .. ♥ 
knewnew.official,knewnew.official,2025-10-18,https://www.instagram.com/p/DP8eHQiEVyv/,N,누가 우리 익산에 할 게 없대 ㅡ3ㅡ
knewnew.official,knewnew.official,2025-10-18,https://www.instagram.com/p/DP8JL7RE2tB/,N,🇯🇵 수원이라고? 일본 아니라고?
knewnew.official,knewnew.official,2025-10-18,https://www.instagram.com/p/DP708FRkUoz/,N,여수 여행 도대체 어딜 가야할지 모르겠다고? 🧐
knewnew.official,knewnew.official,2025-10-17,https://www.instagram.com/p/DP6AM-bkVyt/,N,"📅 이번 주말, 대전 소제동에서"
knewnew.official,knewnew.official,2025-10-17,https://www.instagram.com/p/DP5dy33EVxp/,N,💌딩동 - 당신을 위한 10월 3주차 신상템 알림 🔔
knewnew.official,knewnew.official,2025-10-17,https://www.instagram.com/p/DP5Wojakaw4/,Y,#광고 #EVENT 🍶 먹지 마세요. 피부에 양보하세요 😉
knewnew.official,knewnew.official,2025-10-17,https://www.instagram.com/p/DP5P5TLkfed/,N,"🥩 전국 도감, 이번엔 돈가스 편!"
knewnew.official,knewnew.official,2025-10-17,https://www.instagram.com/p/DP5EKxtE8HJ/,N,🧋 공차 데이? 무료 토핑이 공짜 데이.
knewnew.official,knewnew.official,2025-10-17,https://www.instagram.com/p/DP5CR6AE7ki/,N,"⏰ 바쁘다 바빠, 현대 사회 !"
knewnew.official,knewnew.official,2025-10-16,https://www.instagram.com/p/DP3ii-hkzQY/,N,너 이번에 고양종합운동장 가?
knewnew.official,knewnew.official,2025-10-16,https://www.instagram.com/p/DP3bHuOkeTm/,Y,#광고 🍻 친구랑 어디서 만날지 고민된다면?!
knewnew.official,knewnew.official,2025-10-16,https://www.instagram.com/p/DP3UamOEyur/,N,📅 이번 주 F&B 팝업 소식 HOT 9
knewnew.official,knewnew.official,2025-10-16,https://www.instagram.com/p/DP3GlvMkYBn/,N,"난 고구마호박, 아니 호박고구마 🍠"
knewnew.official,knewnew.official,2025-10-16,https://www.instagram.com/p/DP2-c5QkYE7/,Y,#광고 🍽️ 쇼니노 반값으로 즐길 수 있는지 몰랐어.
knewnew.official,knewnew.official,2025-10-16,https://www.instagram.com/p/DP2x1eAEzdk/,N,🧂이렇게 아찔한 소금빵 봤어?
knewnew.official,knewnew.official,2025-10-16,https://www.instagram.com/p/DP2q-XkkTNo/,Y,"#광고 🕹️ 우리의 쎄쎄쎄 친구,"
knewnew.official,knewnew.official,2025-10-16,https://www.instagram.com/p/DP2d2-UEzQw/,N,🍃 망원동의 한적한 감성을 좋아하시나요?
knewnew.official,knewnew.official,2025-10-15,https://www.instagram.com/p/DP1EEejk9PV/,Y,#광고 🌙 저녁 5시 이후에도 부담없이 즐기는 티타임 카페인 FREE라 걱정도 FREE 💤
knewnew.official,knewnew.official,2025-10-15,https://www.instagram.com/p/DP0953lkZyt/,N,갑자기 추워진 날씨 ☔️
knewnew.official,knewnew.official,2025-10-15,https://www.instagram.com/p/DP02QjiEcDy/,Y,#광고 #EVENT 👚 나 요즘 새거보다 내꺼같은 게 좋아.
knewnew.official,knewnew.official,2025-10-15,https://www.instagram.com/p/DP0wPQDkYel/,N,🍜고대 근처엔 맛집도 많지만
knewnew.official,knewnew.official,2025-10-15,https://www.instagram.com/p/DP0ohsZk3_0/,Y,#광고 🎮 게임 속 요리를 진짜로 만들어봤다고?!
knewnew.official,knewnew.official,2025-10-15,https://www.instagram.com/p/DP0hsIwkUJH/,N,🌯 지금 피드엔 부리또밖에 없다고요
knewnew.official,knewnew.official,2025-10-15,https://www.instagram.com/p/DP0UTiFkWIs/,N,👁️ 에디터가 주목하는 NEW F&B 브랜드들! 🆕
knewnew.official,knewnew.official,2025-10-15,https://www.instagram.com/p/DP0GOuQE5EP/,N,👩‍❤️‍👨 수사샤 언니가 말아주는
knewnew.official,knewnew.official,2025-10-15,https://www.instagram.com/p/DPz4uhvk720/,N,🍁 가을하면? 피크닉 🧺
knewnew.official,knewnew.official,2025-10-14,https://www.instagram.com/p/DPyRetgEcQX/,N,미국은 가고 싶은데 시간과 돈이 없다고?
knewnew.official,knewnew.official,2025-10-14,https://www.instagram.com/p/DPxhYhrEX8K/,Y,#광고 🤩 프리미엄 다이닝을 반값에?!!
knewnew.official,knewnew.official,2025-10-14,https://www.instagram.com/p/DPxhHaSETIP/,N,"🍔 인앤아웃 팝업, 서울에 뜬다!"
knewnew.official,knewnew.official,2025-10-14,https://www.instagram.com/p/DPxTtb8E6QP/,N,대구 토박이 에디터와 카페 투어 하러 갈래? 🚶🏻‍♀️
knewnew.official,knewnew.official,2025-10-13,https://www.instagram.com/p/DPvsvheEVbL/,N,한국인의 소울푸드는 단연 마늘 아닙니까 ☞ 🧄
knewnew.official,knewnew.official,2025-10-13,https://www.instagram.com/p/DPvjiWikZEd/,N,🗓️ 10월 13일이 뭔데?
knewnew.official,knewnew.official,2025-10-13,https://www.instagram.com/p/DPvRR7Ek87G/,N,#EVENT ♨️ 양머리하고 고기 드실 분?
knewnew.official,knewnew.official,2025-10-13,https://www.instagram.com/p/DPu5ILZExJy/,N,🙊 다시 돌아온 스타벅스X베이프 콜라보!
knewnew.official,knewnew.official,2025-10-13,https://www.instagram.com/p/DPuu2cKk7Qr/,N,이번 연휴 때 너무 많이 먹었나 ..? 😅
knewnew.official,knewnew.official,2025-10-12,https://www.instagram.com/p/DPtA-78kR_n/,N,😮 네? 김천에서 김밥 축제 한다고요?
knewnew.official,knewnew.official,2025-10-12,https://www.instagram.com/p/DPs6SgtEcID/,N,"💳 에디터의 지갑, 이것 때문에 위험하다..."
knewnew.official,knewnew.official,2025-10-12,https://www.instagram.com/p/DPss1KHkWXA/,N,동국대 근처에 이렇게 맛집이 많았다고?
knewnew.official,knewnew.official,2025-10-11,https://www.instagram.com/p/DPqcSBvkZzg/,N,🎶 보기만 해도  즐거운
knewnew.official,knewnew.official,2025-10-11,https://www.instagram.com/p/DPqHlmQkQqI/,N,🫂 매주 돌아오는 뉴뉴 밥친구 시리즈 #3
knewnew.official,knewnew.official,2025-10-11,https://www.instagram.com/p/DPqAwUdEW4u/,N,"길었던 추석 연휴가 끝났다는 건,"
knewnew.official,knewnew.official,2025-10-11,https://www.instagram.com/p/DPp4gFfEVy-/,N,막창의 도시 대구가 이렇게 느좋이라고? ✻
knewnew.official,knewnew.official,2025-10-10,https://www.instagram.com/p/DPn7KLcEWYL/,N,광주 사람들은 미국 수제버거 안 부럽다 🇺🇸
knewnew.official,knewnew.official,2025-10-10,https://www.instagram.com/p/DPnpq73Efuv/,N,이거 왜 이렇게 핫한 거야? 🫢
knewnew.official,knewnew.official,2025-10-10,https://www.instagram.com/p/DPncEw0kQLR/,N,💌딩동 - 당신을 위한 10월 2주차 신상템 알림 🔔
knewnew.official,knewnew.official,2025-10-10,https://www.instagram.com/p/DPnTJSyERK8/,N,😭 연휴 끝나서 울고 있는 사람 ㅠㅠ
knewnew.official,knewnew.official,2025-10-10,https://www.instagram.com/p/DPnAyYQE9F5/,N,조용하게 떠오르는 지역이 있다 ? 🆕
knewnew.official,knewnew.official,2025-10-09,https://www.instagram.com/p/DPlSm0TEagV/,N,💁🏻‍♀️ 을지로 노포 감성 야장 원해 ?
knewnew.official,knewnew.official,2025-10-09,https://www.instagram.com/p/DPk3L7VE6Hu/,N,📅 이번 주 F&B 팝업 소식 HOT 8
knewnew.official,knewnew.official,2025-10-09,https://www.instagram.com/p/DPkpaJtE7kP/,N,🎸 서울에서 가장 힙한구?
knewnew.official,knewnew.official,2025-10-08,https://www.instagram.com/p/DPit05ZkfTp/,N,💭 누가 춘천하면 닭갈비밖에 없대.
knewnew.official,knewnew.official,2025-10-08,https://www.instagram.com/p/DPiZQaikcDW/,N,🤤 민경 언니는 유명한 쩝쩝 박사님이올시다
knewnew.official,knewnew.official,2025-10-08,https://www.instagram.com/p/DPiScNpk6xp/,N,🔔 주간 빵지순례 알림 ON
knewnew.official,knewnew.official,2025-10-08,https://www.instagram.com/p/DPiEmjzE70Q/,N,만나자고 ? 미안한데 나 약속 있어 🕰️
knewnew.official,knewnew.official,2025-10-07,https://www.instagram.com/p/DPf7TdEE0s1/,N,#EVENT ‍🧈 뉴뉴가 ‘빵’- 쏜다 👈🏻
knewnew.official,knewnew.official,2025-10-07,https://www.instagram.com/p/DPf0edAExIl/,N,♦️ 건대 홍콩 거기서 만나
knewnew.official,knewnew.official,2025-10-07,https://www.instagram.com/p/DPff6shE2fv/,N,도쿄 코엔지 가서 빈티지 쇼핑만 할 거야?
knewnew.official,knewnew.official,2025-10-06,https://www.instagram.com/p/DPdkRHMkYLV/,N,🤡 이 ‘맛’에 건대 가지...
knewnew.official,knewnew.official,2025-10-06,https://www.instagram.com/p/DPdCOzKEQjL/,N,🥹 김해 사람들은 봉리단길에서 모인다고?
knewnew.official,knewnew.official,2025-10-05,https://www.instagram.com/p/DPa_bamkxse/,N,진주만 가면 난.. 소녀가 되… 🎀
knewnew.official,knewnew.official,2025-10-05,https://www.instagram.com/p/DPaq04WE0dm/,N,#EVENT ‍🧈 뉴뉴가 ‘빵’- 쏜다 👈🏻
knewnew.official,knewnew.official,2025-10-05,https://www.instagram.com/p/DPaWusVkYlY/,N,👁️ 에디터가 주목하는 부산의 NEW F&B 브랜드들! 🆕
knewnew.official,knewnew.official,2025-10-05,https://www.instagram.com/p/DPaKB6HEwfs/,N,"🚗 귀향길의 묘미, 당신이 선택할 휴게소 간식은?"
knewnew.official,knewnew.official,2025-10-04,https://www.instagram.com/p/DPYGD0eEwGs/,N,🫂 수요일마다 돌아오는 뉴뉴 밥친구 시리즈 #2
knewnew.official,knewnew.official,2025-10-04,https://www.instagram.com/p/DPXqnNuk8KP/,N,👀 황리단길에 뭐가 이렇게 많아?
knewnew.official,knewnew.official,2025-10-03,https://www.instagram.com/p/DPV5VnrE7CP/,N,🥹 우리 안성도 예쁜 곳 많다구요!
knewnew.official,knewnew.official,2025-10-03,https://www.instagram.com/p/DPVvBlaE-7w/,Y,#광고 🏋🏻 단백질? 난 프로틴 파스타로 챙겨 ✨
knewnew.official,knewnew.official,2025-10-03,https://www.instagram.com/p/DPVhPu5k5xy/,Y,#광고 🌅 가을 노을 보러 갈래?
knewnew.official,knewnew.official,2025-10-03,https://www.instagram.com/p/DPVaXm2EzyD/,Y,💌딩동 - 당신을 위한 10월 1주차 신상템 알림 🔔
knewnew.official,knewnew.official,2025-10-03,https://www.instagram.com/p/DPVMrNrk6TL/,N,#EVENT 😗 웅. 추울 땐 웅칼 먹어줘야 함. 🐻🍜
knewnew.official,knewnew.official,2025-10-02,https://www.instagram.com/p/DPTTZWBEbfO/,N,도쿄 여행 중 세련된 하루를 보내고 싶을 때
knewnew.official,knewnew.official,2025-10-02,https://www.instagram.com/p/DPS1l_Dk0-l/,Y,📅 이번 주 F&B 팝업 소식 HOT 7
knewnew.official,knewnew.official,2025-10-02,https://www.instagram.com/p/DPSn5ZSk42Q/,N,#EVENT 💌 우리 장충동 골목 데이트 가자
knewnew.official,knewnew.official,2025-10-02,https://www.instagram.com/p/DPSaMF3k7jV/,N,👧🏻: 엄마~ 이번 연휴에 나랑 카페 갈래?
knewnew.official,knewnew.official,2025-10-01,https://www.instagram.com/p/DPQshQBEWpR/,N,벌써 제주도 여행 마지막 날이라고 ? 🥹
knewnew.official,knewnew.official,2025-10-01,https://www.instagram.com/p/DPQlZ1Skwm5/,N,✨ 나영 언니 PICK은 언제나 옳다...♥︎
knewnew.official,knewnew.official,2025-10-01,https://www.instagram.com/p/DPQDFrNE02X/,Y,#광고 #EVENT 🍮 무인양품(MUJI) 품절대란이었던 ‘그 푸딩' 기억하시나요?
knewnew.official,knewnew.official,2025-10-01,https://www.instagram.com/p/DPP1ak7kywH/,N,이젠 성수에서 추석을 즐기는 시대다 🥮
knewnew.official,knewnew.official,2025-09-30,https://www.instagram.com/p/DPON0aCEQRq/,N,🚈 9호선이 이렇게 느좋이었어?
knewnew.official,knewnew.official,2025-09-30,https://www.instagram.com/p/DPNduJdkX_L/,N,😲 넌 어디서 이런 케이크를 찾았니
knewnew.official,knewnew.official,2025-09-30,https://www.instagram.com/p/DPNZLbTEyZ-/,N,🧋 공차 대용량 30% 할인!
knewnew.official,knewnew.official,2025-09-30,https://www.instagram.com/p/DPNQkRSk8HJ/,N,🚗 서울 근교 당일치기하면
knewnew.official,knewnew.official,2025-09-29,https://www.instagram.com/p/DPLiqNPEU-N/,N,가을 여행 고민 중이시라고요 ? 🍁
knewnew.official,knewnew.official,2025-09-29,https://www.instagram.com/p/DPLVQy6EcNq/,N,🥐 젤리캣 한국 공홈 오픈 !
knewnew.official,knewnew.official,2025-09-29,https://www.instagram.com/p/DPLOD_Dkc8J/,Y,#광고 #EVENT 🚄 이거 특급 디저트야.
knewnew.official,knewnew.official,2025-09-29,https://www.instagram.com/p/DPKsVtUk4k8/,N,🎀 행궁동 가는 사람 = 귀여운 사람
knewnew.official,knewnew.official,2025-09-28,https://www.instagram.com/p/DPI97vckZu3/,N,🎓 서울에서 양양 가는 게 이렇게 쉽다고?
knewnew.official,knewnew.official,2025-09-28,https://www.instagram.com/p/DPIpQL4E9ab/,N,#EVENT 🎧 수요일의 아침은 디제잉과 함께.
knewnew.official,knewnew.official,2025-09-28,https://www.instagram.com/p/DPIUrFME0b1/,N,👁️ 에디터가 주목하는 NEW F&B 브랜드들! 🆕
knewnew.official,knewnew.official,2025-09-27,https://www.instagram.com/p/DPGZHLHkVnf/,N,🥓 을지로 배로 즐기는 법
knewnew.official,knewnew.official,2025-09-27,https://www.instagram.com/p/DPFv7B6EycU/,N,"친구야, 이번 주는 압로에서 보자 🗽✨"
knewnew.official,knewnew.official,2025-09-26,https://www.instagram.com/p/DPEGLckE082/,N,🔥 지금 성수 마라맛이다 ❤️‍🔥
knewnew.official,knewnew.official,2025-09-26,https://www.instagram.com/p/DPD7NPkkWP2/,N,"💺 추석 연휴, 다들 기차 탈 준비 되셨나요?"
knewnew.official,knewnew.official,2025-09-26,https://www.instagram.com/p/DPD0V5_kZg1/,Y,"#광고 #풀무원 ⚾ 야구 푸드 1티어, 김말국"
knewnew.official,knewnew.official,2025-09-26,https://www.instagram.com/p/DPDfte1ESiG/,N,💌딩동 - 당신을 위한 9월 5주차 신상템 알림 🔔
knewnew.official,knewnew.official,2025-09-26,https://www.instagram.com/p/DPDEPVXk5c7/,Y,#광고 🧧 추석 선물 고민돼?
knewnew.official,knewnew.official,2025-09-25,https://www.instagram.com/p/DPBdvJME8q4/,N,뉴뉴 (Knewnew)는 밥을 먹는 가장 보통의 순간까지
knewnew.official,knewnew.official,2025-09-25,https://www.instagram.com/p/DPC9b-8kxg1/,N,🌿 성심당 고수 모히또 출시라고요?!
knewnew.official,knewnew.official,2025-09-25,https://www.instagram.com/p/DPBPeGOEaCk/,N,#EVENT 🚶🏻‍♀️ 청계천 옆이니까 먹고 걸으면 돼.
knewnew.official,knewnew.official,2025-09-25,https://www.instagram.com/p/DPBIszmk6VX/,Y,#광고 💛 카카오가 준비한 특별 버스!
knewnew.official,knewnew.official,2025-09-25,https://www.instagram.com/p/DPBB0uYkecw/,N,자나깨나 디저트만 생각하는 사람? 💭
knewnew.official,knewnew.official,2025-09-25,https://www.instagram.com/p/DPA7brMEbs0/,Y,#광고 💆🏻‍ 경주 힐링 코스는
knewnew.official,knewnew.official,2025-09-25,https://www.instagram.com/p/DPAtNR8E107/,N,"🎨 센스와 낭만이 끊이질 않는 곳, 성수"
knewnew.official,knewnew.official,2025-09-25,https://www.instagram.com/p/DPApmneERrT/,N,오뚜기가 ‘톡톡톡 진라면 스틱 2종’을 출시합니다.
knewnew.official,knewnew.official,2025-09-25,https://www.instagram.com/p/DPAfcbOk0Ce/,Y,#광고 #EVENT 🍵 말차 러버 주목 !!!
knewnew.official,knewnew.official,2025-09-25,https://www.instagram.com/p/DPAYlsJk6G2/,N,"🌊 속초하면 해산물, 해산물하면 속초지 ~"
knewnew.official,knewnew.official,2025-09-24,https://www.instagram.com/p/DO-rHl7EV3M/,N,천안 호두과자만 유명한 거 아니에요.. 🥲
knewnew.official,knewnew.official,2025-09-24,https://www.instagram.com/p/DO-j1HmE1bc/,Y,#광고 얼려먹는 식혜 본 적 있어?
knewnew.official,knewnew.official,2025-09-24,https://www.instagram.com/p/DO-dBOGEd4T/,N,#EVENT ‍🧈 뉴뉴가 ‘빵’- 쏜다 👈🏻
knewnew.official,knewnew.official,2025-09-24,https://www.instagram.com/p/DO-WK0rk7ow/,Y,#광고 📢 역대급 콜라보 터졌다! ✨
knewnew.official,knewnew.official,2025-09-24,https://www.instagram.com/p/DO96oKaExLz/,Y,#광고 🍚  밥친구 최강 조합 등장
knewnew.official,knewnew.official,2025-09-24,https://www.instagram.com/p/DO96bqMk88m/,N,"🌭🎀 할리우드 핑크 핫도그, 한국 온다는 소문이 ..!"
knewnew.official,knewnew.official,2025-09-24,https://www.instagram.com/p/DO9zzaAk37K/,N,🧑🏻 : 어머 얘 ~ 이런 걸 다 사 왔어 ~ 돈 쓰지 말래두 ~
knewnew.official,knewnew.official,2025-09-23,https://www.instagram.com/p/DO8GMejkVnL/,N,서산 가면 어디부터 가지 ? 🧐
knewnew.official,knewnew.official,2025-09-23,https://www.instagram.com/p/DO7_CsbE3ds/,Y,"#광고 🌊 남해 여행, 더 이상 헤매지 마"
knewnew.official,knewnew.official,2025-09-23,https://www.instagram.com/p/DO7zq0qEfex/,N,"📅 9월 23일, 오늘은 새해 D-100?"
knewnew.official,knewnew.official,2025-09-23,https://www.instagram.com/p/DO7jpGPk4Q-/,N,📅 이번 주 F&B 팝업 소식 HOT 7
knewnew.official,knewnew.official,2025-09-23,https://www.instagram.com/p/DO7PRmgk2z0/,N,✊🏻 될 테야 될 테야 효녀가 될 테야.
knewnew.official,knewnew.official,2025-09-22,https://www.instagram.com/p/DO5u2YVkSUd/,N,"아니, 대전 카페 왜 이래요 .. 분위기 뭐야 🥹"
knewnew.official,knewnew.official,2025-09-22,https://www.instagram.com/p/DO5Mk6yk-_0/,N,느좋 + 힐링 = 전주 🤍
knewnew.official,knewnew.official,2025-09-22,https://www.instagram.com/p/DO43_tQEx_O/,N,#EVENT 💌 사당동 데이트 할 사람 .. 🫶🏻
knewnew.official,knewnew.official,2025-09-22,https://www.instagram.com/p/DO4xHz_k2w8/,Y,"#광고 🚨 물가 폭탄, 배달비 폭탄?"
knewnew.official,knewnew.official,2025-09-22,https://www.instagram.com/p/DO4qNhSE9Zv/,N,🎇 올해 불꽃축제는 9월 27일 토요일!
knewnew.official,knewnew.official,2025-09-21,https://www.instagram.com/p/DO28W2dkQvr/,N,🗣️ 일본 빈티지 러버들 주목 !
knewnew.official,knewnew.official,2025-09-21,https://www.instagram.com/p/DO2g7tVE9OS/,N,"🤣 용산구, 너 언제까지 유잼일래?"
knewnew.official,knewnew.official,2025-09-21,https://www.instagram.com/p/DO2TLScExBM/,N,👁️ 에디터가 주목하는 NEW F&B 브랜드들! 🆕
knewnew.official,knewnew.official,2025-09-21,https://www.instagram.com/p/DO2MUooE2Tz/,Y,#광고 #EVENT 🙇‍ 빵순이들 주목!
knewnew.official,knewnew.official,2025-09-20,https://www.instagram.com/p/DO0zONek0vQ/,N,🚨고연전이 3:2로 고대의 승리로 끝났다는 소식!
knewnew.official,knewnew.official,2025-09-20,https://www.instagram.com/p/DO0ch8kEf8w/,N,"가을 오기 전, 준비해야 할 것들 📝"
knewnew.official,knewnew.official,2025-09-20,https://www.instagram.com/p/DOzuV0BE-We/,N,👀 대구 동성로왔니? 나만 믿고 따라와.
knewnew.official,knewnew.official,2025-09-19,https://www.instagram.com/p/DOyON5-kfYb/,N,👤 뉴뉴 매거진 광고팀 에디터 채용
knewnew.official,knewnew.official,2025-09-19,https://www.instagram.com/p/DOyAbxPERkP/,N,"🌇 서울의 노을 명소, 노들섬."
knewnew.official,knewnew.official,2025-09-19,https://www.instagram.com/p/DOx5lWXkSun/,Y,#광고 🚨 긴급 속보! (구) 앤트러사이트 근황.
knewnew.official,knewnew.official,2025-09-19,https://www.instagram.com/p/DOxsQVckYWS/,N,💌딩동 - 당신을 위한 9월 4주차 신상템 알림 🔔
knewnew.official,knewnew.official,2025-09-19,https://www.instagram.com/p/DOxeI9Wkbua/,Y,#광고 🍂 가을 대표 메뉴의 귀환!
knewnew.official,knewnew.official,2025-09-19,https://www.instagram.com/p/DOw73eYE5kW/,N,가을이 오면  혼자가 좋더라…🍂🍂
knewnew.official,knewnew.official,2025-09-19,https://www.instagram.com/p/DOw08fzkUG7/,Y,#광고 ✨ 온브릭스가 또 일 냈다!
knewnew.official,knewnew.official,2025-09-18,https://www.instagram.com/p/DOvN70KEVNT/,N,요즘처럼 선선한 날씨엔 🍃
knewnew.official,knewnew.official,2025-09-18,https://www.instagram.com/p/DOu5U4REZ2X/,Y,#광고 ✍️ 굿즈에서 커피향 나요
knewnew.official,knewnew.official,2025-09-18,https://www.instagram.com/p/DOuyhlyEWUX/,N,📅 이번 주 F&B 팝업 소식 HOT 7
knewnew.official,knewnew.official,2025-09-18,https://www.instagram.com/p/DOurnWpka64/,N,"🥘 미식의 계절, 가을에는"
knewnew.official,knewnew.official,2025-09-18,https://www.instagram.com/p/DOud7xCkXXh/,Y,#광고 🤓 올가을 최대 미식 축제 등장!
knewnew.official,knewnew.official,2025-09-18,https://www.instagram.com/p/DOuXwKMk3AW/,N,전주 가면 한옥 마을 밖에 안간다고요 ? 😵
knewnew.official,knewnew.official,2025-09-17,https://www.instagram.com/p/DOspJHgEVFp/,N,🎓 (갓 졸업한) 숙대생 에디터
knewnew.official,knewnew.official,2025-09-17,https://www.instagram.com/p/DOsUnPDk-62/,Y,"#광고 타코 덕후들, 강남으로 모여 📢"
knewnew.official,knewnew.official,2025-09-17,https://www.instagram.com/p/DOsFHsBkfff/,Y,#광고 🚨올리브영x산리오
knewnew.official,knewnew.official,2025-09-17,https://www.instagram.com/p/DOryiBAk7hX/,N,세종 느좋 카페 찾고 있었다고 ? 🎀
knewnew.official,knewnew.official,2025-09-16,https://www.instagram.com/p/DOqEZ_xEe9c/,N,💌 아주 맛있는 곳들만 모은
knewnew.official,knewnew.official,2025-09-16,https://www.instagram.com/p/DOqCfF-kcqh/,N,요아정 말차 시리즈 나왔다 🍵
knewnew.official,knewnew.official,2025-09-16,https://www.instagram.com/p/DOp9keRkUPL/,Y,#광고 #EVENT 💰 밥값 아껴주는 찐친이 등장했다?
knewnew.official,knewnew.official,2025-09-16,https://www.instagram.com/p/DOpo2w1Ebof/,N,🍁 가을이 왔다는 건
knewnew.official,knewnew.official,2025-09-16,https://www.instagram.com/p/DOpbIcSE74M/,N,🐓 건대 뷰 닭집에서 낮술할 사람?
knewnew.official,knewnew.official,2025-09-15,https://www.instagram.com/p/DOnf0HzEVDF/,N,해운대는 바다보러 가는 곳 아니냐고 ?
knewnew.official,knewnew.official,2025-09-15,https://www.instagram.com/p/DOnYv51kbIT/,Y,#광고 🙇‍♀️ 모두 주목!
knewnew.official,knewnew.official,2025-09-15,https://www.instagram.com/p/DOnRzDJk8Lt/,N,[속보] 에디터의 마곡 보석함 공개 🙌🏻
knewnew.official,knewnew.official,2025-09-15,https://www.instagram.com/p/DOnK_ZEkfh7/,Y,#광고 #EVENT 🤔 생리대 고민된다면
knewnew.official,knewnew.official,2025-09-15,https://www.instagram.com/p/DOm2VggE-Ns/,N,#EVENT 🇮🇹 자기야 우리 이탈리아 맛보러 갈까?
knewnew.official,knewnew.official,2025-09-15,https://www.instagram.com/p/DOmveIYk2I2/,Y,#광고 🫢 쓱닷컴 일 냈네…
knewnew.official,knewnew.official,2025-09-15,https://www.instagram.com/p/DOmonRNE2mn/,N,세계 최초의 MoMA 북스토어가 압구정로데오에 ? 📚
knewnew.official,knewnew.official,2025-09-14,https://www.instagram.com/p/DOk6vI9k3Wv/,N,🇯🇵 언제까지 도쿄 가서 사람 많은 시부야만 갈꺼야 !
knewnew.official,knewnew.official,2025-09-14,https://www.instagram.com/p/DOkmJ8-E8GR/,N,#EVENT 🕳️ 성수에 생긴 아이스크림 구멍?
knewnew.official,knewnew.official,2025-09-14,https://www.instagram.com/p/DOkRldyk-2Q/,N,👁️ 에디터가 주목하는 NEW F&B 브랜드들! 🆕
knewnew.official,knewnew.official,2025-09-14,https://www.instagram.com/p/DOkD2Dak9yA/,N,천안 당일치기 온다고 ? 🚘
knewnew.official,knewnew.official,2025-09-13,https://www.instagram.com/p/DOiIPumEXZR/,N,🚅 강릉 여행 가는 사람?
knewnew.official,knewnew.official,2025-09-13,https://www.instagram.com/p/DOiBbc5k3wO/,N,🔔 주간 빵지순례 알림 ON
knewnew.official,knewnew.official,2025-09-13,https://www.instagram.com/p/DOhsvsKk8xs/,N,일상에 지쳤나요? 💤
knewnew.official,knewnew.official,2025-09-12,https://www.instagram.com/p/DOfxMdrEZaC/,N,🎬 혹시 BIFF 보러 부산 가는 길이신가요?
knewnew.official,knewnew.official,2025-09-12,https://www.instagram.com/p/DOfqWzGE_qj/,N,#EVENT 🍨 나랑 와플콘 푸딩 먹으러 갈래?
knewnew.official,knewnew.official,2025-09-12,https://www.instagram.com/p/DOfjaP2kbYA/,N,💌딩동 - 당신을 위한 9월 3주차 신상템 알림 🔔
knewnew.official,knewnew.official,2025-09-12,https://www.instagram.com/p/DOfcmolEQLA/,Y,#광고 🚘 차에서도 핀터 사진 찍을 수 있어
knewnew.official,knewnew.official,2025-09-12,https://www.instagram.com/p/DOVd_0Jk0cw/,N,‘나 커피 좀 안다’ 하는 사람 모여라 ☕️
knewnew.official,knewnew.official,2025-09-12,https://www.instagram.com/p/DOe6NnZk4er/,N,혹시 작업하기 좋은 카페 찾고 계시나요 ? 👩🏻‍💻
knewnew.official,knewnew.official,2025-09-11,https://www.instagram.com/p/DOdLEFrkd-4/,Y,#광고 🍂 가을의 시작을 뜨겁게 달굴
knewnew.official,knewnew.official,2025-09-11,https://www.instagram.com/p/DOc-8PoEa8D/,N,🍞 세상에 없던 빵이 나온다고?
knewnew.official,knewnew.official,2025-09-11,https://www.instagram.com/p/DOcqC5TEcv1/,Y,#광고 막 찍어도 핀터 느낌 가득 💕
knewnew.official,knewnew.official,2025-09-11,https://www.instagram.com/p/DOcVif1E328/,N,🤦🏻 너는 무슨 대전와서 성심당만 간다는 말을
knewnew.official,knewnew.official,2025-09-10,https://www.instagram.com/p/DOcOcyFE-1Y/,N,#EVENT ‍🧈 뉴뉴가 ‘빵’- 쏜다 👈🏻
knewnew.official,knewnew.official,2025-09-10,https://www.instagram.com/p/DOaubISEVca/,N,신촌하면 술집 밖에 없는 거 같다고요? 🍻
knewnew.official,knewnew.official,2025-09-10,https://www.instagram.com/p/DOanpJFE1aD/,N,"💡 애프터파티부터 DJ 파티, 그리고 소모임까지"
knewnew.official,knewnew.official,2025-09-10,https://www.instagram.com/p/DOZ-YIikzHf/,N,"🌸 전국 도감, 이번엔 무화과 편!"
knewnew.official,knewnew.official,2025-09-10,https://www.instagram.com/p/DOZ3f5AkYqO/,Y,#광고 🧱 벽돌 아니고 케이크입니다
knewnew.official,knewnew.official,2025-09-10,https://www.instagram.com/p/DOZwp4JkxAD/,N,💨 점점 선선해지는 날씨.
knewnew.official,knewnew.official,2025-09-09,https://www.instagram.com/p/DOYC1q4kQRS/,N,서문시장 와서 뭘 먹어야 할 지 모르겠다?
knewnew.official,knewnew.official,2025-09-09,https://www.instagram.com/p/DOXuOM3EYj1/,N,#EVENT 🍝 포노 부오노 밀키트로 홈파티 준비 끝.
knewnew.official,knewnew.official,2025-09-09,https://www.instagram.com/p/DOXSuP7E1tH/,Y,#광고 풀무원이 준비한 효도 미식 여행 🍀
knewnew.official,knewnew.official,2025-09-09,https://www.instagram.com/p/DOXL19mE7BO/,N,💭 망원이란 뭘까..?
knewnew.official,knewnew.official,2025-09-08,https://www.instagram.com/p/DOVrs7LE76y/,N,포항 카페 추천해달라고? 💁🏻‍♀️
knewnew.official,knewnew.official,2025-09-08,https://www.instagram.com/p/DOVk37TEURO/,Y,#광고 😋 향수와 빙수가 만나면?
knewnew.official,knewnew.official,2025-09-08,https://www.instagram.com/p/DOVeAD_EcHa/,N,안산에 감도 높은 곳이 이렇게나 많다고요? 😮
knewnew.official,knewnew.official,2025-09-08,https://www.instagram.com/p/DOVSt_UEVNu/,N,🌮 치폴레가 드디어 한국에 상륙합니다.
knewnew.official,knewnew.official,2025-09-08,https://www.instagram.com/p/DOU0xqfky8R/,Y,#광고 🍗 소스 맛집 푸라닭 치킨의 버거 브랜드
knewnew.official,knewnew.official,2025-09-08,https://www.instagram.com/p/DOUgMxLEYHk/,Y,#광고 📱 탭 하나로 일도 연애도 다 되는 시대 💗
knewnew.official,knewnew.official,2025-09-07,https://www.instagram.com/p/DOS5MYck2mG/,N,우리 엄마도 소녀였다 .. ☆
knewnew.official,knewnew.official,2025-09-07,https://www.instagram.com/p/DOSrhnZkXk1/,N,#EVENT 🇺🇸 이게 진짜 캘리포니아 롤?
knewnew.official,knewnew.official,2025-09-07,https://www.instagram.com/p/DOSklGQEWTd/,Y,#광고 💃🏻 강남에 투썸 신상 카페 등장!
knewnew.official,knewnew.official,2025-09-07,https://www.instagram.com/p/DOSQBBtE9wp/,N,👁️ 에디터가 주목하는 NEW F&B 브랜드들! 🆕
knewnew.official,knewnew.official,2025-09-07,https://www.instagram.com/p/DOSCUSDkzhV/,N,🕰️ 레트로 러버를 위한 월간 다방 수집 시리즈
knewnew.official,knewnew.official,2025-09-06,https://www.instagram.com/p/DOQiG5DE6v1/,N,"🌿 선선해지는 날씨, 잠시 쉬고 싶을 때"
knewnew.official,knewnew.official,2025-09-06,https://www.instagram.com/p/DOQH51bkQW_/,Y,#광고 한남동에 달바와 핫걸들이 떴다 🔥
knewnew.official,knewnew.official,2025-09-06,https://www.instagram.com/p/DOP48FhkXkh/,N,#EVENT ‍🧈 뉴뉴가 ‘빵’- 쏜다 👈🏻
knewnew.official,knewnew.official,2025-09-06,https://www.instagram.com/p/DOPrMiok4PR/,N,이번 주 영종도 드라이브 어때 ?? 🚗
knewnew.official,knewnew.official,2025-09-05,https://www.instagram.com/p/DOOHt3wE83Y/,Y,#광고 🚨 충격! 서울에 아르켓 실존
knewnew.official,knewnew.official,2025-09-05,https://www.instagram.com/p/DOOAUDDk8kI/,N,"🚨 우래옥, 오늘부터 다시 오픈 !"
knewnew.official,knewnew.official,2025-09-05,https://www.instagram.com/p/DON9xVmk1Xl/,N,창원 진짜 느낌 있네요.. 😮
knewnew.official,knewnew.official,2025-09-05,https://www.instagram.com/p/DON2hxIk3Pm/,N,😌 다 찾는 법이 있다 친구야.
knewnew.official,knewnew.official,2025-09-05,https://www.instagram.com/p/DONh585EZna/,N,💌딩동 - 당신을 위한 9월 2주차 신상템 알림 🔔
knewnew.official,knewnew.official,2025-09-05,https://www.instagram.com/p/DONbD3PEfc9/,Y,#광고 🏃🏻 피식대학 재형&민수가 샌프란시스코 마라톤까지
knewnew.official,knewnew.official,2025-09-05,https://www.instagram.com/p/DOM-A9RE1GL/,N,귀여움 주의 🚨 리락쿠마 텀블러 캔디 출시 !
knewnew.official,knewnew.official,2025-09-05,https://www.instagram.com/p/DOM4rWaE7Wb/,N,🫶🏻 우리 이번 주 데이트 어디 가지 ?
knewnew.official,knewnew.official,2025-09-04,https://www.instagram.com/p/DOLLpcIEY0k/,N,🌊 개강은 했는데요. 강릉은 가고 싶어요.
knewnew.official,knewnew.official,2025-09-04,https://www.instagram.com/p/DOK9GrJkTqQ/,Y,#제작지원 🥐 콩볼 좋아하는 빵순이 여기 붙어라!
knewnew.official,knewnew.official,2025-09-04,https://www.instagram.com/p/DOK2Q1rEVxm/,Y,"#광고 🍁 올가을, 메가MGC커피가 제대로 준비했다!"
knewnew.official,knewnew.official,2025-09-04,https://www.instagram.com/p/DOKmQtBkV6F/,Y,📅 이번 주 F&B 팝업 소식 HOT 8
knewnew.official,knewnew.official,2025-09-04,https://www.instagram.com/p/DOKawkXkdAj/,Y,#광고 🎙️ 트렌디한 사람이라면
knewnew.official,knewnew.official,2025-09-04,https://www.instagram.com/p/DOKUW4Pk-QD/,N,"👩🏻‍🏫 경희대생, 외대생 잘 들어."
knewnew.official,knewnew.official,2025-09-03,https://www.instagram.com/p/DOIzzzlkRqB/,Y,#광고 🕺🏻 우리 주말에 이태원 무조건 가야겠네.
knewnew.official,knewnew.official,2025-09-03,https://www.instagram.com/p/DOIwV3-kZyU/,N,🕰️ 나는 여수로 빈티지 여행 떠날게.
knewnew.official,knewnew.official,2025-09-03,https://www.instagram.com/p/DOIl_OrkYh7/,N,🪩 n년차 마포구 주민 에디터가
knewnew.official,knewnew.official,2025-09-03,https://www.instagram.com/p/DOIYRGckbxs/,N,🪑 찾았다 내 휴식처.
knewnew.official,knewnew.official,2025-09-03,https://www.instagram.com/p/DOHvG1Lk0kH/,N,"우리 안양, 생각보다 무서운 동네 아닙니다."
knewnew.official,knewnew.official,2025-09-02,https://www.instagram.com/p/DOGdCApEy02/,N,청량리 주민 에디터가 큰 맘 먹고 푸는
knewnew.official,knewnew.official,2025-09-02,https://www.instagram.com/p/DOGV7MVk-v7/,Y,"#광고 #EVENT 🙊 벌써 1,800만 뷰를 돌파한 광고가 있다고? 👀"
knewnew.official,knewnew.official,2025-09-02,https://www.instagram.com/p/DOGBPqeESox/,N,들어는 봤나? 👂🏻 미디움 레어로 구운 치즈케이크 🧀
knewnew.official,knewnew.official,2025-09-02,https://www.instagram.com/p/DOFzjEKkaGq/,N,🤎 나랑 같이 무화과 먹으러 갈 사람?
knewnew.official,knewnew.official,2025-09-02,https://www.instagram.com/p/DOFxUPVkRxr/,N,🏋🏻 다이어트하는 사람 주목 !!
knewnew.official,knewnew.official,2025-09-02,https://www.instagram.com/p/DOFsm1Xk0m1/,Y,#광고 🎸 락스피릿이 이렇게 웃긴 거였다니..
knewnew.official,knewnew.official,2025-09-02,https://www.instagram.com/p/DOFdmAmES3B/,N,연세우유 말차 시리즈 출시라니 🍵🥺
knewnew.official,knewnew.official,2025-09-02,https://www.instagram.com/p/DOFKcdVkx-9/,N,평택 왜이리 느좋이야 .. ♡
knewnew.official,knewnew.official,2025-09-01,https://www.instagram.com/p/DODcbU-kdwZ/,N,🚇 왕십리 환승러들 일단 모여봐요.
knewnew.official,knewnew.official,2025-09-01,https://www.instagram.com/p/DODA3YGEaWY/,N,☝🏻 요즘은 이모지 그냥 안 써.
knewnew.official,knewnew.official,2025-09-01,https://www.instagram.com/p/DOC6Gmok9ez/,Y,#광고 🎭 공연예술 덕후들 모여라!
knewnew.official,knewnew.official,2025-09-01,https://www.instagram.com/p/DOCl1jBk9M8/,N,👩🏻‍🏫 자 메모하세요. ✍🏻
knewnew.official,knewnew.official,2025-08-31,https://www.instagram.com/p/DOA-iGok33E/,N,원주로 감성 범벅행 🪽🪽
knewnew.official,knewnew.official,2025-08-31,https://www.instagram.com/p/DOAjB9gEy_H/,N,#EVENT 🍗 저랑 낮에 치킨 드실 분 ~?
knewnew.official,knewnew.official,2025-08-31,https://www.instagram.com/p/DOAVA2mEfGT/,Y,#광고 🧐 도산에 한남동 맛집이 떴다고?
knewnew.official,knewnew.official,2025-08-31,https://www.instagram.com/p/DOAOc6hE0hO/,N,개강이 코 앞으로 다가왔다...
knewnew.official,knewnew.official,2025-08-30,https://www.instagram.com/p/DN-S5TTESs3/,N,🦜 일식무새 친구 소환.
knewnew.official,knewnew.official,2025-08-30,https://www.instagram.com/p/DN9pp39k8go/,N,😲 넌 어디서 이런 케이크를 찾았니
knewnew.official,knewnew.official,2025-08-30,https://www.instagram.com/p/DN9b4VVE1zT/,N,"이제 날씨도 한결 풀렸으니,"
knewnew.official,knewnew.official,2025-08-30,https://www.instagram.com/p/DN9XlK5E3ia/,Y,#광고 🥑 친구야 오늘 아침 과카몰레 먹으러갈레?
knewnew.official,knewnew.official,2025-08-29,https://www.instagram.com/p/DN8CrF6kWmG/,N,이번 주에 나랑 해방촌 갈래? 🌅
knewnew.official,knewnew.official,2025-08-29,https://www.instagram.com/p/DN8RbPbk_w8/,Y,#광고 🍌 [속보] 강남 한복판에 바나나킥이 걸어다녔다?!
knewnew.official,knewnew.official,2025-08-29,https://www.instagram.com/p/DN705C7E6d5/,N,"🍷 청계천 산책 데이트, 이로써 완성."
knewnew.official,knewnew.official,2025-08-29,https://www.instagram.com/p/DN7uGROk29c/,N,💌 딩동 - 당신을 위한 9월 1주차 신상템 알림 🔔
knewnew.official,knewnew.official,2025-08-29,https://www.instagram.com/p/DN7nJgdkauE/,Y,#광고 🥐 진짜 크으으으으은 대왕 크루아상?!
knewnew.official,knewnew.official,2025-08-29,https://www.instagram.com/p/DN7lfeykdCs/,Y,#제작지원 👖 한남동에 느좋 청바지 카페 등장?
knewnew.official,knewnew.official,2025-08-29,https://www.instagram.com/p/DN6-CTZE92x/,Y,#광고 🍭 성수 무신사 뷰티 페스타에 시나모롤이 떴다!
knewnew.official,knewnew.official,2025-08-29,https://www.instagram.com/p/DN63KU6E_QA/,N,울산이 원래 이렇게 아늑했나요? 🧘🏻‍♀️
knewnew.official,knewnew.official,2025-08-28,https://www.instagram.com/p/DN5c508kwuW/,N,"🥟🖤 너는 태닝키티해, 나는 탄만두 할게."
knewnew.official,knewnew.official,2025-08-28,https://www.instagram.com/p/DN5W85QEeye/,N,"바쁜 삶으로 인해, 💻"
knewnew.official,knewnew.official,2025-08-28,https://www.instagram.com/p/DN5QHSIk5q5/,N,"피스마이너스원 하이볼, 이제 맛집에서 만나 🤝"
knewnew.official,knewnew.official,2025-08-28,https://www.instagram.com/p/DN4275ekdrM/,N,"bhc에서 8월 28일, 새로운 치즈볼 라인업을 공개했습니다.🧀"
knewnew.official,knewnew.official,2025-08-28,https://www.instagram.com/p/DN4uv_2EVHL/,N,🥵 아직도 더운 건 반칙 아니니..
knewnew.official,knewnew.official,2025-08-28,https://www.instagram.com/p/DN4m6cQkz04/,Y,#광고 🛒 놓치면 대손해
knewnew.official,knewnew.official,2025-08-28,https://www.instagram.com/p/DN4gGtjE21T/,N,📅 이번 주 F&B 팝업 소식 HOT 7
knewnew.official,knewnew.official,2025-08-28,https://www.instagram.com/p/DN4TH9kk4ff/,N,💪🏻 지금이 바로 아차산 정기를 받으러 갈때.
knewnew.official,knewnew.official,2025-08-27,https://www.instagram.com/p/DN2yJj_YlO6/,N,👥 도심 속 생활 너무 복잡하지 않나요 👥
knewnew.official,knewnew.official,2025-08-27,https://www.instagram.com/p/DN2CMIn5qlC/,Y,"#광고 #EVENT 🎉 감다살 브랜드, 마르디 메크르디가 준비한 파티 참여할 사람?"
knewnew.official,knewnew.official,2025-08-27,https://www.instagram.com/p/DN17Qmf5qwo/,N,🌱 나랑 망원에 바질 먹으러 갈래 ?
knewnew.official,knewnew.official,2025-08-27,https://www.instagram.com/p/DN1tkJJZj8F/,N,"여기가 한국이야, 일본이야? 👀"
knewnew.official,knewnew.official,2025-08-26,https://www.instagram.com/p/DNzrIQBYtLj/,N,세상에 이렇게 귀여울 수가 😱
knewnew.official,knewnew.official,2025-08-26,https://www.instagram.com/p/DNzpFS3YhuT/,N,빈츠 꿀고구마 맛이요?! 😝
knewnew.official,knewnew.official,2025-08-26,https://www.instagram.com/p/DNzWbDS5sM1/,N,오늘 성수 오는 사람들 여기 모여라 ~ 👨‍👩‍👧‍👦
knewnew.official,knewnew.official,2025-08-26,https://www.instagram.com/p/DNzIsRBZv6P/,N,😮‍💨 왜 아직도 화요일인 건지..
knewnew.official,knewnew.official,2025-08-25,https://www.instagram.com/p/DNxolHIYp6y/,N,???: 용답? 거기 뭐 할 거 있나?
knewnew.official,knewnew.official,2025-08-25,https://www.instagram.com/p/DNxUDQ1Ygi-/,Y,"#광고 😏 민댕이들아, 오빠랑 원주 여행가자~"
knewnew.official,knewnew.official,2025-08-25,https://www.instagram.com/p/DNwxq_t5q0w/,N,#EVENT 🥴 서울숲에서 진하게 달려보자.
knewnew.official,knewnew.official,2025-08-25,https://www.instagram.com/p/DNwpP5EZsyJ/,N,🥺 이제는 진짜로 보내줘야 할 때..
knewnew.official,knewnew.official,2025-08-25,https://www.instagram.com/p/DNwj5MV5sR1/,N,🌾 누가 여주가 쌀만 맛있대.
knewnew.official,knewnew.official,2025-08-24,https://www.instagram.com/p/DNu2Ctl5q-0/,N,🌬️ 늦여름과 가을 사이...
knewnew.official,knewnew.official,2025-08-24,https://www.instagram.com/p/DNuheffZivA/,N,#EVENT 🍷 우리 오늘 여기서 만날래요?
knewnew.official,knewnew.official,2025-08-24,https://www.instagram.com/p/DNuaqGP5jrH/,N,빵순이 집합 🚨 압구정에 ‘크림랜드‘ 떴다!
knewnew.official,knewnew.official,2025-08-24,https://www.instagram.com/p/DNuM7bG5rpW/,N,👁️ 에디터가 주목하는 NEW F&B 브랜드들! 🆕
knewnew.official,knewnew.official,2025-08-24,https://www.instagram.com/p/DNt_KnuRzAH/,N,💬 디저트로 불평 잊는 법 알려줘?
knewnew.official,knewnew.official,2025-08-23,https://www.instagram.com/p/DNse-Nkz_Zs/,N,👕 압구정 쇼핑하러 가는 날
knewnew.official,knewnew.official,2025-08-23,https://www.instagram.com/p/DNsRRYj4ib4/,N,#EVENT 🍖 뼈구이? 격하게 환영합니다.
knewnew.official,knewnew.official,2025-08-23,https://www.instagram.com/p/DNsDhb0x9XV/,N,#EVENT ‍🧈 뉴뉴가 ‘빵’- 쏜다 👈🏻
knewnew.official,knewnew.official,2025-08-23,https://www.instagram.com/p/DNrrP4s5pKM/,N,"🇭🇰 빈티지를 사랑하는 여러분,,"
knewnew.official,knewnew.official,2025-08-22,https://www.instagram.com/p/DNqH-6YTwkz/,N,익산에 고구마만 있는 거 아니냐고요? 🍠
knewnew.official,knewnew.official,2025-08-22,https://www.instagram.com/p/DNpxRqpR_xL/,N,"당장 짐 챙겨, 대전으로 가. 🎒"
knewnew.official,knewnew.official,2025-08-22,https://www.instagram.com/p/DNpex_NTzPm/,N,🤦🏻 난 어쩔 수 없는 디저트 금사빠인가 봐.. 🧁
knewnew.official,knewnew.official,2025-08-22,https://www.instagram.com/p/DNpX7iRRJL7/,Y,#광고 💭 보기 좋은 게 먹기도 좋거든요
knewnew.official,knewnew.official,2025-08-22,https://www.instagram.com/p/DNpQ-4pT6ws/,N,💌 딩동 - 당신을 위한 8월 4주차 신상템 알림 🔔
knewnew.official,knewnew.official,2025-08-21,https://www.instagram.com/p/DNm574DTxxG/,N,"🌹 구미 데이트, 구미가 당기는데 😋"
knewnew.official,knewnew.official,2025-08-21,https://www.instagram.com/p/DNmzFHnTYtK/,Y,#광고 #EVENT 🐹 김햄찌가 샐러디로 출근했다?!
knewnew.official,knewnew.official,2025-08-21,https://www.instagram.com/p/DNmsQcETQ0H/,N,📅 이번 주 F&B 팝업 소식 HOT 8
knewnew.official,knewnew.official,2025-08-21,https://www.instagram.com/p/DNmeffRzEI9/,N,"👋🏻 인사해, 여긴 내 밥친구야"
knewnew.official,knewnew.official,2025-08-21,https://www.instagram.com/p/DNmXwUUTM4z/,N,📢 가나디 .. 볼터치하고 재등장.
knewnew.official,knewnew.official,2025-08-21,https://www.instagram.com/p/DNmQynJzxCg/,N,🪺노원구 참새라면 여기 주목!
knewnew.official,knewnew.official,2025-08-20,https://www.instagram.com/p/DNki8axR5HD/,N,"🌇 해방촌,, 다시 가야할 때가 왔다 !!"
knewnew.official,knewnew.official,2025-08-20,https://www.instagram.com/p/DNkcAZeRee1/,Y,#광고 🥤 대혜자 펩제라 이벤트가 다시 돌아왔다고?
knewnew.official,knewnew.official,2025-08-20,https://www.instagram.com/p/DNjw9n4TAhi/,N,📢 케데헌 X 농심 콜라보 떴다...
knewnew.official,knewnew.official,2025-08-20,https://www.instagram.com/p/DNjr7yuTAXc/,N,🥺 혹시 아직 휴가 안 갔다 오신 분?
knewnew.official,knewnew.official,2025-08-19,https://www.instagram.com/p/DNhpedIRoMp/,N,🍂 가을이 왔는데 그냥 있을 순 없지.
knewnew.style,knewnew.official,2025-08-19,https://www.instagram.com/p/DNhpedIRoMp/,N,🍂 가을이 왔는데 그냥 있을 순 없지.
knewnew.official,knewnew.official,2025-08-19,https://www.instagram.com/p/DNhKE1VzsVp/,N,🍔 맥도날드 글로벌이 새로운 해피밀 티저를 공개했습니다.
knewnew.official,knewnew.official,2025-08-19,https://www.instagram.com/p/DNhHL_NTFgy/,N,🙌🏻 동탄에 이런 곳이 있었어?
knewnew.official,knewnew.official,2025-08-18,https://www.instagram.com/p/DNf7pB4z4QI/,N,🥸 ‘에디터 N달 일하고 이룬 것’ 막차 탑승합니다.
knewnew.official,knewnew.official,2025-08-18,https://www.instagram.com/p/DNf0y1rJZqv/,Y,#광고 🥩 던킨이 고기 맛집이 됐다고..?
knewnew.official,knewnew.official,2025-08-18,https://www.instagram.com/p/DNfZRNHxIK5/,N,"🌞 여름 부산 여행은 말해 뭐해, 그냥 국룰."
knewnew.official,knewnew.official,2025-08-18,https://www.instagram.com/p/DNfFrzZRm6F/,N,🍕 다들 파파존스 크루아상 크러스트
knewnew.official,knewnew.official,2025-08-18,https://www.instagram.com/p/DNevkzvJJ53/,N,"#EVENT 🚶🏻 서울숲 코스, 나는 <뉴뉴보고옴> !"
